,,0,1,2,3,4,5
100,0,12.139880204672489,0.4642529693387604,0.08986882153233523,0.08026350665341073,-0.2302881152095215,0.9285714285714286
100,1,23.42397083645353,0.14346846254050863,0.13443324510211388,0.12834391930377934,-0.13955199686756875,0.8571428571428572
100,2,21.352908111367157,0.1860785625067393,0.17092294795084376,0.2562221202380637,-0.11158749703408587,0.8928571428571429
100,3,34.557679082567155,0.1750247712956201,0.14764822474901962,0.16000401207364806,-0.10023078456128193,0.9642857142857143
100,4,6.89547359279457,1.7479744157550732e-06,7.032574604342542e-07,8.501108496539964e-07,-0.4520485907916652,0.75
100,5,27.01450147812367,0.2611379927981297,0.2863344258054149,0.11067032906433803,-0.11703213118312232,0.9642857142857143
100,6,13.980859723877195,0.057527793437949726,0.04230154090960265,0.028590093632024093,-0.1458570876042308,0.9285714285714286
100,7,7.1984717302929715,0.006255163028210732,0.0008271789747487388,0.003894525295386114,-0.4357782540663253,0.8928571428571429
100,8,35.28365646769806,0.831944669174273,0.5313620058161435,0.26325245013506615,-0.088728192891112,1.0
100,9,7.460328942014682,0.03153629906315223,0.08692445568141703,0.07408639159823,-0.3283689153605986,0.8928571428571429
100,10,13.463641503081654,0.09630260796630884,0.05903404019349237,0.05809645752422876,-0.16442048952747532,0.9285714285714286
100,11,6.938829864442322,0.000602315482322179,0.0004474723547125467,0.0005038749729737056,-0.44439119690132833,0.8928571428571429
100,12,10.502153518921652,0.035153530540988125,0.057428573290989014,0.050850995218045585,-0.3094332034478094,0.9285714285714286
100,13,48.64402936367165,0.6637741567041063,0.2221688569379749,0.40754090157315875,-0.080153450611659,1.0
100,14,27.826599017614544,0.15692889729440787,0.06637983762504888,0.0775899121518126,-0.28686772108234576,0.8928571428571429
100,15,10.09249321773474,0.05663983546303498,0.015158142231997955,0.009740027550443743,-0.40393912844622,0.8928571428571429
100,16,22.507029849727104,0.0931658407943866,0.10736311881376895,0.14738900260036492,-0.1557755619486943,0.8928571428571429
100,17,9.196366824237646,0.10710319901727818,0.04540530254438972,0.08068278753502768,-0.30573232324872124,0.8928571428571429
100,18,8.70351829163949,0.02365091665117181,0.01339608913608415,0.014859076825948265,-0.37230833612509395,0.9285714285714286
100,19,16.939518231698965,0.21247447674047545,0.15596129129669775,0.08945588458918038,-0.11803345806960348,0.9642857142857143
100,20,12.251551551558556,0.07173106905505947,0.018694702184745168,0.011784111849447887,-0.3122452985579672,0.7857142857142857
100,21,20.202329831819902,0.4552109929527575,0.27776397449965173,0.14928974198211753,-0.09589413920246043,0.9285714285714286
100,22,8.064473560762305,0.037788047009312785,0.09333463910768229,0.08175989332180084,-0.38190580473839003,0.8214285714285714
100,23,6.854936619162777,0.0007396861107776534,0.0005215420132011869,0.0004267436152449563,-0.44831213326509894,0.7857142857142857
100,24,34.095627068045445,0.24898861125666713,0.19379809871148415,0.27724679827515974,-0.10673956850248408,1.0
100,25,7.320314995396086,0.2067220288516472,0.12911577123740187,0.17771890843474802,-0.31940200482793174,0.8214285714285714
100,26,8.997119426003213,0.059600570939545336,0.02496490284425582,0.010676531106383065,-0.36310566554020113,0.9642857142857143
100,27,7.264753230173082,0.004244628069122689,0.0013422519484705808,0.0032811395020505263,-0.42278559400108734,0.9642857142857143
100,28,47.888678076567295,0.41630488788877196,0.3130168904092626,0.4294783368175221,-0.08506349636632453,1.0
100,29,7.389626711009494,0.37128593931854603,0.06983901179379852,0.09043373246055841,-0.3246094307451907,0.8928571428571429
100,30,6.993075506119524,0.011493718929974512,0.006196107546171421,0.007507632754878922,-0.4405081341021828,0.9285714285714286
100,31,62.229717215978944,0.48792994794736066,0.48861689728280766,0.38821996025899064,-0.09419744679908677,1.0
100,32,14.227209776083344,0.20334340431769435,0.16362760292197284,0.1704457464701237,-0.33894851450976443,0.75
100,33,16.90797111553834,0.2722430431829029,0.1641635332149191,0.05665982089880488,-0.13723525748630933,0.8928571428571429
100,34,25.86659637394476,0.31835164840762953,0.17554123938390306,0.2277209779740435,-0.09763601197405165,0.9642857142857143
100,35,34.553785246544265,0.024219322897429778,0.12228697611789753,0.06172231176589784,-0.13472560901252242,1.0
200,0,12.139880204672489,0.4642529693387604,0.08986882153233523,0.08026350665341073,-0.2302881152095215,0.9285714285714286
200,1,23.42397083645353,0.14346846254050863,0.13443324510211388,0.12834391930377934,-0.13955199686756875,0.8571428571428572
200,2,21.352908111367157,0.1860785625067393,0.17092294795084376,0.2562221202380637,-0.11158749703408587,0.8928571428571429
200,3,27.01450147812367,0.2611379927981297,0.2863344258054149,0.11067032906433803,-0.11703213118312232,0.9642857142857143
200,4,7.1984717302929715,0.006255163028210732,0.0008271789747487388,0.003894525295386114,-0.4357782540663253,0.8928571428571429
200,5,35.28365646769806,0.831944669174273,0.5313620058161435,0.26325245013506615,-0.088728192891112,1.0
200,6,10.502153518921652,0.035153530540988125,0.057428573290989014,0.050850995218045585,-0.3094332034478094,0.9285714285714286
200,7,48.64402936367165,0.6637741567041063,0.2221688569379749,0.40754090157315875,-0.080153450611659,1.0
200,8,27.826599017614544,0.15692889729440787,0.06637983762504888,0.0775899121518126,-0.28686772108234576,0.8928571428571429
200,9,10.09249321773474,0.05663983546303498,0.015158142231997955,0.009740027550443743,-0.40393912844622,0.8928571428571429
200,10,8.70351829163949,0.02365091665117181,0.01339608913608415,0.014859076825948265,-0.37230833612509395,0.9285714285714286
200,11,8.064473560762305,0.037788047009312785,0.09333463910768229,0.08175989332180084,-0.38190580473839003,0.8214285714285714
200,12,7.320314995396086,0.2067220288516472,0.12911577123740187,0.17771890843474802,-0.31940200482793174,0.8214285714285714
200,13,8.997119426003213,0.059600570939545336,0.02496490284425582,0.010676531106383065,-0.36310566554020113,0.9642857142857143
200,14,7.264753230173082,0.004244628069122689,0.0013422519484705808,0.0032811395020505263,-0.42278559400108734,0.9642857142857143
200,15,47.888678076567295,0.41630488788877196,0.3130168904092626,0.4294783368175221,-0.08506349636632453,1.0
200,16,7.389626711009494,0.37128593931854603,0.06983901179379852,0.09043373246055841,-0.3246094307451907,0.8928571428571429
200,17,6.993075506119524,0.011493718929974512,0.006196107546171421,0.007507632754878922,-0.4405081341021828,0.9285714285714286
200,18,14.227209776083344,0.20334340431769435,0.16362760292197284,0.1704457464701237,-0.33894851450976443,0.75
200,19,16.90797111553834,0.2722430431829029,0.1641635332149191,0.05665982089880488,-0.13723525748630933,0.8928571428571429
200,20,34.553785246544265,0.024219322897429778,0.12228697611789753,0.06172231176589784,-0.13472560901252242,1.0
200,21,62.27819242400837,0.48656878735611375,0.4862716094254658,0.3873806913884967,-0.09619213394984052,1.0
200,22,51.26051892164952,0.590397305923346,0.28063418929762707,0.5909816751365103,-0.08866019476503809,1.0
200,23,23.638312452643124,0.3420786429510633,0.3424642906133291,0.32050379384916067,-0.10303689806737752,0.9642857142857143
200,24,41.15859623144747,0.4149111044917678,0.18438316985940045,0.3047056425993611,-0.10759100743290301,0.9642857142857143
200,25,26.143315980881884,0.09445067972843012,0.10146375798485077,0.119000681134871,-0.2237319900055315,0.9285714285714286
200,26,15.82093424017745,0.20818954114302868,0.19149560230045842,0.09676041319218662,-0.18783071863974216,0.8928571428571429
200,27,33.74869175032818,0.22561430946007427,0.3148949458782434,0.40494202682768354,-0.08739226803445904,1.0
200,28,14.303664090295154,0.22584420855642445,0.11727975075388701,0.05205424435968715,-0.1906228951522348,0.8928571428571429
200,29,21.576355241131782,0.3698696446413883,0.2529973418420977,0.17559385033254604,-0.10042810214774078,0.9285714285714286
200,30,48.92080481965486,0.3299701542039022,0.22444704488574224,0.06238581036453795,-0.12218238914728784,0.9642857142857143
200,31,6.888006709944473,0.0032373483337561656,0.001402653689503593,0.0019939159727258185,-0.44570855643242147,0.8571428571428572
200,32,6.892651015421198,8.270299898762432e-05,0.0013964303589843081,0.0010522548716401378,-0.45115455527545933,0.7857142857142857
200,33,18.47264470581436,0.09397750104826204,0.1338720183365202,0.08066207371882908,-0.12740549426905404,0.9642857142857143
200,34,16.80236685181349,0.10917232546245399,0.08667916824449516,0.06281286418029652,-0.32910531958204137,0.8928571428571429
200,35,26.329797361440477,0.25437146684089534,0.28778773178082084,0.10372453156879437,-0.11892890141358566,0.9642857142857143
200,36,21.548645798749426,0.12669207579183756,0.013784725102104425,0.07459998896436623,-0.3523306455073305,0.8928571428571429
200,37,50.962367582933794,0.4163590728422546,0.3130712276750841,0.42893173364364295,-0.08197366269176737,1.0
200,38,22.04271906364249,0.12886334068698477,0.09611379159725067,0.10210335291882781,-0.1578645000950509,0.8571428571428572
200,39,8.4940679763853,0.026369721529589527,0.012595364531680598,0.016379958445668176,-0.4130266688019139,0.75
200,40,8.228082797673807,0.022467821189445986,0.012732643983327945,0.013654832574643365,-0.3761872187584686,0.9642857142857143
200,41,6.895480952205499,1.3556245448076857e-05,6.065596330304949e-06,4.337034230285397e-06,-0.45202126303973034,0.75
300,0,12.139880204672489,0.4642529693387604,0.08986882153233523,0.08026350665341073,-0.2302881152095215,0.9285714285714286
300,1,21.352908111367157,0.1860785625067393,0.17092294795084376,0.2562221202380637,-0.11158749703408587,0.8928571428571429
300,2,27.01450147812367,0.2611379927981297,0.2863344258054149,0.11067032906433803,-0.11703213118312232,0.9642857142857143
300,3,10.502153518921652,0.035153530540988125,0.057428573290989014,0.050850995218045585,-0.3094332034478094,0.9285714285714286
300,4,27.826599017614544,0.15692889729440787,0.06637983762504888,0.0775899121518126,-0.28686772108234576,0.8928571428571429
300,5,10.09249321773474,0.05663983546303498,0.015158142231997955,0.009740027550443743,-0.40393912844622,0.8928571428571429
300,6,8.064473560762305,0.037788047009312785,0.09333463910768229,0.08175989332180084,-0.38190580473839003,0.8214285714285714
300,7,7.320314995396086,0.2067220288516472,0.12911577123740187,0.17771890843474802,-0.31940200482793174,0.8214285714285714
300,8,8.997119426003213,0.059600570939545336,0.02496490284425582,0.010676531106383065,-0.36310566554020113,0.9642857142857143
300,9,7.264753230173082,0.004244628069122689,0.0013422519484705808,0.0032811395020505263,-0.42278559400108734,0.9642857142857143
300,10,7.389626711009494,0.37128593931854603,0.06983901179379852,0.09043373246055841,-0.3246094307451907,0.8928571428571429
300,11,14.227209776083344,0.20334340431769435,0.16362760292197284,0.1704457464701237,-0.33894851450976443,0.75
300,12,16.90797111553834,0.2722430431829029,0.1641635332149191,0.05665982089880488,-0.13723525748630933,0.8928571428571429
300,13,34.553785246544265,0.024219322897429778,0.12228697611789753,0.06172231176589784,-0.13472560901252242,1.0
300,14,51.26051892164952,0.590397305923346,0.28063418929762707,0.5909816751365103,-0.08866019476503809,1.0
300,15,23.638312452643124,0.3420786429510633,0.3424642906133291,0.32050379384916067,-0.10303689806737752,0.9642857142857143
300,16,41.15859623144747,0.4149111044917678,0.18438316985940045,0.3047056425993611,-0.10759100743290301,0.9642857142857143
300,17,26.143315980881884,0.09445067972843012,0.10146375798485077,0.119000681134871,-0.2237319900055315,0.9285714285714286
300,18,15.82093424017745,0.20818954114302868,0.19149560230045842,0.09676041319218662,-0.18783071863974216,0.8928571428571429
300,19,14.303664090295154,0.22584420855642445,0.11727975075388701,0.05205424435968715,-0.1906228951522348,0.8928571428571429
300,20,48.92080481965486,0.3299701542039022,0.22444704488574224,0.06238581036453795,-0.12218238914728784,0.9642857142857143
300,21,6.892651015421198,8.270299898762432e-05,0.0013964303589843081,0.0010522548716401378,-0.45115455527545933,0.7857142857142857
300,22,16.80236685181349,0.10917232546245399,0.08667916824449516,0.06281286418029652,-0.32910531958204137,0.8928571428571429
300,23,21.548645798749426,0.12669207579183756,0.013784725102104425,0.07459998896436623,-0.3523306455073305,0.8928571428571429
300,24,8.4940679763853,0.026369721529589527,0.012595364531680598,0.016379958445668176,-0.4130266688019139,0.75
300,25,6.895480952205499,1.3556245448076857e-05,6.065596330304949e-06,4.337034230285397e-06,-0.45202126303973034,0.75
300,26,54.57445507609212,0.9051691900688438,0.6672382304507348,0.4606231231221685,-0.0906661632575277,1.0
300,27,50.57542413158055,0.6259012699190789,0.16740542735662292,0.5797587421019549,-0.08257836760974867,1.0
300,28,63.651831911950175,0.6835174075225289,0.5653709786820752,0.4868798589013773,-0.0920402137959756,1.0
300,29,60.26698492115721,0.4805669649994601,0.462715668778845,0.3917740311898529,-0.10149947313148464,1.0
300,30,62.68383925393021,0.5269844488426801,0.5241247070042302,0.4258046718249005,-0.09776993272870571,1.0
300,31,12.64237883697437,0.5727543299068989,0.12645661429459357,0.08519745665228765,-0.2567647723467374,0.8928571428571429
300,32,25.008056954716807,0.1939079212618803,0.14387592430885368,0.16098026785846165,-0.13333644914990955,0.9642857142857143
300,33,26.94397717372507,0.31779018472469733,0.322943817739582,0.18051228920355814,-0.12199462003001768,1.0
300,34,20.137903657366827,0.24477499742197475,0.16294732497063397,0.25417804244702163,-0.1137506289806957,0.9642857142857143
300,35,30.246601348032268,0.2735596576215747,0.30896125505515304,0.18991839239803315,-0.1258125468348739,0.9285714285714286
300,36,11.269882843597767,0.05071333142746703,0.004023276654238515,0.013546011011195116,-0.35156074417614314,0.9285714285714286
300,37,10.369854371668909,0.039103469583275915,0.008018782473407192,0.07464330016472794,-0.39073252744947723,0.8571428571428572
300,38,22.712835959402238,0.1032624216531286,0.10831841368441952,0.14971164151055716,-0.15195856729172133,0.9285714285714286
300,39,12.636094876139529,0.10035025341091117,0.0459364703325771,0.04329322228157149,-0.27098087673953974,0.9285714285714286
300,40,28.164563582750187,0.2760593927969782,0.3138626721357678,0.08517449635351675,-0.12746070855830866,0.9285714285714286
300,41,21.77813790982858,0.09318187177124858,0.10735921731878956,0.17309161561587855,-0.17837138753732631,0.8214285714285714
300,42,22.12852807758294,0.13642681356193156,0.12618471236536785,0.12378670473452477,-0.1647834782753864,0.9285714285714286
300,43,7.294592411518178,0.3011837191093857,0.06783633006567263,0.08780507524504948,-0.33604870769813755,0.8214285714285714
300,44,20.332694440823378,0.23131514707578843,0.1278053206164082,0.06857386529333094,-0.16309873750673742,0.9642857142857143
300,45,9.066342666513531,0.11264825654913613,0.07741072346932748,0.07042239667041239,-0.34818704932591604,0.9285714285714286
300,46,25.96129308028168,0.10936069874299455,0.1375047431859808,0.11565823642284147,-0.2591701162767824,0.8928571428571429
300,47,11.953172156243435,0.06641080400268336,0.013713790247965381,0.0038609106224530942,-0.38325869095364895,0.75
300,48,7.693594378835316,0.03558591886070836,0.08650371435509668,0.1110887130702275,-0.3907255452774462,0.9642857142857143
300,49,7.431415597698021,0.15081123013109163,0.08839134912985004,0.0902518652680408,-0.33743332950795113,0.9285714285714286
300,50,8.6415988069827,0.06883746207263887,0.024971420018402017,0.01352774980446383,-0.3729802681297103,0.9285714285714286
300,51,9.194364548956994,0.029590384112479638,0.014135887807930668,0.015597520104143578,-0.40560134837362233,0.9642857142857143
300,52,7.041015867642048,0.006072086988759473,0.0016085021118616416,0.00152282659459725,-0.44154768413494844,0.8571428571428572
300,53,6.988859563386274,0.002860125651919705,0.0014898630534035519,0.001744732347347158,-0.44632424135744314,0.9285714285714286
400,0,12.139880204672489,0.4642529693387604,0.08986882153233523,0.08026350665341073,-0.2302881152095215,0.9285714285714286
400,1,21.352908111367157,0.1860785625067393,0.17092294795084376,0.2562221202380637,-0.11158749703408587,0.8928571428571429
400,2,27.01450147812367,0.2611379927981297,0.2863344258054149,0.11067032906433803,-0.11703213118312232,0.9642857142857143
400,3,10.502153518921652,0.035153530540988125,0.057428573290989014,0.050850995218045585,-0.3094332034478094,0.9285714285714286
400,4,27.826599017614544,0.15692889729440787,0.06637983762504888,0.0775899121518126,-0.28686772108234576,0.8928571428571429
400,5,10.09249321773474,0.05663983546303498,0.015158142231997955,0.009740027550443743,-0.40393912844622,0.8928571428571429
400,6,8.064473560762305,0.037788047009312785,0.09333463910768229,0.08175989332180084,-0.38190580473839003,0.8214285714285714
400,7,7.320314995396086,0.2067220288516472,0.12911577123740187,0.17771890843474802,-0.31940200482793174,0.8214285714285714
400,8,8.997119426003213,0.059600570939545336,0.02496490284425582,0.010676531106383065,-0.36310566554020113,0.9642857142857143
400,9,7.264753230173082,0.004244628069122689,0.0013422519484705808,0.0032811395020505263,-0.42278559400108734,0.9642857142857143
400,10,7.389626711009494,0.37128593931854603,0.06983901179379852,0.09043373246055841,-0.3246094307451907,0.8928571428571429
400,11,14.227209776083344,0.20334340431769435,0.16362760292197284,0.1704457464701237,-0.33894851450976443,0.75
400,12,16.90797111553834,0.2722430431829029,0.1641635332149191,0.05665982089880488,-0.13723525748630933,0.8928571428571429
400,13,34.553785246544265,0.024219322897429778,0.12228697611789753,0.06172231176589784,-0.13472560901252242,1.0
400,14,51.26051892164952,0.590397305923346,0.28063418929762707,0.5909816751365103,-0.08866019476503809,1.0
400,15,23.638312452643124,0.3420786429510633,0.3424642906133291,0.32050379384916067,-0.10303689806737752,0.9642857142857143
400,16,41.15859623144747,0.4149111044917678,0.18438316985940045,0.3047056425993611,-0.10759100743290301,0.9642857142857143
400,17,26.143315980881884,0.09445067972843012,0.10146375798485077,0.119000681134871,-0.2237319900055315,0.9285714285714286
400,18,15.82093424017745,0.20818954114302868,0.19149560230045842,0.09676041319218662,-0.18783071863974216,0.8928571428571429
400,19,14.303664090295154,0.22584420855642445,0.11727975075388701,0.05205424435968715,-0.1906228951522348,0.8928571428571429
400,20,48.92080481965486,0.3299701542039022,0.22444704488574224,0.06238581036453795,-0.12218238914728784,0.9642857142857143
400,21,6.892651015421198,8.270299898762432e-05,0.0013964303589843081,0.0010522548716401378,-0.45115455527545933,0.7857142857142857
400,22,16.80236685181349,0.10917232546245399,0.08667916824449516,0.06281286418029652,-0.32910531958204137,0.8928571428571429
400,23,21.548645798749426,0.12669207579183756,0.013784725102104425,0.07459998896436623,-0.3523306455073305,0.8928571428571429
400,24,8.4940679763853,0.026369721529589527,0.012595364531680598,0.016379958445668176,-0.4130266688019139,0.75
400,25,6.895480952205499,1.3556245448076857e-05,6.065596330304949e-06,4.337034230285397e-06,-0.45202126303973034,0.75
400,26,54.57445507609212,0.9051691900688438,0.6672382304507348,0.4606231231221685,-0.0906661632575277,1.0
400,27,50.57542413158055,0.6259012699190789,0.16740542735662292,0.5797587421019549,-0.08257836760974867,1.0
400,28,63.651831911950175,0.6835174075225289,0.5653709786820752,0.4868798589013773,-0.0920402137959756,1.0
400,29,60.26698492115721,0.4805669649994601,0.462715668778845,0.3917740311898529,-0.10149947313148464,1.0
400,30,62.68383925393021,0.5269844488426801,0.5241247070042302,0.4258046718249005,-0.09776993272870571,1.0
400,31,12.64237883697437,0.5727543299068989,0.12645661429459357,0.08519745665228765,-0.2567647723467374,0.8928571428571429
400,32,25.008056954716807,0.1939079212618803,0.14387592430885368,0.16098026785846165,-0.13333644914990955,0.9642857142857143
400,33,26.94397717372507,0.31779018472469733,0.322943817739582,0.18051228920355814,-0.12199462003001768,1.0
400,34,20.137903657366827,0.24477499742197475,0.16294732497063397,0.25417804244702163,-0.1137506289806957,0.9642857142857143
400,35,10.369854371668909,0.039103469583275915,0.008018782473407192,0.07464330016472794,-0.39073252744947723,0.8571428571428572
400,36,22.712835959402238,0.1032624216531286,0.10831841368441952,0.14971164151055716,-0.15195856729172133,0.9285714285714286
400,37,28.164563582750187,0.2760593927969782,0.3138626721357678,0.08517449635351675,-0.12746070855830866,0.9285714285714286
400,38,21.77813790982858,0.09318187177124858,0.10735921731878956,0.17309161561587855,-0.17837138753732631,0.8214285714285714
400,39,22.12852807758294,0.13642681356193156,0.12618471236536785,0.12378670473452477,-0.1647834782753864,0.9285714285714286
400,40,7.294592411518178,0.3011837191093857,0.06783633006567263,0.08780507524504948,-0.33604870769813755,0.8214285714285714
400,41,20.332694440823378,0.23131514707578843,0.1278053206164082,0.06857386529333094,-0.16309873750673742,0.9642857142857143
400,42,9.066342666513531,0.11264825654913613,0.07741072346932748,0.07042239667041239,-0.34818704932591604,0.9285714285714286
400,43,25.96129308028168,0.10936069874299455,0.1375047431859808,0.11565823642284147,-0.2591701162767824,0.8928571428571429
400,44,11.953172156243435,0.06641080400268336,0.013713790247965381,0.0038609106224530942,-0.38325869095364895,0.75
400,45,7.693594378835316,0.03558591886070836,0.08650371435509668,0.1110887130702275,-0.3907255452774462,0.9642857142857143
400,46,7.431415597698021,0.15081123013109163,0.08839134912985004,0.0902518652680408,-0.33743332950795113,0.9285714285714286
400,47,8.6415988069827,0.06883746207263887,0.024971420018402017,0.01352774980446383,-0.3729802681297103,0.9285714285714286
400,48,9.194364548956994,0.029590384112479638,0.014135887807930668,0.015597520104143578,-0.40560134837362233,0.9642857142857143
400,49,7.041015867642048,0.006072086988759473,0.0016085021118616416,0.00152282659459725,-0.44154768413494844,0.8571428571428572
400,50,6.988859563386274,0.002860125651919705,0.0014898630534035519,0.001744732347347158,-0.44632424135744314,0.9285714285714286
400,51,56.079800133714755,0.9184887144914197,0.6494484392272208,0.5139469107593331,-0.0897130345610951,1.0
400,52,26.186412175967053,0.3264835147267468,0.36626778401861493,0.14196889106964242,-0.10217080865917563,0.9285714285714286
400,53,58.06621046451,0.7027215944476704,0.34705477180015293,0.256012753444778,-0.09166114754823645,1.0
400,54,43.81495890269174,0.6259731327888397,0.35622808778658677,0.5773179730767511,-0.08987543234011136,1.0
400,55,58.14610036634196,0.6012060689155074,0.47630350570129615,0.41174930708678725,-0.09528414764250868,1.0
400,56,13.171006002093435,0.4840883079376966,0.12779420790310084,0.09145160389040777,-0.21625790322752328,0.7857142857142857
400,57,13.989996739955558,0.4852147952195691,0.1289154245178147,0.3743305169658343,-0.19299692116491168,0.8571428571428572
400,58,33.82825344249451,0.05094803159429252,0.14902494614604536,0.06775788662342733,-0.12760060879336205,1.0
400,59,8.001328785701615,0.4027588262068967,0.2365758223603268,0.33753821164061026,-0.28422236003770884,0.9642857142857143
400,60,26.98075481324168,0.3784933256372683,0.1493464716221321,0.21378526905202364,-0.11254767711230117,0.9285714285714286
400,61,23.53448319219662,0.14825298598996012,0.1306932831622068,0.07300205975538612,-0.16395181429106062,0.9642857142857143
400,62,6.9546714295981005,0.0006217503142237464,0.0005755363339602843,6.381400529923407e-05,-0.4481178055422031,0.8214285714285714
400,63,10.961545125812423,0.47550871129107414,0.09634540073488972,0.09240709931681251,-0.2596745264197427,0.8214285714285714
400,64,20.977159086329927,0.641190165019769,0.2045443675962864,0.05958733118829773,-0.1001504644900875,1.0
400,65,21.274117836467454,0.10118517560061807,0.02400901864693077,0.10171778517404644,-0.24526294196381007,0.9285714285714286
400,66,7.439303824156268,0.16661171753029952,0.13793231701163733,0.1916924131705882,-0.2933791480179043,0.9642857142857143
400,67,22.66390608548483,0.11447905996155608,0.06591222532189667,0.026149881772191838,-0.35745506532916704,0.9285714285714286
400,68,7.410540011400319,0.21297054968802054,0.13129444082765848,0.18054779854095263,-0.2966126930169748,0.8928571428571429
400,69,14.89152476351666,0.20366962236971262,0.03931287991349623,0.11543471263842629,-0.30827953415392684,0.8571428571428572
400,70,9.470422057088266,0.4832455999642574,0.07587127676268171,0.08792534931049426,-0.2909521478724978,0.9285714285714286
400,71,20.354166830244253,0.1364030077309635,0.11200848263510974,0.08131208416176282,-0.29153926817803444,1.0
400,72,30.24801139605672,0.2728459121978419,0.3081608465426742,0.18992130338330798,-0.12589028151446113,0.9285714285714286
500,0,12.139880204672489,0.4642529693387604,0.08986882153233523,0.08026350665341073,-0.2302881152095215,0.9285714285714286
500,1,10.502153518921652,0.035153530540988125,0.057428573290989014,0.050850995218045585,-0.3094332034478094,0.9285714285714286
500,2,27.826599017614544,0.15692889729440787,0.06637983762504888,0.0775899121518126,-0.28686772108234576,0.8928571428571429
500,3,10.09249321773474,0.05663983546303498,0.015158142231997955,0.009740027550443743,-0.40393912844622,0.8928571428571429
500,4,8.064473560762305,0.037788047009312785,0.09333463910768229,0.08175989332180084,-0.38190580473839003,0.8214285714285714
500,5,8.997119426003213,0.059600570939545336,0.02496490284425582,0.010676531106383065,-0.36310566554020113,0.9642857142857143
500,6,7.264753230173082,0.004244628069122689,0.0013422519484705808,0.0032811395020505263,-0.42278559400108734,0.9642857142857143
500,7,7.389626711009494,0.37128593931854603,0.06983901179379852,0.09043373246055841,-0.3246094307451907,0.8928571428571429
500,8,14.227209776083344,0.20334340431769435,0.16362760292197284,0.1704457464701237,-0.33894851450976443,0.75
500,9,16.90797111553834,0.2722430431829029,0.1641635332149191,0.05665982089880488,-0.13723525748630933,0.8928571428571429
500,10,34.553785246544265,0.024219322897429778,0.12228697611789753,0.06172231176589784,-0.13472560901252242,1.0
500,11,51.26051892164952,0.590397305923346,0.28063418929762707,0.5909816751365103,-0.08866019476503809,1.0
500,12,41.15859623144747,0.4149111044917678,0.18438316985940045,0.3047056425993611,-0.10759100743290301,0.9642857142857143
500,13,26.143315980881884,0.09445067972843012,0.10146375798485077,0.119000681134871,-0.2237319900055315,0.9285714285714286
500,14,15.82093424017745,0.20818954114302868,0.19149560230045842,0.09676041319218662,-0.18783071863974216,0.8928571428571429
500,15,14.303664090295154,0.22584420855642445,0.11727975075388701,0.05205424435968715,-0.1906228951522348,0.8928571428571429
500,16,48.92080481965486,0.3299701542039022,0.22444704488574224,0.06238581036453795,-0.12218238914728784,0.9642857142857143
500,17,6.892651015421198,8.270299898762432e-05,0.0013964303589843081,0.0010522548716401378,-0.45115455527545933,0.7857142857142857
500,18,16.80236685181349,0.10917232546245399,0.08667916824449516,0.06281286418029652,-0.32910531958204137,0.8928571428571429
500,19,21.548645798749426,0.12669207579183756,0.013784725102104425,0.07459998896436623,-0.3523306455073305,0.8928571428571429
500,20,8.4940679763853,0.026369721529589527,0.012595364531680598,0.016379958445668176,-0.4130266688019139,0.75
500,21,6.895480952205499,1.3556245448076857e-05,6.065596330304949e-06,4.337034230285397e-06,-0.45202126303973034,0.75
500,22,54.57445507609212,0.9051691900688438,0.6672382304507348,0.4606231231221685,-0.0906661632575277,1.0
500,23,50.57542413158055,0.6259012699190789,0.16740542735662292,0.5797587421019549,-0.08257836760974867,1.0
500,24,63.651831911950175,0.6835174075225289,0.5653709786820752,0.4868798589013773,-0.0920402137959756,1.0
500,25,60.26698492115721,0.4805669649994601,0.462715668778845,0.3917740311898529,-0.10149947313148464,1.0
500,26,62.68383925393021,0.5269844488426801,0.5241247070042302,0.4258046718249005,-0.09776993272870571,1.0
500,27,12.64237883697437,0.5727543299068989,0.12645661429459357,0.08519745665228765,-0.2567647723467374,0.8928571428571429
500,28,25.008056954716807,0.1939079212618803,0.14387592430885368,0.16098026785846165,-0.13333644914990955,0.9642857142857143
500,29,26.94397717372507,0.31779018472469733,0.322943817739582,0.18051228920355814,-0.12199462003001768,1.0
500,30,10.369854371668909,0.039103469583275915,0.008018782473407192,0.07464330016472794,-0.39073252744947723,0.8571428571428572
500,31,22.712835959402238,0.1032624216531286,0.10831841368441952,0.14971164151055716,-0.15195856729172133,0.9285714285714286
500,32,21.77813790982858,0.09318187177124858,0.10735921731878956,0.17309161561587855,-0.17837138753732631,0.8214285714285714
500,33,22.12852807758294,0.13642681356193156,0.12618471236536785,0.12378670473452477,-0.1647834782753864,0.9285714285714286
500,34,7.294592411518178,0.3011837191093857,0.06783633006567263,0.08780507524504948,-0.33604870769813755,0.8214285714285714
500,35,20.332694440823378,0.23131514707578843,0.1278053206164082,0.06857386529333094,-0.16309873750673742,0.9642857142857143
500,36,9.066342666513531,0.11264825654913613,0.07741072346932748,0.07042239667041239,-0.34818704932591604,0.9285714285714286
500,37,25.96129308028168,0.10936069874299455,0.1375047431859808,0.11565823642284147,-0.2591701162767824,0.8928571428571429
500,38,11.953172156243435,0.06641080400268336,0.013713790247965381,0.0038609106224530942,-0.38325869095364895,0.75
500,39,7.693594378835316,0.03558591886070836,0.08650371435509668,0.1110887130702275,-0.3907255452774462,0.9642857142857143
500,40,7.431415597698021,0.15081123013109163,0.08839134912985004,0.0902518652680408,-0.33743332950795113,0.9285714285714286
500,41,8.6415988069827,0.06883746207263887,0.024971420018402017,0.01352774980446383,-0.3729802681297103,0.9285714285714286
500,42,9.194364548956994,0.029590384112479638,0.014135887807930668,0.015597520104143578,-0.40560134837362233,0.9642857142857143
500,43,6.988859563386274,0.002860125651919705,0.0014898630534035519,0.001744732347347158,-0.44632424135744314,0.9285714285714286
500,44,56.079800133714755,0.9184887144914197,0.6494484392272208,0.5139469107593331,-0.0897130345610951,1.0
500,45,26.186412175967053,0.3264835147267468,0.36626778401861493,0.14196889106964242,-0.10217080865917563,0.9285714285714286
500,46,43.81495890269174,0.6259731327888397,0.35622808778658677,0.5773179730767511,-0.08987543234011136,1.0
500,47,58.14610036634196,0.6012060689155074,0.47630350570129615,0.41174930708678725,-0.09528414764250868,1.0
500,48,13.171006002093435,0.4840883079376966,0.12779420790310084,0.09145160389040777,-0.21625790322752328,0.7857142857142857
500,49,13.989996739955558,0.4852147952195691,0.1289154245178147,0.3743305169658343,-0.19299692116491168,0.8571428571428572
500,50,8.001328785701615,0.4027588262068967,0.2365758223603268,0.33753821164061026,-0.28422236003770884,0.9642857142857143
500,51,26.98075481324168,0.3784933256372683,0.1493464716221321,0.21378526905202364,-0.11254767711230117,0.9285714285714286
500,52,23.53448319219662,0.14825298598996012,0.1306932831622068,0.07300205975538612,-0.16395181429106062,0.9642857142857143
500,53,6.9546714295981005,0.0006217503142237464,0.0005755363339602843,6.381400529923407e-05,-0.4481178055422031,0.8214285714285714
500,54,10.961545125812423,0.47550871129107414,0.09634540073488972,0.09240709931681251,-0.2596745264197427,0.8214285714285714
500,55,20.977159086329927,0.641190165019769,0.2045443675962864,0.05958733118829773,-0.1001504644900875,1.0
500,56,21.274117836467454,0.10118517560061807,0.02400901864693077,0.10171778517404644,-0.24526294196381007,0.9285714285714286
500,57,7.439303824156268,0.16661171753029952,0.13793231701163733,0.1916924131705882,-0.2933791480179043,0.9642857142857143
500,58,22.66390608548483,0.11447905996155608,0.06591222532189667,0.026149881772191838,-0.35745506532916704,0.9285714285714286
500,59,7.410540011400319,0.21297054968802054,0.13129444082765848,0.18054779854095263,-0.2966126930169748,0.8928571428571429
500,60,14.89152476351666,0.20366962236971262,0.03931287991349623,0.11543471263842629,-0.30827953415392684,0.8571428571428572
500,61,9.470422057088266,0.4832455999642574,0.07587127676268171,0.08792534931049426,-0.2909521478724978,0.9285714285714286
500,62,20.354166830244253,0.1364030077309635,0.11200848263510974,0.08131208416176282,-0.29153926817803444,1.0
500,63,58.52563418431658,0.8366599185766365,0.6056238499152717,0.4114750549128328,-0.09250209006154499,1.0
500,64,59.46870272951977,0.762013094704958,0.44545628636464774,0.5471368140297934,-0.08772471613863905,1.0
500,65,63.40670795912955,0.7535867353509399,0.5736848159658742,0.4969122913930369,-0.08593759385616935,1.0
500,66,56.81531794446822,0.533946458812792,0.542568632116479,0.43982398719687626,-0.0996562233242394,1.0
500,67,29.390051947464933,0.6884151398474714,0.2686886332564047,0.3303440474544525,-0.09932479847943805,0.9642857142857143
500,68,40.88013258445089,0.7808567758382337,0.350752505863011,0.5770454794430198,-0.09020604797224233,1.0
500,69,25.37295801938846,0.309151452756524,0.17448330920571747,0.28636620572775695,-0.11429352812006015,1.0
500,70,26.69715251381556,0.3376964300750712,0.36598971254291696,0.1403648011898592,-0.107540780169832,0.8928571428571429
500,71,43.01797713569747,0.6068724325239986,0.38109406743632973,0.5445286654500744,-0.09038028330740712,1.0
500,72,30.18612306650726,0.2737928398980865,0.3091476844069712,0.18727512523769635,-0.12709466157095908,0.9285714285714286
500,73,33.99371922350076,0.269365830507118,0.2746339855158562,0.2752122465534047,-0.10767206763588567,0.9642857142857143
500,74,15.364498551728532,0.205178900111097,0.03964295612884753,0.11731263752152955,-0.3133270359342769,0.8214285714285714
500,75,7.797573439784326,0.2923292239304063,0.14193728734749014,0.24290233940294897,-0.30203706191688373,0.8214285714285714
500,76,7.042612610140168,0.007184348186350627,0.0010253829377228057,0.0016477666391907521,-0.4414806529377375,0.8571428571428572
500,77,25.131706274320127,0.3683758544166609,0.4041303305647449,0.3755901342642484,-0.10626200717364759,1.0
500,78,19.84836611833939,0.49698486480249504,0.14979038952706922,0.22285907350060938,-0.1027243821518241,0.9642857142857143
500,79,34.883611625170126,0.08193982111303041,0.15502953795790061,0.1642098083226523,-0.12838369977255498,1.0
500,80,11.71263764221948,0.16008213181835626,0.2996460804777933,0.11263865643398656,-0.24336082323856228,0.8214285714285714
500,81,30.51035320621475,0.1734477146870274,0.10374894027546444,0.16813646878503935,-0.1312567420968199,0.9642857142857143
500,82,13.045582302017992,0.20132146441121201,0.21170283190342518,0.0953715767370886,-0.20897542098476596,0.8928571428571429
500,83,23.846125804962252,0.15089099832112077,0.1367868987942852,0.11570783651212085,-0.2715232895818116,0.8571428571428572
500,84,24.28747712910352,0.184532121423658,0.03446594584549978,0.09281525611512244,-0.1722361578461585,0.9642857142857143
500,85,30.21459222205243,0.2852308118897097,0.32729628929865134,0.09821658502496028,-0.12534013756626752,1.0
500,86,7.373098071738009,0.5223924060660333,0.2835495415030604,0.3355591267069906,-0.3288801384197712,0.8214285714285714
500,87,7.513120211550803,0.1693146372281337,0.13908278898226617,0.19449597161893994,-0.35707422770664915,0.7857142857142857
500,88,22.496921267962584,0.1649362362867424,0.07869923548222461,0.14756159906101182,-0.15729824639161388,0.9285714285714286
500,89,15.24412803704027,0.360337487687091,0.22216718555329068,0.3031293365074757,-0.11143130171721552,0.9642857142857143
500,90,26.292799709944084,0.35634646170199324,0.20170866356731715,0.19098449806649748,-0.11069545242587016,0.9285714285714286
500,91,27.669614697599428,0.2515221780980703,0.20384414471639736,0.15773424285966092,-0.1129114855077736,0.9642857142857143
500,92,7.5940283282766226,0.2124569435066376,0.14027627628918224,0.1199298688937529,-0.37167088156599787,0.8928571428571429
500,93,27.68964674100492,0.277644068568329,0.32082988933490914,0.1064899933249455,-0.12312745286944034,1.0
500,94,15.69734349009819,0.013243610143822542,0.04533790631629324,0.027337395614127836,-0.38049470179996847,0.8571428571428572
500,95,13.113201419423564,0.15974506043639805,0.08491800956597675,0.15046986312928695,-0.20999588744408954,0.7857142857142857
600,0,10.502153518921652,0.035153530540988125,0.057428573290989014,0.050850995218045585,-0.3094332034478094,0.9285714285714286
600,1,27.826599017614544,0.15692889729440787,0.06637983762504888,0.0775899121518126,-0.28686772108234576,0.8928571428571429
600,2,10.09249321773474,0.05663983546303498,0.015158142231997955,0.009740027550443743,-0.40393912844622,0.8928571428571429
600,3,8.064473560762305,0.037788047009312785,0.09333463910768229,0.08175989332180084,-0.38190580473839003,0.8214285714285714
600,4,8.997119426003213,0.059600570939545336,0.02496490284425582,0.010676531106383065,-0.36310566554020113,0.9642857142857143
600,5,7.264753230173082,0.004244628069122689,0.0013422519484705808,0.0032811395020505263,-0.42278559400108734,0.9642857142857143
600,6,7.389626711009494,0.37128593931854603,0.06983901179379852,0.09043373246055841,-0.3246094307451907,0.8928571428571429
600,7,14.227209776083344,0.20334340431769435,0.16362760292197284,0.1704457464701237,-0.33894851450976443,0.75
600,8,34.553785246544265,0.024219322897429778,0.12228697611789753,0.06172231176589784,-0.13472560901252242,1.0
600,9,51.26051892164952,0.590397305923346,0.28063418929762707,0.5909816751365103,-0.08866019476503809,1.0
600,10,41.15859623144747,0.4149111044917678,0.18438316985940045,0.3047056425993611,-0.10759100743290301,0.9642857142857143
600,11,26.143315980881884,0.09445067972843012,0.10146375798485077,0.119000681134871,-0.2237319900055315,0.9285714285714286
600,12,48.92080481965486,0.3299701542039022,0.22444704488574224,0.06238581036453795,-0.12218238914728784,0.9642857142857143
600,13,21.548645798749426,0.12669207579183756,0.013784725102104425,0.07459998896436623,-0.3523306455073305,0.8928571428571429
600,14,8.4940679763853,0.026369721529589527,0.012595364531680598,0.016379958445668176,-0.4130266688019139,0.75
600,15,54.57445507609212,0.9051691900688438,0.6672382304507348,0.4606231231221685,-0.0906661632575277,1.0
600,16,63.651831911950175,0.6835174075225289,0.5653709786820752,0.4868798589013773,-0.0920402137959756,1.0
600,17,60.26698492115721,0.4805669649994601,0.462715668778845,0.3917740311898529,-0.10149947313148464,1.0
600,18,62.68383925393021,0.5269844488426801,0.5241247070042302,0.4258046718249005,-0.09776993272870571,1.0
600,19,25.008056954716807,0.1939079212618803,0.14387592430885368,0.16098026785846165,-0.13333644914990955,0.9642857142857143
600,20,10.369854371668909,0.039103469583275915,0.008018782473407192,0.07464330016472794,-0.39073252744947723,0.8571428571428572
600,21,22.712835959402238,0.1032624216531286,0.10831841368441952,0.14971164151055716,-0.15195856729172133,0.9285714285714286
600,22,7.294592411518178,0.3011837191093857,0.06783633006567263,0.08780507524504948,-0.33604870769813755,0.8214285714285714
600,23,9.066342666513531,0.11264825654913613,0.07741072346932748,0.07042239667041239,-0.34818704932591604,0.9285714285714286
600,24,25.96129308028168,0.10936069874299455,0.1375047431859808,0.11565823642284147,-0.2591701162767824,0.8928571428571429
600,25,11.953172156243435,0.06641080400268336,0.013713790247965381,0.0038609106224530942,-0.38325869095364895,0.75
600,26,7.693594378835316,0.03558591886070836,0.08650371435509668,0.1110887130702275,-0.3907255452774462,0.9642857142857143
600,27,7.431415597698021,0.15081123013109163,0.08839134912985004,0.0902518652680408,-0.33743332950795113,0.9285714285714286
600,28,8.6415988069827,0.06883746207263887,0.024971420018402017,0.01352774980446383,-0.3729802681297103,0.9285714285714286
600,29,9.194364548956994,0.029590384112479638,0.014135887807930668,0.015597520104143578,-0.40560134837362233,0.9642857142857143
600,30,6.988859563386274,0.002860125651919705,0.0014898630534035519,0.001744732347347158,-0.44632424135744314,0.9285714285714286
600,31,43.81495890269174,0.6259731327888397,0.35622808778658677,0.5773179730767511,-0.08987543234011136,1.0
600,32,58.14610036634196,0.6012060689155074,0.47630350570129615,0.41174930708678725,-0.09528414764250868,1.0
600,33,26.98075481324168,0.3784933256372683,0.1493464716221321,0.21378526905202364,-0.11254767711230117,0.9285714285714286
600,34,23.53448319219662,0.14825298598996012,0.1306932831622068,0.07300205975538612,-0.16395181429106062,0.9642857142857143
600,35,7.439303824156268,0.16661171753029952,0.13793231701163733,0.1916924131705882,-0.2933791480179043,0.9642857142857143
600,36,7.410540011400319,0.21297054968802054,0.13129444082765848,0.18054779854095263,-0.2966126930169748,0.8928571428571429
600,37,14.89152476351666,0.20366962236971262,0.03931287991349623,0.11543471263842629,-0.30827953415392684,0.8571428571428572
600,38,9.470422057088266,0.4832455999642574,0.07587127676268171,0.08792534931049426,-0.2909521478724978,0.9285714285714286
600,39,59.46870272951977,0.762013094704958,0.44545628636464774,0.5471368140297934,-0.08772471613863905,1.0
600,40,63.40670795912955,0.7535867353509399,0.5736848159658742,0.4969122913930369,-0.08593759385616935,1.0
600,41,56.81531794446822,0.533946458812792,0.542568632116479,0.43982398719687626,-0.0996562233242394,1.0
600,42,29.390051947464933,0.6884151398474714,0.2686886332564047,0.3303440474544525,-0.09932479847943805,0.9642857142857143
600,43,40.88013258445089,0.7808567758382337,0.350752505863011,0.5770454794430198,-0.09020604797224233,1.0
600,44,25.37295801938846,0.309151452756524,0.17448330920571747,0.28636620572775695,-0.11429352812006015,1.0
600,45,30.18612306650726,0.2737928398980865,0.3091476844069712,0.18727512523769635,-0.12709466157095908,0.9285714285714286
600,46,33.99371922350076,0.269365830507118,0.2746339855158562,0.2752122465534047,-0.10767206763588567,0.9642857142857143
600,47,15.364498551728532,0.205178900111097,0.03964295612884753,0.11731263752152955,-0.3133270359342769,0.8214285714285714
600,48,7.797573439784326,0.2923292239304063,0.14193728734749014,0.24290233940294897,-0.30203706191688373,0.8214285714285714
600,49,7.042612610140168,0.007184348186350627,0.0010253829377228057,0.0016477666391907521,-0.4414806529377375,0.8571428571428572
600,50,25.131706274320127,0.3683758544166609,0.4041303305647449,0.3755901342642484,-0.10626200717364759,1.0
600,51,34.883611625170126,0.08193982111303041,0.15502953795790061,0.1642098083226523,-0.12838369977255498,1.0
600,52,30.51035320621475,0.1734477146870274,0.10374894027546444,0.16813646878503935,-0.1312567420968199,0.9642857142857143
600,53,23.846125804962252,0.15089099832112077,0.1367868987942852,0.11570783651212085,-0.2715232895818116,0.8571428571428572
600,54,24.28747712910352,0.184532121423658,0.03446594584549978,0.09281525611512244,-0.1722361578461585,0.9642857142857143
600,55,7.373098071738009,0.5223924060660333,0.2835495415030604,0.3355591267069906,-0.3288801384197712,0.8214285714285714
600,56,7.513120211550803,0.1693146372281337,0.13908278898226617,0.19449597161893994,-0.35707422770664915,0.7857142857142857
600,57,26.292799709944084,0.35634646170199324,0.20170866356731715,0.19098449806649748,-0.11069545242587016,0.9285714285714286
600,58,7.5940283282766226,0.2124569435066376,0.14027627628918224,0.1199298688937529,-0.37167088156599787,0.8928571428571429
600,59,15.69734349009819,0.013243610143822542,0.04533790631629324,0.027337395614127836,-0.38049470179996847,0.8571428571428572
600,60,64.00108968833177,0.5084168132361154,0.47497219818221664,0.4606260239334194,-0.09029132609591373,1.0
600,61,57.939410528884,0.9351071615181445,0.46547819887513797,0.5840226145529819,-0.08780025813938545,1.0
600,62,51.63971592588134,0.6027433164244242,0.30525816758273483,0.6052181604209513,-0.08721394076425411,1.0
600,63,7.101180189190838,0.0003323039107571673,0.0004782563289732499,0.00016434189865948497,-0.45220127059815796,0.8214285714285714
600,64,22.42789667854739,0.5828583262766321,0.3229072396157709,0.388391751398069,-0.2886262349786887,0.9642857142857143
600,65,30.00996508613707,0.05011747637117792,0.009810508264359318,0.09899534038902079,-0.29849180297796635,0.8571428571428572
600,66,11.788043090005866,0.09722442318512357,0.35532828588023496,0.11263744140958766,-0.24128646095670508,0.9285714285714286
600,67,58.743841345449766,0.8358709468941844,0.6063700356619759,0.41607255243968144,-0.09289366209085434,1.0
600,68,33.72313555516611,0.2298655686501816,0.21987039926018576,0.21702964063866695,-0.11792002757684028,1.0
600,69,24.61473549096752,0.14191060568902222,0.016526601734232767,0.08941257004296067,-0.3024595084200227,0.8214285714285714
600,70,6.964023772868413,0.0005554845485100041,0.00021149917911973055,0.00045542276725183355,-0.4502615123090033,0.8928571428571429
600,71,56.43950422395914,0.9197041456250038,0.649091455014716,0.5046990758251271,-0.09412877073351379,1.0
600,72,42.930645569567325,0.4659699274403315,0.1910633427160279,0.33233798937788844,-0.10460321599394279,1.0
600,73,62.87656109268398,0.7117610787160817,0.5677203920562554,0.46107780314191055,-0.0941517954048275,1.0
600,74,25.25585891363925,0.7048200339500754,0.3575796567771232,0.2533164024962568,-0.10285829044310364,1.0
600,75,31.91956054112462,0.30361370104022795,0.3124128629089488,0.18432505763539841,-0.12596924659545244,0.9642857142857143
600,76,51.60049115432437,0.495418438658118,0.36626366028228435,0.36228413252385216,-0.1035443295425828,0.9642857142857143
600,77,35.742817314483624,0.3195703178168661,0.3072942249627533,0.13178149231048633,-0.11286279321399197,1.0
600,78,20.430012450803105,0.10487432346357871,0.11393866019827474,0.11681902706496441,-0.2929176069234836,0.9642857142857143
600,79,7.234046894332695,0.10346238714692048,0.10487891603938991,0.09134434303343379,-0.42086718380247734,0.8928571428571429
600,80,19.69083204501407,0.13666000317146443,0.015468429011476973,0.11987264802590344,-0.3417077055582493,0.9642857142857143
600,81,41.35035485530448,0.2707907199172132,0.320267510737188,0.18779393300308989,-0.11104930986273533,1.0
600,82,10.596804497579322,0.040478401577696436,0.1022386471001751,0.050314459300738724,-0.31552446737745266,0.8571428571428572
600,83,17.262757796241175,0.11415218600909578,0.09096580214271832,0.0659131940972964,-0.329046346669224,0.8928571428571429
600,84,24.324389310518587,0.16574562129988116,0.08738098748562569,0.14463609196019656,-0.3212061802499506,0.8928571428571429
600,85,27.651265503988515,0.32032454909184505,0.35669966839237943,0.36653753046039667,-0.11323402344924353,0.9642857142857143
600,86,34.10229563368411,0.2697265824667143,0.27747493253833944,0.27874909092626793,-0.10835192612682913,0.9285714285714286
600,87,22.698991030821077,0.10660290564676095,0.06363378463826284,0.02442054051037095,-0.3575418791014847,0.9285714285714286
600,88,9.266146092838559,0.04107410426333872,0.015133832620669377,0.017267120767869074,-0.4097740443469277,0.75
700,0,10.502153518921652,0.035153530540988125,0.057428573290989014,0.050850995218045585,-0.3094332034478094,0.9285714285714286
700,1,27.826599017614544,0.15692889729440787,0.06637983762504888,0.0775899121518126,-0.28686772108234576,0.8928571428571429
700,2,10.09249321773474,0.05663983546303498,0.015158142231997955,0.009740027550443743,-0.40393912844622,0.8928571428571429
700,3,8.064473560762305,0.037788047009312785,0.09333463910768229,0.08175989332180084,-0.38190580473839003,0.8214285714285714
700,4,8.997119426003213,0.059600570939545336,0.02496490284425582,0.010676531106383065,-0.36310566554020113,0.9642857142857143
700,5,7.389626711009494,0.37128593931854603,0.06983901179379852,0.09043373246055841,-0.3246094307451907,0.8928571428571429
700,6,14.227209776083344,0.20334340431769435,0.16362760292197284,0.1704457464701237,-0.33894851450976443,0.75
700,7,34.553785246544265,0.024219322897429778,0.12228697611789753,0.06172231176589784,-0.13472560901252242,1.0
700,8,41.15859623144747,0.4149111044917678,0.18438316985940045,0.3047056425993611,-0.10759100743290301,0.9642857142857143
700,9,26.143315980881884,0.09445067972843012,0.10146375798485077,0.119000681134871,-0.2237319900055315,0.9285714285714286
700,10,21.548645798749426,0.12669207579183756,0.013784725102104425,0.07459998896436623,-0.3523306455073305,0.8928571428571429
700,11,8.4940679763853,0.026369721529589527,0.012595364531680598,0.016379958445668176,-0.4130266688019139,0.75
700,12,63.651831911950175,0.6835174075225289,0.5653709786820752,0.4868798589013773,-0.0920402137959756,1.0
700,13,25.008056954716807,0.1939079212618803,0.14387592430885368,0.16098026785846165,-0.13333644914990955,0.9642857142857143
700,14,10.369854371668909,0.039103469583275915,0.008018782473407192,0.07464330016472794,-0.39073252744947723,0.8571428571428572
700,15,22.712835959402238,0.1032624216531286,0.10831841368441952,0.14971164151055716,-0.15195856729172133,0.9285714285714286
700,16,7.294592411518178,0.3011837191093857,0.06783633006567263,0.08780507524504948,-0.33604870769813755,0.8214285714285714
700,17,9.066342666513531,0.11264825654913613,0.07741072346932748,0.07042239667041239,-0.34818704932591604,0.9285714285714286
700,18,25.96129308028168,0.10936069874299455,0.1375047431859808,0.11565823642284147,-0.2591701162767824,0.8928571428571429
700,19,11.953172156243435,0.06641080400268336,0.013713790247965381,0.0038609106224530942,-0.38325869095364895,0.75
700,20,7.693594378835316,0.03558591886070836,0.08650371435509668,0.1110887130702275,-0.3907255452774462,0.9642857142857143
700,21,8.6415988069827,0.06883746207263887,0.024971420018402017,0.01352774980446383,-0.3729802681297103,0.9285714285714286
700,22,9.194364548956994,0.029590384112479638,0.014135887807930668,0.015597520104143578,-0.40560134837362233,0.9642857142857143
700,23,6.988859563386274,0.002860125651919705,0.0014898630534035519,0.001744732347347158,-0.44632424135744314,0.9285714285714286
700,24,26.98075481324168,0.3784933256372683,0.1493464716221321,0.21378526905202364,-0.11254767711230117,0.9285714285714286
700,25,23.53448319219662,0.14825298598996012,0.1306932831622068,0.07300205975538612,-0.16395181429106062,0.9642857142857143
700,26,7.439303824156268,0.16661171753029952,0.13793231701163733,0.1916924131705882,-0.2933791480179043,0.9642857142857143
700,27,7.410540011400319,0.21297054968802054,0.13129444082765848,0.18054779854095263,-0.2966126930169748,0.8928571428571429
700,28,14.89152476351666,0.20366962236971262,0.03931287991349623,0.11543471263842629,-0.30827953415392684,0.8571428571428572
700,29,9.470422057088266,0.4832455999642574,0.07587127676268171,0.08792534931049426,-0.2909521478724978,0.9285714285714286
700,30,63.40670795912955,0.7535867353509399,0.5736848159658742,0.4969122913930369,-0.08593759385616935,1.0
700,31,25.37295801938846,0.309151452756524,0.17448330920571747,0.28636620572775695,-0.11429352812006015,1.0
700,32,30.18612306650726,0.2737928398980865,0.3091476844069712,0.18727512523769635,-0.12709466157095908,0.9285714285714286
700,33,33.99371922350076,0.269365830507118,0.2746339855158562,0.2752122465534047,-0.10767206763588567,0.9642857142857143
700,34,15.364498551728532,0.205178900111097,0.03964295612884753,0.11731263752152955,-0.3133270359342769,0.8214285714285714
700,35,7.042612610140168,0.007184348186350627,0.0010253829377228057,0.0016477666391907521,-0.4414806529377375,0.8571428571428572
700,36,25.131706274320127,0.3683758544166609,0.4041303305647449,0.3755901342642484,-0.10626200717364759,1.0
700,37,34.883611625170126,0.08193982111303041,0.15502953795790061,0.1642098083226523,-0.12838369977255498,1.0
700,38,30.51035320621475,0.1734477146870274,0.10374894027546444,0.16813646878503935,-0.1312567420968199,0.9642857142857143
700,39,23.846125804962252,0.15089099832112077,0.1367868987942852,0.11570783651212085,-0.2715232895818116,0.8571428571428572
700,40,24.28747712910352,0.184532121423658,0.03446594584549978,0.09281525611512244,-0.1722361578461585,0.9642857142857143
700,41,7.373098071738009,0.5223924060660333,0.2835495415030604,0.3355591267069906,-0.3288801384197712,0.8214285714285714
700,42,7.513120211550803,0.1693146372281337,0.13908278898226617,0.19449597161893994,-0.35707422770664915,0.7857142857142857
700,43,7.5940283282766226,0.2124569435066376,0.14027627628918224,0.1199298688937529,-0.37167088156599787,0.8928571428571429
700,44,15.69734349009819,0.013243610143822542,0.04533790631629324,0.027337395614127836,-0.38049470179996847,0.8571428571428572
700,45,7.101180189190838,0.0003323039107571673,0.0004782563289732499,0.00016434189865948497,-0.45220127059815796,0.8214285714285714
700,46,22.42789667854739,0.5828583262766321,0.3229072396157709,0.388391751398069,-0.2886262349786887,0.9642857142857143
700,47,30.00996508613707,0.05011747637117792,0.009810508264359318,0.09899534038902079,-0.29849180297796635,0.8571428571428572
700,48,11.788043090005866,0.09722442318512357,0.35532828588023496,0.11263744140958766,-0.24128646095670508,0.9285714285714286
700,49,33.72313555516611,0.2298655686501816,0.21987039926018576,0.21702964063866695,-0.11792002757684028,1.0
700,50,24.61473549096752,0.14191060568902222,0.016526601734232767,0.08941257004296067,-0.3024595084200227,0.8214285714285714
700,51,6.964023772868413,0.0005554845485100041,0.00021149917911973055,0.00045542276725183355,-0.4502615123090033,0.8928571428571429
700,52,56.43950422395914,0.9197041456250038,0.649091455014716,0.5046990758251271,-0.09412877073351379,1.0
700,53,42.930645569567325,0.4659699274403315,0.1910633427160279,0.33233798937788844,-0.10460321599394279,1.0
700,54,62.87656109268398,0.7117610787160817,0.5677203920562554,0.46107780314191055,-0.0941517954048275,1.0
700,55,25.25585891363925,0.7048200339500754,0.3575796567771232,0.2533164024962568,-0.10285829044310364,1.0
700,56,31.91956054112462,0.30361370104022795,0.3124128629089488,0.18432505763539841,-0.12596924659545244,0.9642857142857143
700,57,51.60049115432437,0.495418438658118,0.36626366028228435,0.36228413252385216,-0.1035443295425828,0.9642857142857143
700,58,35.742817314483624,0.3195703178168661,0.3072942249627533,0.13178149231048633,-0.11286279321399197,1.0
700,59,20.430012450803105,0.10487432346357871,0.11393866019827474,0.11681902706496441,-0.2929176069234836,0.9642857142857143
700,60,7.234046894332695,0.10346238714692048,0.10487891603938991,0.09134434303343379,-0.42086718380247734,0.8928571428571429
700,61,19.69083204501407,0.13666000317146443,0.015468429011476973,0.11987264802590344,-0.3417077055582493,0.9642857142857143
700,62,41.35035485530448,0.2707907199172132,0.320267510737188,0.18779393300308989,-0.11104930986273533,1.0
700,63,10.596804497579322,0.040478401577696436,0.1022386471001751,0.050314459300738724,-0.31552446737745266,0.8571428571428572
700,64,17.262757796241175,0.11415218600909578,0.09096580214271832,0.0659131940972964,-0.329046346669224,0.8928571428571429
700,65,24.324389310518587,0.16574562129988116,0.08738098748562569,0.14463609196019656,-0.3212061802499506,0.8928571428571429
700,66,27.651265503988515,0.32032454909184505,0.35669966839237943,0.36653753046039667,-0.11323402344924353,0.9642857142857143
700,67,34.10229563368411,0.2697265824667143,0.27747493253833944,0.27874909092626793,-0.10835192612682913,0.9285714285714286
700,68,22.698991030821077,0.10660290564676095,0.06363378463826284,0.02442054051037095,-0.3575418791014847,0.9285714285714286
700,69,9.266146092838559,0.04107410426333872,0.015133832620669377,0.017267120767869074,-0.4097740443469277,0.75
700,70,7.180697228094855,0.30324264735297196,0.05811092498614242,0.0883309883481134,-0.38971062237887444,0.75
700,71,65.71817655745785,0.8804424982799285,0.5320682632025666,0.5281599124884074,-0.10189832620272879,1.0
700,72,56.60995277617004,0.9487692796120114,0.5310672253885808,0.6435786266398048,-0.09187754859290416,1.0
700,73,60.84459005611248,0.9234337405520613,0.6826982678637564,0.5549415880302083,-0.093112360581893,1.0
700,74,54.3045136804323,0.9062061486908929,0.6534999706812071,0.4240605221477814,-0.09480193809597985,1.0
700,75,29.685799567197844,0.2402799725931249,0.023925660225614327,0.06446252272848321,-0.3155404447708895,0.7857142857142857
700,76,7.327444081787657,0.298092065443677,0.07330296247541374,0.09449451824400354,-0.3747999115936359,0.8571428571428572
700,77,7.493044859850281,0.22390807913730273,0.1638270471398558,0.1198080089445739,-0.32962500834792646,0.8214285714285714
700,78,10.86268106894317,0.018807007309524292,0.01981012672481403,0.021853845972428544,-0.38516974802571624,0.9285714285714286
700,79,12.482110943918014,0.10129269331808291,0.3546752576235895,0.11621782787114006,-0.23469512947969712,0.9285714285714286
700,80,32.19354477024645,0.4069051254677271,0.23208246572432709,0.19680589765907144,-0.12238025406825048,1.0
700,81,11.863363198368098,0.09852625514121947,0.3555543262127911,0.11454370511080035,-0.24293550396754046,0.8928571428571429
700,82,7.3597094934289125,0.49845878227924195,0.26777617316245933,0.3190275953376316,-0.3774608950793843,0.7857142857142857
700,83,7.533641957336812,0.5253230899404431,0.3006325599168219,0.35229521908880523,-0.3022776877227983,0.8214285714285714
700,84,39.06808371985877,0.08087442561873205,0.032883388520023135,0.03990120452622042,-0.15051768934721957,0.9642857142857143
700,85,55.04010265929037,0.37247041443089896,0.2733410504413006,0.0928990070717624,-0.12662392299223146,1.0
700,86,27.07816035617435,0.34298121157406564,0.10514422757466833,0.181741528633075,-0.1297724119412603,1.0
700,87,6.885188675546964,0.08529264862411423,0.13135277553327904,0.06939672136422304,-0.4253478082440704,0.8214285714285714
700,88,18.952331582045083,0.15420470897524458,0.06273196302747229,0.0715608746276733,-0.3251005934127989,0.8928571428571429
700,89,30.170127373671686,0.38877120914937024,0.3615158251227321,0.13866587443833445,-0.11234876616573625,0.9642857142857143
700,90,7.665216497067005,0.19395703231667774,0.10269821985036633,0.13758238606034548,-0.35053344960308597,0.9285714285714286
700,91,7.039834723310434,0.1132587358651071,0.0769323480431016,0.05985288924671266,-0.4274293354638977,0.8928571428571429
700,92,24.514973303503083,0.03857415631866089,0.09178774177458587,0.03285926880626618,-0.3321314165662102,0.8928571428571429
700,93,7.490512555107465,0.025225587865651794,0.012545351982051447,0.0143426512911148,-0.4235425993786146,1.0
800,0,10.502153518921652,0.035153530540988125,0.057428573290989014,0.050850995218045585,-0.3094332034478094,0.9285714285714286
800,1,27.826599017614544,0.15692889729440787,0.06637983762504888,0.0775899121518126,-0.28686772108234576,0.8928571428571429
800,2,10.09249321773474,0.05663983546303498,0.015158142231997955,0.009740027550443743,-0.40393912844622,0.8928571428571429
800,3,8.064473560762305,0.037788047009312785,0.09333463910768229,0.08175989332180084,-0.38190580473839003,0.8214285714285714
800,4,8.997119426003213,0.059600570939545336,0.02496490284425582,0.010676531106383065,-0.36310566554020113,0.9642857142857143
800,5,14.227209776083344,0.20334340431769435,0.16362760292197284,0.1704457464701237,-0.33894851450976443,0.75
800,6,34.553785246544265,0.024219322897429778,0.12228697611789753,0.06172231176589784,-0.13472560901252242,1.0
800,7,41.15859623144747,0.4149111044917678,0.18438316985940045,0.3047056425993611,-0.10759100743290301,0.9642857142857143
800,8,26.143315980881884,0.09445067972843012,0.10146375798485077,0.119000681134871,-0.2237319900055315,0.9285714285714286
800,9,21.548645798749426,0.12669207579183756,0.013784725102104425,0.07459998896436623,-0.3523306455073305,0.8928571428571429
800,10,25.008056954716807,0.1939079212618803,0.14387592430885368,0.16098026785846165,-0.13333644914990955,0.9642857142857143
800,11,10.369854371668909,0.039103469583275915,0.008018782473407192,0.07464330016472794,-0.39073252744947723,0.8571428571428572
800,12,9.066342666513531,0.11264825654913613,0.07741072346932748,0.07042239667041239,-0.34818704932591604,0.9285714285714286
800,13,25.96129308028168,0.10936069874299455,0.1375047431859808,0.11565823642284147,-0.2591701162767824,0.8928571428571429
800,14,11.953172156243435,0.06641080400268336,0.013713790247965381,0.0038609106224530942,-0.38325869095364895,0.75
800,15,7.693594378835316,0.03558591886070836,0.08650371435509668,0.1110887130702275,-0.3907255452774462,0.9642857142857143
800,16,8.6415988069827,0.06883746207263887,0.024971420018402017,0.01352774980446383,-0.3729802681297103,0.9285714285714286
800,17,9.194364548956994,0.029590384112479638,0.014135887807930668,0.015597520104143578,-0.40560134837362233,0.9642857142857143
800,18,6.988859563386274,0.002860125651919705,0.0014898630534035519,0.001744732347347158,-0.44632424135744314,0.9285714285714286
800,19,26.98075481324168,0.3784933256372683,0.1493464716221321,0.21378526905202364,-0.11254767711230117,0.9285714285714286
800,20,23.53448319219662,0.14825298598996012,0.1306932831622068,0.07300205975538612,-0.16395181429106062,0.9642857142857143
800,21,7.439303824156268,0.16661171753029952,0.13793231701163733,0.1916924131705882,-0.2933791480179043,0.9642857142857143
800,22,14.89152476351666,0.20366962236971262,0.03931287991349623,0.11543471263842629,-0.30827953415392684,0.8571428571428572
800,23,9.470422057088266,0.4832455999642574,0.07587127676268171,0.08792534931049426,-0.2909521478724978,0.9285714285714286
800,24,25.37295801938846,0.309151452756524,0.17448330920571747,0.28636620572775695,-0.11429352812006015,1.0
800,25,30.18612306650726,0.2737928398980865,0.3091476844069712,0.18727512523769635,-0.12709466157095908,0.9285714285714286
800,26,33.99371922350076,0.269365830507118,0.2746339855158562,0.2752122465534047,-0.10767206763588567,0.9642857142857143
800,27,15.364498551728532,0.205178900111097,0.03964295612884753,0.11731263752152955,-0.3133270359342769,0.8214285714285714
800,28,7.042612610140168,0.007184348186350627,0.0010253829377228057,0.0016477666391907521,-0.4414806529377375,0.8571428571428572
800,29,25.131706274320127,0.3683758544166609,0.4041303305647449,0.3755901342642484,-0.10626200717364759,1.0
800,30,34.883611625170126,0.08193982111303041,0.15502953795790061,0.1642098083226523,-0.12838369977255498,1.0
800,31,30.51035320621475,0.1734477146870274,0.10374894027546444,0.16813646878503935,-0.1312567420968199,0.9642857142857143
800,32,23.846125804962252,0.15089099832112077,0.1367868987942852,0.11570783651212085,-0.2715232895818116,0.8571428571428572
800,33,24.28747712910352,0.184532121423658,0.03446594584549978,0.09281525611512244,-0.1722361578461585,0.9642857142857143
800,34,7.373098071738009,0.5223924060660333,0.2835495415030604,0.3355591267069906,-0.3288801384197712,0.8214285714285714
800,35,7.513120211550803,0.1693146372281337,0.13908278898226617,0.19449597161893994,-0.35707422770664915,0.7857142857142857
800,36,7.5940283282766226,0.2124569435066376,0.14027627628918224,0.1199298688937529,-0.37167088156599787,0.8928571428571429
800,37,15.69734349009819,0.013243610143822542,0.04533790631629324,0.027337395614127836,-0.38049470179996847,0.8571428571428572
800,38,7.101180189190838,0.0003323039107571673,0.0004782563289732499,0.00016434189865948497,-0.45220127059815796,0.8214285714285714
800,39,22.42789667854739,0.5828583262766321,0.3229072396157709,0.388391751398069,-0.2886262349786887,0.9642857142857143
800,40,11.788043090005866,0.09722442318512357,0.35532828588023496,0.11263744140958766,-0.24128646095670508,0.9285714285714286
800,41,33.72313555516611,0.2298655686501816,0.21987039926018576,0.21702964063866695,-0.11792002757684028,1.0
800,42,24.61473549096752,0.14191060568902222,0.016526601734232767,0.08941257004296067,-0.3024595084200227,0.8214285714285714
800,43,6.964023772868413,0.0005554845485100041,0.00021149917911973055,0.00045542276725183355,-0.4502615123090033,0.8928571428571429
800,44,42.930645569567325,0.4659699274403315,0.1910633427160279,0.33233798937788844,-0.10460321599394279,1.0
800,45,25.25585891363925,0.7048200339500754,0.3575796567771232,0.2533164024962568,-0.10285829044310364,1.0
800,46,31.91956054112462,0.30361370104022795,0.3124128629089488,0.18432505763539841,-0.12596924659545244,0.9642857142857143
800,47,51.60049115432437,0.495418438658118,0.36626366028228435,0.36228413252385216,-0.1035443295425828,0.9642857142857143
800,48,35.742817314483624,0.3195703178168661,0.3072942249627533,0.13178149231048633,-0.11286279321399197,1.0
800,49,20.430012450803105,0.10487432346357871,0.11393866019827474,0.11681902706496441,-0.2929176069234836,0.9642857142857143
800,50,7.234046894332695,0.10346238714692048,0.10487891603938991,0.09134434303343379,-0.42086718380247734,0.8928571428571429
800,51,19.69083204501407,0.13666000317146443,0.015468429011476973,0.11987264802590344,-0.3417077055582493,0.9642857142857143
800,52,41.35035485530448,0.2707907199172132,0.320267510737188,0.18779393300308989,-0.11104930986273533,1.0
800,53,10.596804497579322,0.040478401577696436,0.1022386471001751,0.050314459300738724,-0.31552446737745266,0.8571428571428572
800,54,17.262757796241175,0.11415218600909578,0.09096580214271832,0.0659131940972964,-0.329046346669224,0.8928571428571429
800,55,24.324389310518587,0.16574562129988116,0.08738098748562569,0.14463609196019656,-0.3212061802499506,0.8928571428571429
800,56,27.651265503988515,0.32032454909184505,0.35669966839237943,0.36653753046039667,-0.11323402344924353,0.9642857142857143
800,57,34.10229563368411,0.2697265824667143,0.27747493253833944,0.27874909092626793,-0.10835192612682913,0.9285714285714286
800,58,22.698991030821077,0.10660290564676095,0.06363378463826284,0.02442054051037095,-0.3575418791014847,0.9285714285714286
800,59,7.180697228094855,0.30324264735297196,0.05811092498614242,0.0883309883481134,-0.38971062237887444,0.75
800,60,29.685799567197844,0.2402799725931249,0.023925660225614327,0.06446252272848321,-0.3155404447708895,0.7857142857142857
800,61,7.327444081787657,0.298092065443677,0.07330296247541374,0.09449451824400354,-0.3747999115936359,0.8571428571428572
800,62,10.86268106894317,0.018807007309524292,0.01981012672481403,0.021853845972428544,-0.38516974802571624,0.9285714285714286
800,63,12.482110943918014,0.10129269331808291,0.3546752576235895,0.11621782787114006,-0.23469512947969712,0.9285714285714286
800,64,32.19354477024645,0.4069051254677271,0.23208246572432709,0.19680589765907144,-0.12238025406825048,1.0
800,65,11.863363198368098,0.09852625514121947,0.3555543262127911,0.11454370511080035,-0.24293550396754046,0.8928571428571429
800,66,7.3597094934289125,0.49845878227924195,0.26777617316245933,0.3190275953376316,-0.3774608950793843,0.7857142857142857
800,67,7.533641957336812,0.5253230899404431,0.3006325599168219,0.35229521908880523,-0.3022776877227983,0.8214285714285714
800,68,39.06808371985877,0.08087442561873205,0.032883388520023135,0.03990120452622042,-0.15051768934721957,0.9642857142857143
800,69,55.04010265929037,0.37247041443089896,0.2733410504413006,0.0928990070717624,-0.12662392299223146,1.0
800,70,27.07816035617435,0.34298121157406564,0.10514422757466833,0.181741528633075,-0.1297724119412603,1.0
800,71,18.952331582045083,0.15420470897524458,0.06273196302747229,0.0715608746276733,-0.3251005934127989,0.8928571428571429
800,72,30.170127373671686,0.38877120914937024,0.3615158251227321,0.13866587443833445,-0.11234876616573625,0.9642857142857143
800,73,7.665216497067005,0.19395703231667774,0.10269821985036633,0.13758238606034548,-0.35053344960308597,0.9285714285714286
800,74,7.039834723310434,0.1132587358651071,0.0769323480431016,0.05985288924671266,-0.4274293354638977,0.8928571428571429
800,75,24.514973303503083,0.03857415631866089,0.09178774177458587,0.03285926880626618,-0.3321314165662102,0.8928571428571429
800,76,7.490512555107465,0.025225587865651794,0.012545351982051447,0.0143426512911148,-0.4235425993786146,1.0
800,77,73.23323934596878,0.9851170711030074,0.7897084910308009,0.7917286256295056,-0.09843032258258433,1.0
800,78,65.74732450604088,0.8801575197216442,0.531697270351022,0.5278479235712007,-0.10189604195512537,1.0
800,79,40.57796258204384,0.6046185110595793,0.3443504269497075,0.4206986806743872,-0.23402643168328766,0.8214285714285714
800,80,40.12883714018729,0.08232148228801418,0.03614545075486724,0.043131910671838046,-0.15318936688045995,0.9285714285714286
800,81,7.565388323881923,0.2092569845967938,0.07949688864387239,0.14750140774558382,-0.3781226692601247,0.8571428571428572
800,82,7.466135161505811,0.44263103177675994,0.23612297728568013,0.339340466748576,-0.3736174262305253,0.8571428571428572
800,83,28.055479138544605,0.3070919535095276,0.1741486853899494,0.14889248880183706,-0.17036452906943772,0.9285714285714286
800,84,22.99811364947588,0.16731243243543867,0.08067215595310097,0.15008477181597876,-0.1541558323377088,1.0
800,85,30.009965240254846,0.05011747998418272,0.009810508834735287,0.0989953477927787,-0.29849180808779147,0.8571428571428572
800,86,7.40353958669571,0.4725123531031904,0.25834925732303704,0.30535645488847624,-0.3098651171824446,0.8571428571428572
800,87,7.35373337894033,0.18537554760743738,0.12591838880360215,0.0758301575264582,-0.4165246411314816,0.8571428571428572
800,88,32.743107319339764,0.09231732744697342,0.35123872522471805,0.0519956166640047,-0.10463684206709488,0.9642857142857143
800,89,40.58069073394074,0.25943942807969533,0.30316253005444627,0.17615736444005006,-0.12541449444609176,0.9285714285714286
800,90,15.794048169840783,0.0368546534141942,0.09141325655857675,0.030538441971080337,-0.35957887194961435,0.9285714285714286
800,91,9.780786644250457,0.01616545889104679,0.02526628844927052,0.007699684641988755,-0.4141518688644332,0.8571428571428572
800,92,10.279227795647992,0.1072771726939643,0.06364513442086105,0.025195504090344677,-0.38524210452842755,0.7857142857142857
800,93,18.786206212046142,0.22159191197229125,0.18821523836527754,0.08733147202041243,-0.2911104528093214,0.8928571428571429
800,94,6.8183690806154855,0.0767467540912195,0.11030872810345603,0.05992927498527363,-0.438522559344769,0.8571428571428572
800,95,7.014284742231044,0.15696224756819022,0.039592402903628726,0.039178126561926395,-0.4206028999386765,0.8571428571428572
900,0,10.502153518921652,0.035153530540988125,0.057428573290989014,0.050850995218045585,-0.3094332034478094,0.9285714285714286
900,1,27.826599017614544,0.15692889729440787,0.06637983762504888,0.0775899121518126,-0.28686772108234576,0.8928571428571429
900,2,10.09249321773474,0.05663983546303498,0.015158142231997955,0.009740027550443743,-0.40393912844622,0.8928571428571429
900,3,8.064473560762305,0.037788047009312785,0.09333463910768229,0.08175989332180084,-0.38190580473839003,0.8214285714285714
900,4,8.997119426003213,0.059600570939545336,0.02496490284425582,0.010676531106383065,-0.36310566554020113,0.9642857142857143
900,5,26.143315980881884,0.09445067972843012,0.10146375798485077,0.119000681134871,-0.2237319900055315,0.9285714285714286
900,6,21.548645798749426,0.12669207579183756,0.013784725102104425,0.07459998896436623,-0.3523306455073305,0.8928571428571429
900,7,10.369854371668909,0.039103469583275915,0.008018782473407192,0.07464330016472794,-0.39073252744947723,0.8571428571428572
900,8,9.066342666513531,0.11264825654913613,0.07741072346932748,0.07042239667041239,-0.34818704932591604,0.9285714285714286
900,9,25.96129308028168,0.10936069874299455,0.1375047431859808,0.11565823642284147,-0.2591701162767824,0.8928571428571429
900,10,11.953172156243435,0.06641080400268336,0.013713790247965381,0.0038609106224530942,-0.38325869095364895,0.75
900,11,7.693594378835316,0.03558591886070836,0.08650371435509668,0.1110887130702275,-0.3907255452774462,0.9642857142857143
900,12,8.6415988069827,0.06883746207263887,0.024971420018402017,0.01352774980446383,-0.3729802681297103,0.9285714285714286
900,13,9.194364548956994,0.029590384112479638,0.014135887807930668,0.015597520104143578,-0.40560134837362233,0.9642857142857143
900,14,6.988859563386274,0.002860125651919705,0.0014898630534035519,0.001744732347347158,-0.44632424135744314,0.9285714285714286
900,15,26.98075481324168,0.3784933256372683,0.1493464716221321,0.21378526905202364,-0.11254767711230117,0.9285714285714286
900,16,23.53448319219662,0.14825298598996012,0.1306932831622068,0.07300205975538612,-0.16395181429106062,0.9642857142857143
900,17,14.89152476351666,0.20366962236971262,0.03931287991349623,0.11543471263842629,-0.30827953415392684,0.8571428571428572
900,18,9.470422057088266,0.4832455999642574,0.07587127676268171,0.08792534931049426,-0.2909521478724978,0.9285714285714286
900,19,25.37295801938846,0.309151452756524,0.17448330920571747,0.28636620572775695,-0.11429352812006015,1.0
900,20,30.18612306650726,0.2737928398980865,0.3091476844069712,0.18727512523769635,-0.12709466157095908,0.9285714285714286
900,21,15.364498551728532,0.205178900111097,0.03964295612884753,0.11731263752152955,-0.3133270359342769,0.8214285714285714
900,22,25.131706274320127,0.3683758544166609,0.4041303305647449,0.3755901342642484,-0.10626200717364759,1.0
900,23,23.846125804962252,0.15089099832112077,0.1367868987942852,0.11570783651212085,-0.2715232895818116,0.8571428571428572
900,24,7.373098071738009,0.5223924060660333,0.2835495415030604,0.3355591267069906,-0.3288801384197712,0.8214285714285714
900,25,7.5940283282766226,0.2124569435066376,0.14027627628918224,0.1199298688937529,-0.37167088156599787,0.8928571428571429
900,26,15.69734349009819,0.013243610143822542,0.04533790631629324,0.027337395614127836,-0.38049470179996847,0.8571428571428572
900,27,22.42789667854739,0.5828583262766321,0.3229072396157709,0.388391751398069,-0.2886262349786887,0.9642857142857143
900,28,11.788043090005866,0.09722442318512357,0.35532828588023496,0.11263744140958766,-0.24128646095670508,0.9285714285714286
900,29,33.72313555516611,0.2298655686501816,0.21987039926018576,0.21702964063866695,-0.11792002757684028,1.0
900,30,24.61473549096752,0.14191060568902222,0.016526601734232767,0.08941257004296067,-0.3024595084200227,0.8214285714285714
900,31,31.91956054112462,0.30361370104022795,0.3124128629089488,0.18432505763539841,-0.12596924659545244,0.9642857142857143
900,32,35.742817314483624,0.3195703178168661,0.3072942249627533,0.13178149231048633,-0.11286279321399197,1.0
900,33,20.430012450803105,0.10487432346357871,0.11393866019827474,0.11681902706496441,-0.2929176069234836,0.9642857142857143
900,34,7.234046894332695,0.10346238714692048,0.10487891603938991,0.09134434303343379,-0.42086718380247734,0.8928571428571429
900,35,19.69083204501407,0.13666000317146443,0.015468429011476973,0.11987264802590344,-0.3417077055582493,0.9642857142857143
900,36,10.596804497579322,0.040478401577696436,0.1022386471001751,0.050314459300738724,-0.31552446737745266,0.8571428571428572
900,37,17.262757796241175,0.11415218600909578,0.09096580214271832,0.0659131940972964,-0.329046346669224,0.8928571428571429
900,38,24.324389310518587,0.16574562129988116,0.08738098748562569,0.14463609196019656,-0.3212061802499506,0.8928571428571429
900,39,27.651265503988515,0.32032454909184505,0.35669966839237943,0.36653753046039667,-0.11323402344924353,0.9642857142857143
900,40,22.698991030821077,0.10660290564676095,0.06363378463826284,0.02442054051037095,-0.3575418791014847,0.9285714285714286
900,41,7.180697228094855,0.30324264735297196,0.05811092498614242,0.0883309883481134,-0.38971062237887444,0.75
900,42,29.685799567197844,0.2402799725931249,0.023925660225614327,0.06446252272848321,-0.3155404447708895,0.7857142857142857
900,43,7.327444081787657,0.298092065443677,0.07330296247541374,0.09449451824400354,-0.3747999115936359,0.8571428571428572
900,44,12.482110943918014,0.10129269331808291,0.3546752576235895,0.11621782787114006,-0.23469512947969712,0.9285714285714286
900,45,32.19354477024645,0.4069051254677271,0.23208246572432709,0.19680589765907144,-0.12238025406825048,1.0
900,46,11.863363198368098,0.09852625514121947,0.3555543262127911,0.11454370511080035,-0.24293550396754046,0.8928571428571429
900,47,7.3597094934289125,0.49845878227924195,0.26777617316245933,0.3190275953376316,-0.3774608950793843,0.7857142857142857
900,48,7.533641957336812,0.5253230899404431,0.3006325599168219,0.35229521908880523,-0.3022776877227983,0.8214285714285714
900,49,39.06808371985877,0.08087442561873205,0.032883388520023135,0.03990120452622042,-0.15051768934721957,0.9642857142857143
900,50,55.04010265929037,0.37247041443089896,0.2733410504413006,0.0928990070717624,-0.12662392299223146,1.0
900,51,18.952331582045083,0.15420470897524458,0.06273196302747229,0.0715608746276733,-0.3251005934127989,0.8928571428571429
900,52,30.170127373671686,0.38877120914937024,0.3615158251227321,0.13866587443833445,-0.11234876616573625,0.9642857142857143
900,53,7.665216497067005,0.19395703231667774,0.10269821985036633,0.13758238606034548,-0.35053344960308597,0.9285714285714286
900,54,7.039834723310434,0.1132587358651071,0.0769323480431016,0.05985288924671266,-0.4274293354638977,0.8928571428571429
900,55,24.514973303503083,0.03857415631866089,0.09178774177458587,0.03285926880626618,-0.3321314165662102,0.8928571428571429
900,56,7.490512555107465,0.025225587865651794,0.012545351982051447,0.0143426512911148,-0.4235425993786146,1.0
900,57,73.23323934596878,0.9851170711030074,0.7897084910308009,0.7917286256295056,-0.09843032258258433,1.0
900,58,40.57796258204384,0.6046185110595793,0.3443504269497075,0.4206986806743872,-0.23402643168328766,0.8214285714285714
900,59,40.12883714018729,0.08232148228801418,0.03614545075486724,0.043131910671838046,-0.15318936688045995,0.9285714285714286
900,60,7.565388323881923,0.2092569845967938,0.07949688864387239,0.14750140774558382,-0.3781226692601247,0.8571428571428572
900,61,7.466135161505811,0.44263103177675994,0.23612297728568013,0.339340466748576,-0.3736174262305253,0.8571428571428572
900,62,28.055479138544605,0.3070919535095276,0.1741486853899494,0.14889248880183706,-0.17036452906943772,0.9285714285714286
900,63,22.99811364947588,0.16731243243543867,0.08067215595310097,0.15008477181597876,-0.1541558323377088,1.0
900,64,30.009965240254846,0.05011747998418272,0.009810508834735287,0.0989953477927787,-0.29849180808779147,0.8571428571428572
900,65,7.40353958669571,0.4725123531031904,0.25834925732303704,0.30535645488847624,-0.3098651171824446,0.8571428571428572
900,66,7.35373337894033,0.18537554760743738,0.12591838880360215,0.0758301575264582,-0.4165246411314816,0.8571428571428572
900,67,40.58069073394074,0.25943942807969533,0.30316253005444627,0.17615736444005006,-0.12541449444609176,0.9285714285714286
900,68,15.794048169840783,0.0368546534141942,0.09141325655857675,0.030538441971080337,-0.35957887194961435,0.9285714285714286
900,69,9.780786644250457,0.01616545889104679,0.02526628844927052,0.007699684641988755,-0.4141518688644332,0.8571428571428572
900,70,10.279227795647992,0.1072771726939643,0.06364513442086105,0.025195504090344677,-0.38524210452842755,0.7857142857142857
900,71,18.786206212046142,0.22159191197229125,0.18821523836527754,0.08733147202041243,-0.2911104528093214,0.8928571428571429
900,72,6.8183690806154855,0.0767467540912195,0.11030872810345603,0.05992927498527363,-0.438522559344769,0.8571428571428572
900,73,7.014284742231044,0.15696224756819022,0.039592402903628726,0.039178126561926395,-0.4206028999386765,0.8571428571428572
900,74,7.112521991455511,0.00040163676503450057,0.000490993945764263,0.00037936067478904623,-0.45255591711472865,0.8571428571428572
900,75,66.50719614617306,0.9273388418601443,0.7462975277679521,0.7016933862593843,-0.1044746372599524,1.0
900,76,14.227124832692224,0.20334413588887806,0.16362801025383125,0.1754184430788373,-0.3389481809301431,0.75
900,77,49.469685966550685,0.44472849982707424,0.3740909234175665,0.3269572530178473,-0.10823712587725474,0.9642857142857143
900,78,38.73278669030824,0.32456040085462917,0.18369170686286296,0.16277301827013835,-0.13632227865902957,1.0
900,79,32.1434748525378,0.43572199637558334,0.3234490897899721,0.19914819973081815,-0.12519761136746602,0.9285714285714286
900,80,13.521981210982268,0.08083501868641996,0.009396754694530754,0.022724230291178413,-0.362535044717033,0.8571428571428572
900,81,10.631126762398859,0.013246925507477999,0.018191163025930986,0.01994447115606573,-0.3873534652919021,0.9642857142857143
900,82,40.93726398772906,0.5069966910976322,0.3247586115899709,0.4018692512781633,-0.25243379785345577,0.7857142857142857
900,83,45.68922359152872,0.0825203636392616,0.15490954453327133,0.143132332714332,-0.11334926483381658,1.0
900,84,33.71658925416728,0.24975492276411732,0.1945902096683155,0.2779249906147438,-0.12060805779713124,1.0
900,85,37.220444541922255,0.11784931580734426,0.06483031752363128,0.047896905639351874,-0.14328222099892432,1.0
900,86,7.558508904785963,0.16930475551827198,0.139240103443416,0.2605726687745408,-0.3702724037095383,0.7857142857142857
900,87,34.013336549517575,0.1878119950822324,0.08401061397496308,0.10472384185010482,-0.2736156503177413,0.9642857142857143
900,88,24.278369041161177,0.1877083775260847,0.14044313546117002,0.1563320828379343,-0.14250453030109464,1.0
900,89,7.056504442548429,0.17561090811927185,0.11720507120861984,0.037498463896631994,-0.422305657068813,0.8214285714285714
900,90,7.280399652302621,0.3503609238386035,0.2564019878592794,0.34284117921777274,-0.35936673231822097,0.8928571428571429
900,91,8.448090768086585,0.007865540127926621,0.014378569655368151,0.004657837828234702,-0.4205092888626225,0.75
900,92,41.963077578435815,0.2997610551984498,0.31441666461004475,0.19620197997233615,-0.11312751662571031,1.0
900,93,14.623712765634247,0.11695077767007878,0.06643415417948471,0.05073235529250933,-0.3423061399248958,0.8571428571428572
900,94,24.55304222293472,0.4532107798851829,0.2357766358052248,0.166999679686316,-0.11161031041737988,0.9642857142857143
900,95,7.614820134159569,0.1258228544342235,0.07225551060968287,0.1949168689663193,-0.3483297907224018,0.9285714285714286
900,96,7.377424320026915,0.45036315597986515,0.2551571543137334,0.19791137372349696,-0.36367710365229605,0.9642857142857143
1000,0,27.826599017614544,0.15692889729440787,0.06637983762504888,0.0775899121518126,-0.28686772108234576,0.8928571428571429
1000,1,10.09249321773474,0.05663983546303498,0.015158142231997955,0.009740027550443743,-0.40393912844622,0.8928571428571429
1000,2,8.064473560762305,0.037788047009312785,0.09333463910768229,0.08175989332180084,-0.38190580473839003,0.8214285714285714
1000,3,8.997119426003213,0.059600570939545336,0.02496490284425582,0.010676531106383065,-0.36310566554020113,0.9642857142857143
1000,4,21.548645798749426,0.12669207579183756,0.013784725102104425,0.07459998896436623,-0.3523306455073305,0.8928571428571429
1000,5,10.369854371668909,0.039103469583275915,0.008018782473407192,0.07464330016472794,-0.39073252744947723,0.8571428571428572
1000,6,9.066342666513531,0.11264825654913613,0.07741072346932748,0.07042239667041239,-0.34818704932591604,0.9285714285714286
1000,7,25.96129308028168,0.10936069874299455,0.1375047431859808,0.11565823642284147,-0.2591701162767824,0.8928571428571429
1000,8,11.953172156243435,0.06641080400268336,0.013713790247965381,0.0038609106224530942,-0.38325869095364895,0.75
1000,9,7.693594378835316,0.03558591886070836,0.08650371435509668,0.1110887130702275,-0.3907255452774462,0.9642857142857143
1000,10,8.6415988069827,0.06883746207263887,0.024971420018402017,0.01352774980446383,-0.3729802681297103,0.9285714285714286
1000,11,9.194364548956994,0.029590384112479638,0.014135887807930668,0.015597520104143578,-0.40560134837362233,0.9642857142857143
1000,12,6.988859563386274,0.002860125651919705,0.0014898630534035519,0.001744732347347158,-0.44632424135744314,0.9285714285714286
1000,13,30.18612306650726,0.2737928398980865,0.3091476844069712,0.18727512523769635,-0.12709466157095908,0.9285714285714286
1000,14,23.846125804962252,0.15089099832112077,0.1367868987942852,0.11570783651212085,-0.2715232895818116,0.8571428571428572
1000,15,7.373098071738009,0.5223924060660333,0.2835495415030604,0.3355591267069906,-0.3288801384197712,0.8214285714285714
1000,16,7.5940283282766226,0.2124569435066376,0.14027627628918224,0.1199298688937529,-0.37167088156599787,0.8928571428571429
1000,17,15.69734349009819,0.013243610143822542,0.04533790631629324,0.027337395614127836,-0.38049470179996847,0.8571428571428572
1000,18,22.42789667854739,0.5828583262766321,0.3229072396157709,0.388391751398069,-0.2886262349786887,0.9642857142857143
1000,19,11.788043090005866,0.09722442318512357,0.35532828588023496,0.11263744140958766,-0.24128646095670508,0.9285714285714286
1000,20,24.61473549096752,0.14191060568902222,0.016526601734232767,0.08941257004296067,-0.3024595084200227,0.8214285714285714
1000,21,31.91956054112462,0.30361370104022795,0.3124128629089488,0.18432505763539841,-0.12596924659545244,0.9642857142857143
1000,22,20.430012450803105,0.10487432346357871,0.11393866019827474,0.11681902706496441,-0.2929176069234836,0.9642857142857143
1000,23,7.234046894332695,0.10346238714692048,0.10487891603938991,0.09134434303343379,-0.42086718380247734,0.8928571428571429
1000,24,19.69083204501407,0.13666000317146443,0.015468429011476973,0.11987264802590344,-0.3417077055582493,0.9642857142857143
1000,25,24.324389310518587,0.16574562129988116,0.08738098748562569,0.14463609196019656,-0.3212061802499506,0.8928571428571429
1000,26,27.651265503988515,0.32032454909184505,0.35669966839237943,0.36653753046039667,-0.11323402344924353,0.9642857142857143
1000,27,22.698991030821077,0.10660290564676095,0.06363378463826284,0.02442054051037095,-0.3575418791014847,0.9285714285714286
1000,28,7.180697228094855,0.30324264735297196,0.05811092498614242,0.0883309883481134,-0.38971062237887444,0.75
1000,29,29.685799567197844,0.2402799725931249,0.023925660225614327,0.06446252272848321,-0.3155404447708895,0.7857142857142857
1000,30,7.327444081787657,0.298092065443677,0.07330296247541374,0.09449451824400354,-0.3747999115936359,0.8571428571428572
1000,31,12.482110943918014,0.10129269331808291,0.3546752576235895,0.11621782787114006,-0.23469512947969712,0.9285714285714286
1000,32,32.19354477024645,0.4069051254677271,0.23208246572432709,0.19680589765907144,-0.12238025406825048,1.0
1000,33,11.863363198368098,0.09852625514121947,0.3555543262127911,0.11454370511080035,-0.24293550396754046,0.8928571428571429
1000,34,7.3597094934289125,0.49845878227924195,0.26777617316245933,0.3190275953376316,-0.3774608950793843,0.7857142857142857
1000,35,7.533641957336812,0.5253230899404431,0.3006325599168219,0.35229521908880523,-0.3022776877227983,0.8214285714285714
1000,36,39.06808371985877,0.08087442561873205,0.032883388520023135,0.03990120452622042,-0.15051768934721957,0.9642857142857143
1000,37,55.04010265929037,0.37247041443089896,0.2733410504413006,0.0928990070717624,-0.12662392299223146,1.0
1000,38,7.665216497067005,0.19395703231667774,0.10269821985036633,0.13758238606034548,-0.35053344960308597,0.9285714285714286
1000,39,7.039834723310434,0.1132587358651071,0.0769323480431016,0.05985288924671266,-0.4274293354638977,0.8928571428571429
1000,40,24.514973303503083,0.03857415631866089,0.09178774177458587,0.03285926880626618,-0.3321314165662102,0.8928571428571429
1000,41,7.490512555107465,0.025225587865651794,0.012545351982051447,0.0143426512911148,-0.4235425993786146,1.0
1000,42,40.57796258204384,0.6046185110595793,0.3443504269497075,0.4206986806743872,-0.23402643168328766,0.8214285714285714
1000,43,40.12883714018729,0.08232148228801418,0.03614545075486724,0.043131910671838046,-0.15318936688045995,0.9285714285714286
1000,44,7.565388323881923,0.2092569845967938,0.07949688864387239,0.14750140774558382,-0.3781226692601247,0.8571428571428572
1000,45,7.466135161505811,0.44263103177675994,0.23612297728568013,0.339340466748576,-0.3736174262305253,0.8571428571428572
1000,46,30.009965240254846,0.05011747998418272,0.009810508834735287,0.0989953477927787,-0.29849180808779147,0.8571428571428572
1000,47,7.40353958669571,0.4725123531031904,0.25834925732303704,0.30535645488847624,-0.3098651171824446,0.8571428571428572
1000,48,7.35373337894033,0.18537554760743738,0.12591838880360215,0.0758301575264582,-0.4165246411314816,0.8571428571428572
1000,49,40.58069073394074,0.25943942807969533,0.30316253005444627,0.17615736444005006,-0.12541449444609176,0.9285714285714286
1000,50,15.794048169840783,0.0368546534141942,0.09141325655857675,0.030538441971080337,-0.35957887194961435,0.9285714285714286
1000,51,10.279227795647992,0.1072771726939643,0.06364513442086105,0.025195504090344677,-0.38524210452842755,0.7857142857142857
1000,52,6.8183690806154855,0.0767467540912195,0.11030872810345603,0.05992927498527363,-0.438522559344769,0.8571428571428572
1000,53,7.014284742231044,0.15696224756819022,0.039592402903628726,0.039178126561926395,-0.4206028999386765,0.8571428571428572
1000,54,7.112521991455511,0.00040163676503450057,0.000490993945764263,0.00037936067478904623,-0.45255591711472865,0.8571428571428572
1000,55,66.50719614617306,0.9273388418601443,0.7462975277679521,0.7016933862593843,-0.1044746372599524,1.0
1000,56,14.227124832692224,0.20334413588887806,0.16362801025383125,0.1754184430788373,-0.3389481809301431,0.75
1000,57,49.469685966550685,0.44472849982707424,0.3740909234175665,0.3269572530178473,-0.10823712587725474,0.9642857142857143
1000,58,32.1434748525378,0.43572199637558334,0.3234490897899721,0.19914819973081815,-0.12519761136746602,0.9285714285714286
1000,59,13.521981210982268,0.08083501868641996,0.009396754694530754,0.022724230291178413,-0.362535044717033,0.8571428571428572
1000,60,10.631126762398859,0.013246925507477999,0.018191163025930986,0.01994447115606573,-0.3873534652919021,0.9642857142857143
1000,61,40.93726398772906,0.5069966910976322,0.3247586115899709,0.4018692512781633,-0.25243379785345577,0.7857142857142857
1000,62,33.71658925416728,0.24975492276411732,0.1945902096683155,0.2779249906147438,-0.12060805779713124,1.0
1000,63,37.220444541922255,0.11784931580734426,0.06483031752363128,0.047896905639351874,-0.14328222099892432,1.0
1000,64,7.558508904785963,0.16930475551827198,0.139240103443416,0.2605726687745408,-0.3702724037095383,0.7857142857142857
1000,65,34.013336549517575,0.1878119950822324,0.08401061397496308,0.10472384185010482,-0.2736156503177413,0.9642857142857143
1000,66,7.056504442548429,0.17561090811927185,0.11720507120861984,0.037498463896631994,-0.422305657068813,0.8214285714285714
1000,67,7.280399652302621,0.3503609238386035,0.2564019878592794,0.34284117921777274,-0.35936673231822097,0.8928571428571429
1000,68,7.377424320026915,0.45036315597986515,0.2551571543137334,0.19791137372349696,-0.36367710365229605,0.9642857142857143
1000,69,11.709352148174572,0.000170843382911209,0.025840960719818378,0.01171194546238211,-0.43048168556574545,0.8928571428571429
1000,70,7.406749791937132,0.44122332084176996,0.24939630927687506,0.3570304013208367,-0.38176439432890336,0.6785714285714286
1000,71,73.97254233026727,0.9619079818937688,0.7945960311477493,0.7996195315671806,-0.10351949046792784,1.0
1000,72,45.574841987685204,0.6270653065369644,0.4000774246235718,0.47219137783569404,-0.11293653433508416,0.9642857142857143
1000,73,31.98044366127992,0.5618755348551612,0.16987597912143407,0.40376802556098684,-0.1703708192468794,0.9642857142857143
1000,74,55.488389937559795,0.23737811226145322,0.25844532453125196,0.0924052125088122,-0.12841614625491787,1.0
1000,75,39.073044475960046,0.34116870389981185,0.2474902266206408,0.1557567322235581,-0.13800470886164012,1.0
1000,76,7.558604497004657,0.030349819424646977,0.008191883168603094,0.08836303051481448,-0.42695978609526586,0.7857142857142857
1000,77,7.448463563516333,0.038067445034605525,0.029028741814305207,0.08649765425171788,-0.41276965498072493,0.9285714285714286
1000,78,47.99992126049928,0.42632362883991615,0.36508313626709904,0.30440491183034774,-0.1140711424645804,1.0
1000,79,21.400698458096546,0.47436674660530204,0.23736727713515682,0.2875709720738537,-0.3302312361880216,0.9285714285714286
1000,80,38.049210670289064,0.4030506113887362,0.24800305795793212,0.30745452425453657,-0.2555033500748421,0.8928571428571429
1000,81,18.95445918931046,0.16157103374081647,0.022429994597433705,0.11990145005404147,-0.3482745176871864,0.9285714285714286
1000,82,15.84993555591672,0.1004686305935713,0.07376786880121478,0.0572724685502822,-0.34233294436208694,0.8928571428571429
1000,83,34.316598844205835,0.4357953338771286,0.3849517650255385,0.19932434818638484,-0.12083599134645234,1.0
1000,84,26.386922774594847,0.5869402300751625,0.32578584449868614,0.3506481173278161,-0.24075107926383305,0.9285714285714286
1000,85,11.231448003696983,0.09974512084834372,0.3776397418276175,0.11826717994337599,-0.26172419618484727,0.8214285714285714
1000,86,8.787721611453785,0.23876313622001377,0.019429688387241906,0.06421212556436566,-0.3911821851229862,0.7857142857142857
1000,87,42.01861504525871,0.3671081933666885,0.27362092407088207,0.21501151815368813,-0.13412013561907077,1.0
1000,88,42.51653179473667,0.21383791775523214,0.07221862802142426,0.20803172370118822,-0.12498458649260374,0.9642857142857143
1000,89,7.230144595897259,0.22782680729224283,0.07252494930533174,0.12889194835137582,-0.38339320062021476,0.8928571428571429
1000,90,39.354590496834106,0.5083127541521946,0.32896050911331565,0.4088879051482991,-0.25344101202300995,0.8928571428571429
1000,91,7.518636203893732,0.1483596024623364,0.13849469021211258,0.25920216936670737,-0.370593740859482,0.9285714285714286
1000,92,7.596179470857759,0.10564885662420373,0.06265972998522187,0.024800500013922522,-0.4108608089641563,0.7857142857142857
1000,93,26.944484785270355,0.1388074965756601,0.0716839005466037,0.04117748056478436,-0.2853477109851665,1.0
1000,94,32.27132739234114,0.4369530054306634,0.32657199067335213,0.20038772206054548,-0.12173696957891618,1.0
