Hydropower revenue,Atomic PP,Baltimore,Chester,Environment,Recreation,Equity,Deviation,principle
76.77599497522378,0.9043131977652428,0.7100465598325367,0.8020535627734525,0.9122760171013211,1.0,0.9843460539780284,0.10020862193337171,CombinedTraditionalGiniRatioStdMean
78.15186284876675,0.5736022152755997,0.3765504397229995,0.6827069242668673,0.9212072741120594,1.0,0.9772368842362913,0.23075291052548902,CombinedTraditionalGiniRatioStdMean
79.68246892393879,0.6596355895752462,0.5921865944278178,0.8600170668460255,0.9112722544545067,1.0,0.9724278786818846,0.14195094086159118,CombinedTraditionalGiniRatioStdMean
71.0430564101174,0.1162356270841625,0.2222992010354296,0.6044114480540989,0.9237097993360318,1.0,0.9923477784355137,0.33109239109364247,CombinedTraditionalGiniRatioStdMean
79.92049740849895,0.787175331091262,0.2510135984241199,0.919940514946975,0.9137185405284065,1.0,0.9805413447991383,0.2480731336675423,CombinedTraditionalGiniRatioStdMean
80.5886152775596,0.9979898096939562,0.9014901820048574,0.9261447127836804,0.9014539667621485,1.0,0.9716722346143918,0.056647032764001244,CombinedTraditionalGiniRatioStdMean
80.02821304950544,0.5959342923919971,0.5321107898867509,0.8218280604723716,0.9119300033809383,1.0,0.9658514889331267,0.16498912745243097,CombinedTraditionalGiniRatioStdMean
80.26809317052977,0.548195234578646,0.3875129437036061,0.8846716456674308,0.9101853699206484,1.0,0.9734176992845744,0.21570730713417058,CombinedTraditionalGiniRatioStdMean
71.67697689710832,0.9188746895319848,0.8092519375821445,0.6298265344840639,0.9104819097721756,1.0,0.9807766161158582,0.13023321903607454,CombinedTraditionalGiniRatioStdMean
78.99310590532396,0.8024313222604974,0.3834747727955319,0.905287074538663,0.9137067679817986,1.0,0.9749392807851316,0.19944426695812534,CombinedTraditionalGiniRatioStdMean
66.35746567982366,0.6244378701262462,0.3998506474810545,0.701239562148399,0.9332674089714802,1.0,0.993372594512359,0.20173990950347634,CombinedTraditionalGiniRatioStdMean
74.46583757505377,0.7197561974601714,0.4389722485676955,0.4040062436325395,0.9204737607188674,1.0,0.9884277191873245,0.2228294546847204,CombinedTraditionalGiniRatioStdMean
80.30795041178347,0.7758300563803101,0.2783773360758383,0.8960344482103962,0.9108938890532822,1.0,0.9801280078672518,0.2371378541651556,CombinedTraditionalGiniRatioStdMean
68.72153525269508,0.6022354052362511,0.4246629874236081,0.7520214153776351,0.9241603240803407,1.0,0.9903028467737527,0.19516558265341688,CombinedTraditionalGiniRatioStdMean
31.22965881009994,0.8356420063096683,0.861931870954816,0.919452506813327,0.921405792969496,0.9285714285714286,0.9845616107966451,0.041293371301728735,CombinedTraditionalGiniRatioStdMean
64.15378833188615,0.609987659570553,0.4651071340739671,0.8055191966495236,0.9311388672789125,1.0,0.9906351889869291,0.18361264008358422,CombinedTraditionalGiniRatioStdMean
75.07369104742703,0.62685195151858,0.4135959060654831,0.8812556893330112,0.9203215318564562,1.0,0.984191325952894,0.198076232097127,CombinedTraditionalGiniRatioStdMean
61.48791686269501,0.6339114524010206,0.5549292317806834,0.7043063458589264,0.9404277464208112,1.0,0.9801828575555672,0.15866872528842957,CombinedTraditionalGiniRatioStdMean
78.84806686151758,0.9043665175717996,0.5145774570886267,0.6027370741946767,0.9106116835952469,1.0,0.981196189553696,0.17518128110437264,CombinedTraditionalGiniRatioStdMean
62.28620692353051,0.6913449381525967,0.6844037809785742,0.8020322454072598,0.9269752739344927,1.0,0.9909425382218098,0.11483318178054852,CombinedTraditionalGiniRatioStdMean
71.02003930626341,0.6949566425507026,0.2347107323073471,0.1352157484783271,0.9297446284838667,1.0,0.9906614938792567,0.3282245786228854,CombinedTraditionalGiniRatioStdMean
79.75576344418265,0.7705258025179943,0.6059913484657073,0.8498341997053617,0.9128700927137352,1.0,0.9684128456422386,0.12260279306187123,CombinedTraditionalGiniRatioStdMean
80.11377504979518,0.7810570469940065,0.2555703087626223,0.9188666803764248,0.9099684595083111,1.0,0.9801128850926621,0.24646120101475175,CombinedTraditionalGiniRatioStdMean
64.92711282211681,0.950866239371867,0.3812859630751644,0.9064086720520602,0.9340862999992605,1.0,0.9746201292937947,0.2098729818324987,CombinedTraditionalGiniRatioStdMean
80.31332748080132,0.806155453575403,0.3790998871578256,0.711495272862916,0.9113320313137454,1.0,0.9766665430622457,0.1961048190700891,CombinedTraditionalGiniRatioStdMean
79.80074158140157,0.8080502776099622,0.3016731042632742,0.7847702981805936,0.9134174311431547,1.0,0.9804259216986267,0.22158167746466143,CombinedTraditionalGiniRatioStdMean
67.7349525242969,0.5535469013580453,0.2077774164348197,0.7178581523859676,0.9350244160412748,1.0,0.9904093592335705,0.26321416369866235,CombinedTraditionalGiniRatioStdMean
57.48532753569236,0.9245181513269596,0.8227305477048112,0.5740550580763507,0.9300697115472456,1.0,0.9801517681177424,0.1402011623536244,CombinedTraditionalGiniRatioStdMean
68.80085311534562,0.9698142087719002,0.8282745611631609,0.920725880537652,0.9105839414116824,1.0,0.9714653557564441,0.06728159647916729,CombinedTraditionalGiniRatioStdMean
62.6813565120072,0.7297316035525754,0.3464978645593742,0.7572626478204342,0.9413561865400515,1.0,0.9861431580805613,0.2097336654855985,CombinedTraditionalGiniRatioStdMean
73.61526534224814,0.9552443922701508,0.729479995454212,0.9167842704200704,0.9132616105405215,1.0,0.9727005533533206,0.09341270018010948,CombinedTraditionalGiniRatioStdMean
64.58641262865008,0.5232391972170116,0.3533454830243612,0.6043974879763897,0.9405854646825614,1.0,0.990398168886583,0.22802915056804632,CombinedTraditionalGiniRatioStdMean
64.18756151524279,0.9095029263795916,0.1788644606966221,0.9086889765012244,0.9205226574740053,1.0,0.9815298048801387,0.27772334910123625,CombinedTraditionalGiniRatioStdMean
72.35814517242912,0.953777581122256,0.4480399483374711,0.8329942772617424,0.9181958135877851,1.0,0.9938658591565949,0.18166407178758848,CombinedTraditionalGiniRatioStdMean
50.132459417906645,0.8048777725625317,0.7988589355851464,0.6599705700064851,0.932256180066026,1.0,0.993016085945379,0.11360101656436067,CombinedTraditionalGiniRatioStdMean
80.04501966227804,0.9523067768099026,0.1773562195425204,0.8537507505557334,0.911811740099408,1.0,0.9785734258336384,0.2797556049126054,CombinedTraditionalGiniRatioStdMean
73.0041060057036,0.8000578512527536,0.4110361810963476,0.5469438104274796,0.9203061094566876,1.0,0.9845535093189334,0.2068070336621124,CombinedTraditionalGiniRatioStdMean
78.21997722781987,0.9791769060648724,0.6405636909668585,0.933152679071928,0.9109231322901512,1.0,0.977390747365452,0.12235748498567983,CombinedTraditionalGiniRatioStdMean
57.70517839382195,0.7515291254824,0.3144982608943633,0.601511246695814,0.9502170395327117,1.0,0.9791053918104407,0.2290724791902061,CombinedTraditionalGiniRatioStdMean
79.45697657286993,0.9344289149683488,0.5706538386692586,0.8082488981869557,0.9142831960614993,1.0,0.9637819442526696,0.1375080025781803,CombinedTraditionalGiniRatioStdMean
56.67067601484143,0.311684474133354,0.2398952571512972,0.3305415417413888,0.9631656072796126,1.0,0.9811301057385362,0.3207922343979234,CombinedTraditionalGiniRatioStdMean
54.64613260011255,0.6083311223806465,0.3781707041526915,0.1755885978211233,0.9600489271018036,1.0,0.9808452692639339,0.30526202490885623,CombinedTraditionalGiniRatioStdMean
78.04802649741623,0.9778184486314784,0.7210466873904349,0.6441156012310163,0.9109251590118106,1.0,0.9729402174023235,0.13049098348511914,CombinedTraditionalGiniRatioStdMean
77.3695179835809,0.3331141681510383,0.2190132240663338,0.631071668655139,0.9201920866025344,1.0,0.9824492196806466,0.2821810395642895,CombinedTraditionalGiniRatioStdMean
57.601858120495294,0.6497361333504974,0.5434892196486972,0.3560200471974807,0.9502951375547803,0.9642857142857144,0.9810735180004215,0.2237237228677918,CombinedTraditionalGiniRatioStdMean
52.339480694998414,0.3792018229908548,0.8554058852004852,0.4158266477214643,0.943683765870288,0.9642857142857144,0.9818102883284351,0.2380281636570447,CombinedTraditionalGiniRatioStdMean
70.68069527605978,0.806729343817393,0.3762116302253536,0.8937332568097675,0.9216064737155858,1.0,0.9824450399537372,0.2016961400582469,CombinedTraditionalGiniRatioStdMean
57.491701385829614,0.5810973310275797,0.7053165871780016,0.5901393616250769,0.9415234211702854,1.0,0.9744221852569669,0.16148254840831072,CombinedTraditionalGiniRatioStdMean
56.83100504469379,0.4220590224439574,0.2080593207722834,0.2929785956867169,0.9622644009464258,1.0,0.9803869348252459,0.3168157943464244,CombinedTraditionalGiniRatioStdMean
56.68294428799347,0.8159081732431058,0.505427813784482,0.6770488365513286,0.9405651611624738,1.0,0.9918632252525315,0.1640320789056334,CombinedTraditionalGiniRatioStdMean
52.11952498808358,0.9221238527114404,0.830094025289052,0.7567656035197491,0.9193014008590207,1.0,0.9834081049702019,0.08957618272678229,CombinedTraditionalGiniRatioStdMean
77.0845848957409,0.5189796139856138,0.8200689602789446,0.4690995588542411,0.9103341765184706,1.0,0.9809257504071935,0.19599388855610497,CombinedTraditionalGiniRatioStdMean
53.17272440332113,0.8165953271999171,0.8031945693478488,0.6716398116651998,0.9308992565195839,0.9642857142857144,0.9800070866518148,0.0951543457030227,CombinedTraditionalGiniRatioStdMean
72.66471640201163,0.9177918920024472,0.476709472903163,0.7298026624379473,0.9207689218522556,1.0,0.9844411849998504,0.17282520151007458,CombinedTraditionalGiniRatioStdMean
51.7053858152754,0.7280499211607537,0.9075669353140168,0.1439979802347326,0.9233553859430953,0.9642857142857144,0.9770230707736817,0.2803481608364193,CombinedTraditionalGiniRatioStdMean
46.482953367235424,0.4235069057978956,0.9057611515883064,0.3100822581902827,0.9213745424289737,1.0,0.9887210544632602,0.2662938808283715,CombinedTraditionalGiniRatioStdMean
57.3584124994256,0.6048571457409967,0.6410016144305121,0.5140913828906621,0.9507862111133027,0.9642857142857144,0.971876449905465,0.17015310947137166,CombinedTraditionalGiniRatioStdMean
58.12239228414412,0.6083684573957494,0.4166598306852287,0.5082730839924,0.9503590763266399,0.9642857142857144,0.9716814128273552,0.2138832671213935,CombinedTraditionalGiniRatioStdMean
77.77318738846184,0.9776014790349208,0.7014243625628006,0.8499457254763263,0.9133906635423314,1.0,0.9778766464987139,0.1916027309454726,CombinedTraditionalGiniRatioStdMean
76.92030342872462,0.642207716400186,0.4551694126874951,0.7855697999054414,0.922834763568415,1.0,0.981326671615469,0.18074447541549987,CombinedTraditionalGiniRatioStdMean
49.512997134310105,0.5006298361478352,0.9101018019823192,0.2529353749459255,0.9209244992990064,1.0,0.9855169995536587,0.26586476977260326,CombinedTraditionalGiniRatioStdMean
53.12475300412411,0.5270210746738152,0.4111690654197928,0.4282142960088312,0.9635588942893595,1.0,0.9813073728430031,0.24969975815403936,CombinedTraditionalGiniRatioStdMean
43.00538533638196,0.5299415745113519,0.9077836216088218,0.4119046057594916,0.9254934347079057,1.0,0.9836833853876616,0.21848676703343534,CombinedTraditionalGiniRatioStdMean
50.6208113108181,0.4888050238188191,0.9099833892234576,0.3558260416351199,0.9193128430916739,1.0,0.9903685873654071,0.2531779215364829,CombinedTraditionalGiniRatioStdMean
54.76689219733762,0.8295398795121544,0.595592934755511,0.7235933334304908,0.940718294904447,1.0,0.9900637851624619,0.13339518061635264,CombinedTraditionalGiniRatioStdMean
79.64246656601092,0.9813439736044186,0.4864956330818366,0.8808166874132616,0.9103268459154739,1.0,0.9742993640649839,0.1717591069233499,CombinedTraditionalGiniRatioStdMean
57.585526391764674,0.5199568004971348,0.6615570015265614,0.5632809465049301,0.940333019151835,1.0,0.9837616383624087,0.200886215080759,CombinedTraditionalGiniRatioStdMean
48.20499780743596,0.6909976224479084,0.7137997724817358,0.4176720977761919,0.9523683108801816,1.0,0.9811354488586138,0.19147251651610717,CombinedTraditionalGiniRatioStdMean
79.32744473925452,0.8892617418691277,0.2461303819749039,0.9328259850092608,0.9119408175871309,1.0,0.974820591210746,0.26395065318160976,CombinedTraditionalGiniRatioStdMean
56.06818152126457,0.8623402140789952,0.7412711707368463,0.6538993283362431,0.9486207997374129,0.9642857142857144,0.9804038754131859,0.10953994215616951,CombinedTraditionalGiniRatioStdMean
56.73707592667717,0.4247175814762087,0.3175468262266913,0.666430158941959,0.9571051774921673,1.0,0.9810780438277408,0.2748234326915518,CombinedTraditionalGiniRatioStdMean
65.24933356100662,0.8695335209156092,0.2028584817318925,0.9290555413580354,0.9200985790523845,1.0,0.9833018972509857,0.2680985596862389,CombinedTraditionalGiniRatioStdMean
54.1746895537529,0.8038384728057465,0.736050283703855,0.3857666870694062,0.9504128046781101,1.0,0.9890871947793562,0.19926712917777675,CombinedTraditionalGiniRatioStdMean
48.7715927755528,0.9013172749955564,0.3653631520017062,0.4851927463000818,0.9533578955161287,1.0,0.9796447452678816,0.24049518179129875,CombinedTraditionalGiniRatioStdMean
57.69989233536052,0.6895630588478344,0.8264299384068352,0.4812641929297647,0.930647275412213,1.0,0.9805457030944335,0.17046797019414886,CombinedTraditionalGiniRatioStdMean
58.587565917350354,0.651022581882411,0.366255218907462,0.5752346283978856,0.9533019075859593,0.9642857142857144,0.9803430322329882,0.21524883892364896,CombinedTraditionalGiniRatioStdMean
76.65398792186693,0.966654687015914,0.8214156558367438,0.8690761973846878,0.9104318310780124,1.0,0.9709643309014779,0.06052665469702911,CombinedTraditionalGiniRatioStdMean
66.64803875428508,0.9503861202488072,0.7636345590980401,0.7619698420315952,0.9320695338642594,1.0,0.9803891028313703,0.09279399635176458,CombinedTraditionalGiniRatioStdMean
69.67707618725535,0.8592688652377036,0.7142591715248089,0.8943308053169667,0.9256396080417987,1.0,0.9749954638379037,0.08934974860723507,CombinedTraditionalGiniRatioStdMean
79.78755896944766,0.8773394289491463,0.6080504417318008,0.6760059412895285,0.9117008369210304,1.0,0.9750304625874051,0.1362670982988639,CombinedTraditionalGiniRatioStdMean
69.2717059849121,0.8315361871320588,0.9000140929721488,0.8451887638058152,0.925051298364364,1.0,0.9646826310054801,0.07418254258365056,CombinedTraditionalGiniRatioStdMean
79.01066686263825,0.9547873468336446,0.6560943032365265,0.4784403286199647,0.910181467880851,1.0,0.9730287937136639,0.18267007488849482,CombinedTraditionalGiniRatioStdMean
69.69686843521453,0.5898619203691079,0.4252061715914852,0.8181747006212702,0.9284916163776186,1.0,0.9907661615647751,0.21279711691534728,CombinedTraditionalGiniRatioStdMean
57.26701150128218,0.9136008696276332,0.6282052642132664,0.701206215856615,0.9403977016340298,1.0,0.9841917449169227,0.13251793404909581,CombinedTraditionalGiniRatioStdMean
64.43876681008555,0.9802089323530642,0.7592899129497795,0.8359977090574414,0.9321055637523591,1.0,0.98684313667064,0.08861550855231388,CombinedTraditionalGiniRatioStdMean
59.61861227663894,0.7372214027039604,0.5135921406973607,0.830024597136637,0.9411683978099166,1.0,0.9818924549775747,0.15719937945306653,CombinedTraditionalGiniRatioStdMean
69.78749621739532,0.7052309135907415,0.2401559792260909,0.5450877365252954,0.9315063728691992,1.0,0.9904618490612243,0.2585815009929949,CombinedTraditionalGiniRatioStdMean
67.3362866477589,0.9389043470678784,0.7294394546511375,0.7565033622742621,0.9299836264169351,1.0,0.9870254139590311,0.10034168954484782,CombinedTraditionalGiniRatioStdMean
68.10990272288251,0.9400362252981106,0.6939905731215232,0.6851909607684794,0.9301135484929018,1.0,0.9889716188867671,0.12148883306093129,CombinedTraditionalGiniRatioStdMean
72.4119779159144,0.7395390406018092,0.0001794395665986,0.0048295476967141,0.9243153108903988,1.0,0.9914286745075948,0.41701135325200567,CombinedTraditionalGiniRatioStdMean
68.8183858866455,0.94181545781181,0.403209746864032,0.6627408258732518,0.9332700102074452,1.0,0.9883956764707591,0.20583563993734846,CombinedTraditionalGiniRatioStdMean
71.05213641076672,0.9736525939297156,0.8632613475491623,0.9095672851777102,0.9120027378403243,1.0,0.9612926222889479,0.045360132615793074,CombinedTraditionalGiniRatioStdMean
62.62383990996107,0.9589903434697647,0.4321850590913993,0.9022302857201986,0.9359965759000757,1.0,0.9819334934455832,0.1947446832605337,CombinedTraditionalGiniRatioStdMean
67.54975025724993,0.9492094829376836,0.6309682643253394,0.7140712558464996,0.9310432584899759,1.0,0.9881977824571401,0.13286383161069357,CombinedTraditionalGiniRatioStdMean
63.60321873646767,0.962614307950702,0.6396328554366936,0.9353979547324028,0.9349847348636632,1.0,0.9719882121800942,0.12238196606430056,CombinedTraditionalGiniRatioStdMean
69.17754590258771,0.6762652651999548,0.4601002071044529,0.6786528798369976,0.9311475869121305,1.0,0.9920502088200656,0.18073125730767653,CombinedTraditionalGiniRatioStdMean
64.66218716923312,0.7939782569030462,0.6637012156812355,0.9077808947646938,0.9355760143405563,1.0,0.981414706773486,0.11258385505695018,CombinedTraditionalGiniRatioStdMean
65.27414982417973,0.8920352190482246,0.6579081298299243,0.8764073249648491,0.9347190015285406,1.0,0.9824627047490762,0.11941669766080898,CombinedTraditionalGiniRatioStdMean
75.92474829488127,0.98139736136986,0.6840984384954093,0.9016491348189988,0.9108746859879984,1.0,0.9847506924163325,0.12927791451217036,CombinedTraditionalGiniRatioStdMean
68.28497153202548,0.6340276474793327,0.7209926417166513,0.4704267116259655,0.9292421883733466,1.0,0.9912382879032063,0.17840792976359424,CombinedTraditionalGiniRatioStdMean
58.66662234670613,0.945844548022988,0.7242890870746886,0.9201809201316986,0.934420880388437,1.0,0.9703052951498724,0.08877216289257327,CombinedTraditionalGiniRatioStdMean
64.46833831810685,0.7648646997323769,0.5357384654754965,0.666578602354141,0.9402027079479315,1.0,0.9854120743884873,0.16082174266731625,CombinedTraditionalGiniRatioStdMean
61.68321661058625,0.8732614354882535,0.5329273384367605,0.6363954205554496,0.940305402405862,1.0,0.9850264735835788,0.16958528107928733,CombinedTraditionalGiniRatioStdMean
78.62565373178913,0.954210963620488,0.7755582004625635,0.8696608979914319,0.9114735702322119,1.0,0.9672020931254629,0.09787244231548838,CombinedTraditionalGiniRatioStdMean
69.68169499886505,0.7697089987940545,0.3769911349967527,0.5670237192662226,0.9300640351290401,1.0,0.9890304197028016,0.22688277370237517,CombinedTraditionalGiniRatioStdMean
69.36373269492228,0.5694850312958075,0.6471993739808601,0.9089636287868352,0.9288897433354216,1.0,0.9841463236695746,0.1603960022028051,CombinedTraditionalGiniRatioStdMean
69.71499564948363,0.8215080517583204,0.5078229104955683,0.808143872652618,0.9271889006354541,1.0,0.9826549850915208,0.15835511833766566,CombinedTraditionalGiniRatioStdMean
68.4333808446589,0.6250948483780799,0.6936702064341512,0.4631769712285193,0.9312922080534138,1.0,0.9919700748571412,0.19233682311167222,CombinedTraditionalGiniRatioStdMean
69.63682138900754,0.9695180741354436,0.513326374153256,0.7888137426083828,0.9291749310305593,1.0,0.9823322619935821,0.17027270379270593,CombinedTraditionalGiniRatioStdMean
77.09631471610038,0.4641944396799002,0.2039870112160977,0.4490503212697624,0.9207040043116576,1.0,0.9808748903256396,0.30345053878700023,CombinedTraditionalGiniRatioStdMean
61.7154635334951,0.8034564738628371,0.5708880501584043,0.4472843217236324,0.9409219862168212,1.0,0.9933992431636404,0.200951850067542,CombinedTraditionalGiniRatioStdMean
69.09753430117327,0.8011079687101534,0.7342736270491996,0.9160251255222532,0.9276021729328262,1.0,0.9761545667403151,0.11647649965770554,CombinedTraditionalGiniRatioStdMean
69.20964502809618,0.923040381874116,0.6509624103034588,0.9303615016578816,0.9253356185509514,1.0,0.9679783136831026,0.13084517334041343,CombinedTraditionalGiniRatioStdMean
64.50665451908078,0.8401635519852102,0.74768269427254,0.9312560635598782,0.9332201846490779,1.0,0.9755050539701798,0.11074180656249508,CombinedTraditionalGiniRatioStdMean
62.36932519393203,0.9811238322672688,0.8032062987755249,0.7903585961551499,0.9337456184137649,1.0,0.9705827538581663,0.11150927652414336,CombinedTraditionalGiniRatioStdMean
64.03718739568481,0.7966587983245554,0.3690528707598067,0.8139596816117468,0.9408680161331551,1.0,0.9795631997760823,0.2041383237715197,CombinedTraditionalGiniRatioStdMean
66.18093160151484,0.8041296045617637,0.4407806042416452,0.6518170576846694,0.94027108516495,1.0,0.98695317536154,0.1862866544527411,CombinedTraditionalGiniRatioStdMean
68.87132126022603,0.9171691588504244,0.5131494376385436,0.3867872412046028,0.9331010749414864,1.0,0.9834260998977853,0.22851081718728514,CombinedTraditionalGiniRatioStdMean
71.01582335862884,0.9045550820524944,0.908771031551832,0.9086749137617096,0.9102597934563014,1.0,0.9545448210231201,0.09402696993694,CombinedTraditionalGiniRatioStdMean
61.32949576866003,0.921205139107588,0.4575127137502895,0.8618907376232285,0.940074591409314,1.0,0.9726644242034336,0.1851977564280566,CombinedTraditionalGiniRatioStdMean
70.9789703446546,0.9824755054358268,0.6333725674315774,0.8750512248628362,0.9229656823940332,1.0,0.9777584904999411,0.14291446359486745,CombinedTraditionalGiniRatioStdMean
60.8403705663488,0.5783728084962345,0.3406100540677446,0.8842120191587439,0.9446771602145954,1.0,0.9810319075804999,0.24011759491283907,CombinedTraditionalGiniRatioStdMean
68.66214860504705,0.9076706255119058,0.7112435107349748,0.920213962331002,0.9257669738091172,1.0,0.9759664930748049,0.12016682060990931,CombinedTraditionalGiniRatioStdMean
67.27383387143169,0.5751330596350297,0.6711835914385564,0.770096563759546,0.9327973299307233,1.0,0.9912809447556296,0.14712588212941857,CombinedTraditionalGiniRatioStdMean
71.23102298378512,0.9853593431803248,0.9039185790250271,0.7092475821098669,0.9109123379745871,1.0,0.9715960581113533,0.09701786846594737,CombinedTraditionalGiniRatioStdMean
64.4005987738206,0.8745918737363579,0.8050506000644873,0.7025763329554445,0.93335440538883,1.0,0.9755026466023919,0.11479312390976183,CombinedTraditionalGiniRatioStdMean
63.67021862536336,0.981906854802128,0.3088123501545903,0.6092757660185948,0.9426540763437928,1.0,0.9887872900233869,0.25613073708256995,CombinedTraditionalGiniRatioStdMean
80.05147092296335,0.76698435272126,0.6473733637774209,0.4525726451605226,0.9110583572663272,1.0,0.9742279992151418,0.19365056161157274,CombinedTraditionalGiniRatioStdMean
36.99734091566237,0.8114997882933843,0.4113287599886831,0.900924185835872,0.9501069691224043,1.0,0.9823452192899004,0.197308748917579,CombinedTraditionalGiniRatioStdMean
65.57449058526457,0.7344765000353092,0.7968875202059338,0.8503435794374262,0.9320624242056573,1.0,0.9733194405651273,0.10623125613980443,CombinedTraditionalGiniRatioStdMean
57.76566801940865,0.8486754529255115,0.6414937947672537,0.5932041527582741,0.9401754441763892,1.0,0.9774954236798004,0.15889896361203673,CombinedTraditionalGiniRatioStdMean
58.76364178818343,0.9166961975673392,0.8300930798033689,0.8961949155088795,0.933183550224149,1.0,0.9743639919859067,0.08916894251624154,CombinedTraditionalGiniRatioStdMean
61.22730147899039,0.7795924672267498,0.5207099303493099,0.817290756162753,0.9401632116260377,1.0,0.9711782250703053,0.15581752807947727,CombinedTraditionalGiniRatioStdMean
58.6847052821642,0.9258285537601424,0.4134416367665761,0.4320000889383097,0.9422518138613359,1.0,0.9806111576100391,0.25359387721382337,CombinedTraditionalGiniRatioStdMean
69.16814720880691,0.7534477266915446,0.5974831785348208,0.5230430272349963,0.9332204652199317,1.0,0.9861477324416654,0.16876747424655228,CombinedTraditionalGiniRatioStdMean
57.54132906787535,0.8094029750831745,0.4776027780091023,0.895763889890478,0.9420113854705019,1.0,0.9807294139497618,0.17396392719569598,CombinedTraditionalGiniRatioStdMean
79.4635961382369,0.388562096203857,0.2181119394430979,0.0320807363098351,0.9200409602390177,1.0,0.985878853565086,0.3899267665604326,CombinedTraditionalGiniRatioStdMean
64.77411730591426,0.7304729727725908,0.5792168860516262,0.500023154488836,0.9402940708007013,1.0,0.9819208742364434,0.17905338055029643,CombinedTraditionalGiniRatioStdMean
65.73093160006911,0.8742359422183914,0.7008760169688815,0.5981877735984713,0.9340045386266582,1.0,0.9914326510706251,0.143997733533119,CombinedTraditionalGiniRatioStdMean
60.14618664310692,0.6269788960019471,0.605501586458289,0.5596134586804785,0.9402505575811579,1.0,0.9717359038106826,0.16968843232641667,CombinedTraditionalGiniRatioStdMean
58.34371366367144,0.7068106476830087,0.6407602717033877,0.6113765141062051,0.9405550104131569,1.0,0.9754969345550955,0.14884730894625833,CombinedTraditionalGiniRatioStdMean
69.84396933759328,0.7703770827440732,0.8295556343709417,0.3652260523005363,0.926111573822313,1.0,0.9846526082139052,0.20392444613016988,CombinedTraditionalGiniRatioStdMean
68.64238833551501,0.7737287878000668,0.4078322161356746,0.6368801643738067,0.9354857799026776,1.0,0.9903326965541243,0.20942107849436592,CombinedTraditionalGiniRatioStdMean
63.09279954493207,0.8164747684918638,0.4052816280020159,0.8186931996001806,0.941469004384993,1.0,0.9764226550473198,0.19461052966624137,CombinedTraditionalGiniRatioStdMean
70.69055408975485,0.7058552021700195,0.411385750201192,0.1114139317005642,0.9290506246209063,1.0,0.9900706001913727,0.32514947110366027,CombinedTraditionalGiniRatioStdMean
65.34374673603904,0.9449943502872346,0.5991613566228925,0.7516714547729454,0.9355039144967766,1.0,0.9912046586683544,0.14219877992437488,CombinedTraditionalGiniRatioStdMean
69.0098076660945,0.6830870119922593,0.3388103645721517,0.8398673539261822,0.9346999999308908,1.0,0.9871557910316341,0.21609169558541044,CombinedTraditionalGiniRatioStdMean
70.18664200238773,0.4665786066498174,0.4634313200688747,0.5121174932019726,0.9286855946837042,1.0,0.9901407823561186,0.24092014607867443,CombinedTraditionalGiniRatioStdMean
70.1026621198856,0.6167910132149531,0.2574470632053841,0.632665275509321,0.9280154449275124,1.0,0.9902075227040862,0.24434170283080886,CombinedTraditionalGiniRatioStdMean
66.6730762827058,0.6154237398935513,0.7220204684861353,0.8026839108940084,0.9340063533711119,1.0,0.9891895916318204,0.1395721142786864,CombinedTraditionalGiniRatioStdMean
66.47113850968907,0.4074777862378041,0.3732173779068953,0.7043640739187067,0.9401931445212255,1.0,0.9844064941862711,0.23769087939451558,CombinedTraditionalGiniRatioStdMean
70.69542154813325,0.5325572396149472,0.3130990510328481,0.4251715991396972,0.9300026954534955,1.0,0.9893913475228668,0.2525280118616083,CombinedTraditionalGiniRatioStdMean
67.24918250078905,0.3922045421269318,0.3089344740256463,0.2221750845561366,0.9413696616743786,1.0,0.9870957778552352,0.33422693861051417,CombinedTraditionalGiniRatioStdMean
60.92395406340084,0.8055370171322506,0.551683276087003,0.8962085665998669,0.940676274084017,1.0,0.975004799809238,0.1490266453368053,CombinedTraditionalGiniRatioStdMean
63.884645851639405,0.9425121978592228,0.909338208927387,0.911070870289697,0.925983855952126,1.0,0.9520061801665365,0.09201343841873454,CombinedTraditionalGiniRatioStdMean
76.57686557164405,0.8317828206552919,0.4424280663453691,0.3244620462733215,0.9205626548871634,1.0,0.9826090194472247,0.25977147646170873,CombinedTraditionalGiniRatioStdMean
68.6112102416283,0.5916298871665869,0.3399574940278861,0.1799487311172918,0.9401223319654816,1.0,0.9875594127787467,0.29702996091162087,CombinedTraditionalGiniRatioStdMean
69.56388817364241,0.8605963204799812,0.3872317876347537,0.3952888999623704,0.9324648289532731,1.0,0.9867504210270426,0.25493920035529327,CombinedTraditionalGiniRatioStdMean
66.92297830318127,0.7061040039415408,0.3562107252645319,0.5207511907404526,0.9408866974904619,1.0,0.9823845670004796,0.2420580007263935,CombinedTraditionalGiniRatioStdMean
38.85549065338176,0.9075990464413364,0.8220575243740093,0.8829411619413382,0.9401024952399375,1.0,0.97733972517023,0.14591047178294772,CombinedTraditionalGiniRatioStdMean
68.75504769561803,0.4035332352284063,0.7786242467973382,0.1032116813243188,0.9288227595816612,1.0,0.9912747451971388,0.3106382478817732,CombinedTraditionalGiniRatioStdMean
69.13630015758753,0.5562063084183775,0.5008265394511249,0.7057935595218973,0.9310706172732912,1.0,0.9820754895008665,0.19910140100083332,CombinedTraditionalGiniRatioStdMean
64.26097615883255,0.9501506180624256,0.2701369358453166,0.6182333553170867,0.9424682316165673,1.0,0.9901013212342512,0.25516708003402333,CombinedTraditionalGiniRatioStdMean
71.08753632259196,0.5447777248366428,0.4241382728327199,0.2820929940313204,0.9279498486158341,1.0,0.9904059623568626,0.2817917942599119,CombinedTraditionalGiniRatioStdMean
39.13568601249633,0.926466208070328,0.804935576479269,0.7996555224335423,0.9411097995559289,1.0,0.9756346196924605,0.10053615669044444,CombinedTraditionalGiniRatioStdMean
71.32095970553692,0.5509357799522909,0.8330861430843639,0.8651432051003168,0.9151276079386237,1.0,0.9806116547770912,0.14782816042454633,CombinedTraditionalGiniRatioStdMean
67.27344671877529,0.5381826291607752,0.4209616414470835,0.1839250211514869,0.9404169243595638,1.0,0.9874714749459347,0.2863745168189195,CombinedTraditionalGiniRatioStdMean
74.77519264359078,0.5711961317660793,0.3109355524000758,0.8050510634785342,0.9199068099461579,1.0,0.9915298468840215,0.2389977322790862,CombinedTraditionalGiniRatioStdMean
69.09876486120888,0.4626917321136859,0.490118749022818,0.8038667089699261,0.931057904294828,1.0,0.9908834224696145,0.21768833189043316,CombinedTraditionalGiniRatioStdMean
70.68641000071808,0.5526107551680564,0.3017450793677954,0.3311747764469473,0.9306792107418302,1.0,0.9901050736731764,0.2694808560400245,CombinedTraditionalGiniRatioStdMean
69.365531445942,0.3694472407326126,0.6353026294687052,0.3988829635021355,0.9327101282087339,1.0,0.9892987633732281,0.24026874031490034,CombinedTraditionalGiniRatioStdMean
50.47883716370018,0.892891170335362,0.9108134307327068,0.9298508729375908,0.9317236320054139,1.0,0.962408030393682,0.08316195231421036,CombinedTraditionalGiniRatioStdMean
80.77840946768869,0.9071560637184763,0.4085611508188096,0.5661339387882681,0.9108832650779038,1.0,0.97201371110946,0.21011543553899525,CombinedTraditionalGiniRatioStdMean
66.31855978808356,0.967799764170072,0.810528207971801,0.9002997928981875,0.9308613085080252,1.0,0.952895476010976,0.1171448470757667,CombinedTraditionalGiniRatioStdMean
69.11201454415375,0.8831762113739668,0.6699315803685705,0.8619093369141465,0.9300881633292482,1.0,0.9770421750007766,0.14848526365961276,CombinedTraditionalGiniRatioStdMean
68.16738048903619,0.9743704631921694,0.5746554027948678,0.9286556420351768,0.9321865870628498,1.0,0.9646373702658517,0.179816482736813,CombinedTraditionalGiniRatioStdMean
81.02020923460239,0.8533588321476319,0.3143036103405182,0.4807200026307047,0.9058296999563591,1.0,0.97570129232813,0.24227017139478085,CombinedTraditionalGiniRatioStdMean
77.39375162842238,0.012006541108952,0.0056651666406546,0.7684395342204859,0.9200090460414883,1.0,0.9909441474176602,0.43497035716840143,CombinedTraditionalGiniRatioStdMean
70.61696491035812,0.2788804472985213,0.7210687701693935,0.5021485743124025,0.9210262820943941,1.0,0.9876696484844886,0.26424017223115054,CombinedTraditionalGiniRatioStdMean
78.6548703878,0.761669928588498,0.2324494755875256,0.3590330129345406,0.9215556052796507,1.0,0.9810311537596633,0.28012323064451694,CombinedTraditionalGiniRatioStdMean
69.75169805120579,0.6027502080696888,0.4615356179058127,0.4933107707392154,0.9300551935493216,1.0,0.9913851722026604,0.2052152432476717,CombinedTraditionalGiniRatioStdMean
41.670058087389215,0.9377660484544348,0.83327333093449,0.819533428358444,0.9381022094378725,1.0,0.9815263471947677,0.10489755672237862,CombinedTraditionalGiniRatioStdMean
61.02655802177748,0.5450917091271613,0.6098839017653639,0.2758312424295682,0.9400683407030391,1.0,0.9831372292104233,0.2634006891880123,CombinedTraditionalGiniRatioStdMean
59.01279285013673,0.8365035525102765,0.9053520419244974,0.8957322899454228,0.9304383051996289,1.0,0.942689019492906,0.09464275530433962,CombinedTraditionalGiniRatioStdMean
67.53368307971924,0.6322490826039443,0.7323900324546074,0.7557363205068944,0.9311158850742682,1.0,0.9868801093771129,0.1332575858968894,CombinedTraditionalGiniRatioStdMean
60.288679033671386,0.3154385512203593,0.5308883485733678,0.8445623898034622,0.9417441519037973,1.0,0.9872419817285706,0.23909326001678122,CombinedTraditionalGiniRatioStdMean
69.72480965772051,0.4218364464136009,0.6381647401930803,0.8209832086299809,0.9285502897591009,1.0,0.9923697685855758,0.20675195461085977,CombinedTraditionalGiniRatioStdMean
69.32364618046711,0.90170512450933,0.9006853485334072,0.9294505579258991,0.9245680487388601,1.0,0.9437124501374307,0.0971913319113179,CombinedTraditionalGiniRatioStdMean
65.19104535399283,0.4029677675992424,0.5131130680085962,0.3415786873972895,0.9405195691955659,1.0,0.9848768695551896,0.2538239807680585,CombinedTraditionalGiniRatioStdMean
70.76528487227617,0.6351231126430874,0.4108385057393899,0.2644266178483639,0.928262276174656,1.0,0.9906827086560688,0.28959454033728343,CombinedTraditionalGiniRatioStdMean
59.72793222124677,0.9789623458407242,0.6272766207125146,0.9442051663208916,0.9352775659525537,1.0,0.980204313579439,0.14738352283024436,CombinedTraditionalGiniRatioStdMean
67.8236374633761,0.955892024065144,0.8446783212513609,0.8177602936256226,0.9282214751092489,1.0,0.9613162475404824,0.09331834394917,CombinedTraditionalGiniRatioStdMean
56.136639809049086,0.8064694869795919,0.4253195230530497,0.8048352798250524,0.9548937474904801,1.0,0.9812332940147062,0.18821885897898472,CombinedTraditionalGiniRatioStdMean
80.56703306245461,0.900852341199212,0.280879318166302,0.6375294488286336,0.9151824164589392,1.0,0.9744536459093271,0.24087141785964256,CombinedTraditionalGiniRatioStdMean
63.362181459830026,0.9871248015883248,0.9052403048253592,0.9118398931921176,0.9286731497031234,1.0,0.9668908542436918,0.09845311309853295,CombinedTraditionalGiniRatioStdMean
32.0579112883213,0.9572946053052012,0.9010790988498636,0.793698390699299,0.9310989203883058,1.0,0.9846585561067539,0.10765310888219796,CombinedTraditionalGiniRatioStdMean
67.63421335371258,0.8373420228273138,0.8645299067003481,0.8935303059380679,0.9303434709907933,1.0,0.9527733262934589,0.08393755313653768,CombinedTraditionalGiniRatioStdMean
33.339294115886055,0.8602073207587793,0.9014764732336044,0.8105083763878311,0.9325479388560713,1.0,0.9816524314074521,0.09281483589836931,CombinedTraditionalGiniRatioStdMean
68.74203262747449,0.802705987366772,0.5413078243903298,0.8816067079892571,0.9331762043618929,1.0,0.9831555392869028,0.15402272123054303,CombinedTraditionalGiniRatioStdMean
71.33630926424435,0.5517432826249576,0.270159531371807,0.5432377223844762,0.9301662132424565,1.0,0.9907450780549333,0.24721690255767978,CombinedTraditionalGiniRatioStdMean
80.28212626615691,0.923078233832788,0.5118161721538368,0.4835309162442522,0.9123691895698042,1.0,0.9705589274278893,0.20323183001861442,CombinedTraditionalGiniRatioStdMean
70.20471686369575,0.3628332395663715,0.2571310545913774,0.6859988319062967,0.9302397467150383,1.0,0.9901886085201542,0.27442693765693693,CombinedTraditionalGiniRatioStdMean
75.54793146949154,0.6162830136014856,0.1284947510088743,0.3340888729461016,0.9244553815206912,1.0,0.9903565547105584,0.30674130636456726,CombinedTraditionalGiniRatioStdMean
66.79883283388843,0.8505934831895648,0.6613315083333385,0.9222569568256624,0.9326095442434296,1.0,0.9699377115747037,0.16936831088949267,CombinedTraditionalGiniRatioStdMean
80.16750655862226,0.916077980543523,0.4422665948404438,0.6753874413579262,0.9118120890423579,1.0,0.9743665047864702,0.19086276543071265,CombinedTraditionalGiniRatioStdMean
80.6769311495957,0.7487169426130115,0.5984724475050078,0.712746238426751,0.9120458922984259,1.0,0.9714494065416294,0.1648597491452571,CombinedTraditionalGiniRatioStdMean
71.56410668972056,0.904218584594297,0.9015542463685454,0.8591459247608892,0.9106160482070913,1.0,0.9560252870128209,0.05044480654279963,CombinedTraditionalGiniRatioStdMean
59.76659986106027,0.6568285270538692,0.6436094429874549,0.6719632653823437,0.9400295561558035,1.0,0.9784443007666475,0.1463224030433196,CombinedTraditionalGiniRatioStdMean
44.81176114720986,0.967147156242918,0.8407102434949828,0.9039612572307782,0.9361796995157523,1.0,0.9727291484550267,0.05425218347464651,CombinedTraditionalGiniRatioStdMean
81.01518282308751,0.8082182154836942,0.1423787207737113,0.3657477520595434,0.9143354355553394,1.0,0.9872005292571653,0.3214522879383191,CombinedTraditionalGiniRatioStdMean
68.1857702314904,0.4429357367891386,0.8098373931319743,0.3138062227502923,0.9288208226702038,1.0,0.9907560662435771,0.2644320336834466,CombinedTraditionalGiniRatioStdMean
56.11568858004951,0.8065603831845133,0.5108333164334966,0.8055117415111747,0.9461758433425458,0.9642857142857144,0.9803903515678111,0.15199049892112068,CombinedTraditionalGiniRatioStdMean
67.51054635753128,0.7534270666444155,0.2823898177669242,0.8627773127173118,0.9401720015543652,1.0,0.9865162895278121,0.23464651066904393,CombinedTraditionalGiniRatioStdMean
52.10755179986311,0.9166294069544486,0.5849100153428798,0.9223455998341484,0.9412159014921675,1.0,0.9705447624294524,0.1403528071115599,CombinedTraditionalGiniRatioStdMean
66.8340955379177,0.9669979971287898,0.8094693788044888,0.8598904461738462,0.9317475585049471,1.0,0.9691228434166869,0.11385590264846755,CombinedTraditionalGiniRatioStdMean
63.371994062951686,0.983119502665069,0.8772251787197736,0.9058454783240188,0.9301019605735377,1.0,0.9612489525888502,0.042799289293149384,CombinedTraditionalGiniRatioStdMean
67.13824993327877,0.989272406325929,0.6005170599712146,0.8998025410477989,0.9324086131176482,1.0,0.9690770812952985,0.15209863469655893,CombinedTraditionalGiniRatioStdMean
69.5659042637243,0.9838307738458616,0.8706066444172169,0.902222306996116,0.9246268798773458,1.0,0.9586783873017474,0.048486436410814175,CombinedTraditionalGiniRatioStdMean
70.58521741281507,0.6034218738532097,0.1975115216577178,0.3559314695971025,0.931218474232968,1.0,0.988634555599667,0.2870544819913569,CombinedTraditionalGiniRatioStdMean
65.49176251301604,0.3839674111579946,0.8078427534528774,0.103169408464627,0.9330551384590293,1.0,0.9870148212852232,0.3165967057230378,CombinedTraditionalGiniRatioStdMean
70.2856813309033,0.5522773972421859,0.3065938052491024,0.5440899546411991,0.933340001315825,1.0,0.9883307072480773,0.23805833170121946,CombinedTraditionalGiniRatioStdMean
63.39170304688116,0.4187967560951897,0.4899987794226486,0.8226141443417097,0.9416751739436465,1.0,0.9892526524521585,0.2355987811274728,CombinedTraditionalGiniRatioStdMean
70.09193604977729,0.8314313118294959,0.7131492847096872,0.7415881803876445,0.9262911020864855,1.0,0.9869132196756905,0.11319437262554449,CombinedTraditionalGiniRatioStdMean
55.74109579172635,0.7433441264329794,0.5379977123626429,0.7122152474638989,0.9516133163566483,1.0,0.9804928559163859,0.16287952669780628,CombinedTraditionalGiniRatioStdMean
80.05931017477283,0.6758288950083473,0.6004800195072614,0.7109269889694276,0.9102761427979348,1.0,0.9698854429100404,0.15551667477292963,CombinedTraditionalGiniRatioStdMean
78.01483080962733,0.5025325390898494,0.0485784675872449,0.7914895237836834,0.9186653432192435,1.0,0.9909621303920292,0.338419866070911,CombinedTraditionalGiniRatioStdMean
80.82727040888314,0.9852098376664732,0.5158194197193456,0.3527553446089042,0.9083800346789287,1.0,0.981775265702157,0.25483580181933185,CombinedTraditionalGiniRatioStdMean
66.84424712138073,0.8647043393967612,0.8105400795763287,0.912146351156062,0.9312747896535148,1.0,0.9503982918254015,0.06581928930000093,CombinedTraditionalGiniRatioStdMean
71.19843751270493,0.8726190643161776,0.557335553446261,0.7099351380173605,0.9221188726200216,1.0,0.9825964520598441,0.1584327782762538,CombinedTraditionalGiniRatioStdMean
69.73322649175215,0.763182852517259,0.5416075752818167,0.4424589523185578,0.930184989833747,1.0,0.9899057616298812,0.19690439215338004,CombinedTraditionalGiniRatioStdMean
79.33874083947903,0.9036334923672452,0.141629000204048,0.5625188641223718,0.9201989625329569,1.0,0.9811052446893349,0.3054069174629979,CombinedTraditionalGiniRatioStdMean
59.7120294483411,0.9176379828041076,0.392267453619664,0.9071979084398544,0.9405940955565855,1.0,0.9822177462515258,0.2064046176367125,CombinedTraditionalGiniRatioStdMean
48.45288272070765,0.8079391244116733,0.7399732740251973,0.8097876433127379,0.9410093512626829,1.0,0.9808967014983597,0.08751539724007427,CombinedTraditionalGiniRatioStdMean
52.59964356532448,0.8713703558545096,0.5051174697712779,0.9263969946692706,0.9404457765778562,1.0,0.9823673981445054,0.16528826753270723,CombinedTraditionalGiniRatioStdMean
65.44014314555173,0.7392618541738024,0.7629309275971913,0.9025321006152692,0.9328789245149101,1.0,0.9773721467801464,0.0961598194114453,CombinedTraditionalGiniRatioStdMean
77.02773294279326,0.2574555079006819,0.3978014325210391,0.0859645192686728,0.92046524906503,1.0,0.9870680926379231,0.3690076696171976,CombinedTraditionalGiniRatioStdMean
70.01552030060701,0.6542319218659216,0.219283426992355,0.8674222508062406,0.9336386404127859,1.0,0.9899113613037226,0.25993191292412426,CombinedTraditionalGiniRatioStdMean
39.48886546118673,0.9259990531445096,0.7257926586437123,0.9030984081845196,0.9403586598316487,1.0,0.9638735617546974,0.08857875538285483,CombinedTraditionalGiniRatioStdMean
77.13853873237962,0.9923928103119378,0.903547797546275,0.9073434915051906,0.904590218413175,1.0,0.9831192114751787,0.04237017532522267,CombinedTraditionalGiniRatioStdMean
47.95842714528405,0.800875165667003,0.7526298366394661,0.7321242356775444,0.9502029249126447,0.9642857142857144,0.9726983679273496,0.10129406607024138,CombinedTraditionalGiniRatioStdMean
71.75618213689656,0.8892764731494665,0.6045070213736267,0.5721020542846863,0.9203594266844366,1.0,0.982278921210836,0.16485282640307938,CombinedTraditionalGiniRatioStdMean
53.0751521587771,0.8161103731630754,0.6052586839812846,0.6488432329447352,0.9557615447615978,1.0,0.9823866900540359,0.14764873894276168,CombinedTraditionalGiniRatioStdMean
56.69928563573061,0.9513164543590108,0.3472881826039881,0.4644983144790299,0.9413187922141679,0.9642857142857144,0.9904079594411874,0.2563848161574174,CombinedTraditionalGiniRatioStdMean
54.4013830377041,0.8302593994202692,0.3390592036319861,0.4447664596468413,0.9626560674755379,1.0,0.9862724132025781,0.2593525750507864,CombinedTraditionalGiniRatioStdMean
55.37859286749559,0.9269599784062504,0.1567510821100882,0.3024974661449341,0.9509307952914525,1.0,0.9921631542464572,0.3382556101255346,CombinedTraditionalGiniRatioStdMean
76.22621878100277,0.7136952574866938,0.2505135934939792,0.5113976519820884,0.9204053529987709,1.0,0.9849542940617569,0.2735847021824987,CombinedTraditionalGiniRatioStdMean
53.02280536865281,0.900010718780595,0.2330468905965379,0.6055844521321009,0.9518125797967412,0.9642857142857144,0.9805066301059397,0.26686790905193664,CombinedTraditionalGiniRatioStdMean
66.01635660661188,0.9167556034260396,0.2867766049247825,0.8357393235281437,0.9206647078024371,1.0,0.981962991434994,0.25854939391590553,CombinedTraditionalGiniRatioStdMean
56.877671291594325,0.7477793891644595,0.6586735196268656,0.7375316297495218,0.9517264371413244,0.9642857142857144,0.9762506451344048,0.11522410822396809,CombinedTraditionalGiniRatioStdMean
79.02799503255191,0.7423799796818434,0.4296655702267301,0.3537998840128608,0.9153792601354684,1.0,0.9808021895532844,0.2353636270589549,CombinedTraditionalGiniRatioStdMean
56.18665679361787,0.7354901168742118,0.2244508023255775,0.1928807284142723,0.9611156226054735,0.9642857142857144,0.9779677513169862,0.31498349434463224,CombinedTraditionalGiniRatioStdMean
57.71479958749914,0.7005774606088465,0.3610799077254246,0.4181280518999462,0.9512373168450311,1.0,0.9907622935822177,0.2553853469593957,CombinedTraditionalGiniRatioStdMean
57.96692621768336,0.767291155121726,0.3766306459662004,0.5945155405046116,0.9478922414451444,1.0,0.9901799539020036,0.22834041119279952,CombinedTraditionalGiniRatioStdMean
71.65188540863886,0.7229068165097788,0.476779221109351,0.8852128252505672,0.9201921188410235,1.0,0.9876983283359225,0.20551112286304127,CombinedTraditionalGiniRatioStdMean
78.17962459423505,0.567567281945554,0.4229812340182183,0.9062877115388818,0.9102223409091607,1.0,0.98164863470395,0.22035296141951688,CombinedTraditionalGiniRatioStdMean
72.62628876781844,0.6179250942126429,0.5523603955471134,0.9088438823392152,0.9127737299011814,1.0,0.990524024341546,0.1859403567265839,CombinedTraditionalGiniRatioStdMean
55.16796354022679,0.448293364991548,0.4354801453219143,0.38405605848402,0.9600595166081753,1.0,0.9792690362371533,0.2742151126459118,CombinedTraditionalGiniRatioStdMean
54.0889416472352,0.8164103703653045,0.804409473788503,0.5639209906092383,0.9507777504603988,0.9642857142857144,0.9782040669249041,0.1440510942004289,CombinedTraditionalGiniRatioStdMean
52.846129279691056,0.9545933102935176,0.594685579981778,0.8624043543592147,0.9405124765761733,1.0,0.9921476568207869,0.14483286710112736,CombinedTraditionalGiniRatioStdMean
56.93908664859708,0.7773355562309145,0.7660365310090355,0.8914308604097155,0.9408237581950928,1.0,0.974941834874048,0.09125682759767202,CombinedTraditionalGiniRatioStdMean
53.46902202242263,0.9584299154276206,0.6014622000103719,0.8831423391151407,0.9394539819773057,1.0,0.9925058330449532,0.14256077788374222,CombinedTraditionalGiniRatioStdMean
44.59122728104473,0.7290548435468384,0.9129598419464654,0.7530083774691569,0.9323269707482607,0.9642857142857144,0.9765573607603619,0.09745901180363523,CombinedTraditionalGiniRatioStdMean
56.00624193022279,0.805320137613584,0.6859045099180565,0.9224843658224542,0.9523974579459963,1.0,0.9742194543964497,0.11354884421695886,CombinedTraditionalGiniRatioStdMean
52.06893087198791,0.2569802634670019,0.3732521631284824,0.6195585803102687,0.9623963155176537,1.0,0.9799830886595033,0.30059476268962537,CombinedTraditionalGiniRatioStdMean
56.63635334149184,0.7928009713858373,0.3311377236963567,0.5878636493215654,0.95354027557562,0.9642857142857144,0.9809944973373006,0.24000619551134098,CombinedTraditionalGiniRatioStdMean
56.0327646427396,0.2769068984985602,0.4401121544289889,0.2914265368557892,0.9600090026681996,1.0,0.9813038343870185,0.32080471225050383,CombinedTraditionalGiniRatioStdMean
79.33244626788937,0.8508537151650142,0.3587542370021898,0.817788687691602,0.9119597429304702,1.0,0.9899698814406568,0.2233382257898411,CombinedTraditionalGiniRatioStdMean
51.265012641272016,0.4531236084195815,0.5250503013212713,0.2248602126567208,0.9600384937609157,1.0,0.9834996202816922,0.3007421397626716,CombinedTraditionalGiniRatioStdMean
56.81506397155215,0.9055464542302928,0.8097856527613452,0.8786098292616462,0.9452251496395275,0.9285714285714286,0.9628022395241485,0.04749823366647721,CombinedTraditionalGiniRatioStdMean
56.34438026781167,0.8291656567973775,0.8730672667704514,0.9013973254365948,0.9484835391465681,0.9642857142857144,0.9777828298498505,0.04934439523979131,CombinedTraditionalGiniRatioStdMean
53.56019392351091,0.9011134137324698,0.7478506849896965,0.8204697086516979,0.9448289264031239,1.0,0.9793003354829198,0.08945968686371264,CombinedTraditionalGiniRatioStdMean
64.24406212853322,0.7596566227684324,0.8022793415641503,0.7941661866603371,0.911198635242367,1.0,0.9815215940416462,0.08915381234457802,CombinedTraditionalGiniRatioStdMean
57.24187046248053,0.587379682366697,0.9061455387413424,0.9196139985738064,0.9253118442641438,1.0,0.9737657087891103,0.14392707687967377,CombinedTraditionalGiniRatioStdMean
54.48519232390216,0.3381079111213421,0.3149255657746769,0.5185930857484856,0.961833203382163,1.0,0.9815605503330154,0.29794058138974205,CombinedTraditionalGiniRatioStdMean
54.74164652168449,0.4604202164249703,0.6555932203181848,0.5127890372183376,0.9544328593615579,0.9642857142857144,0.9844332269394798,0.21379885316364353,CombinedTraditionalGiniRatioStdMean
54.85915564725996,0.335364107055183,0.2029657885076198,0.5031131212259575,0.9602622663514951,1.0,0.9786009987017308,0.3246055166405065,CombinedTraditionalGiniRatioStdMean
58.351624720683375,0.6140882957042432,0.9002438867324947,0.7703504398122061,0.923608312259687,1.0,0.970354480367357,0.13571520712190827,CombinedTraditionalGiniRatioStdMean
56.9498260986862,0.8068857582392808,0.37313063545383,0.4990515102045523,0.9548030356251341,0.9642857142857144,0.9777425812990798,0.2414510394867626,CombinedTraditionalGiniRatioStdMean
52.811220730632485,0.9766011466381976,0.902313029879259,0.8883801697892586,0.9171739713053901,1.0,0.9752213256997383,0.04358288535080189,CombinedTraditionalGiniRatioStdMean
53.99383237215368,0.9400392542143214,0.297723243731929,0.4377576163268525,0.9504576610495926,1.0,0.9938516601188935,0.29589574515199923,CombinedTraditionalGiniRatioStdMean
53.49822391203168,0.9621069716201366,0.5644711465698853,0.4536151259436091,0.9405220829934445,1.0,0.9926986890015561,0.22813339780019987,CombinedTraditionalGiniRatioStdMean
79.23964226573396,0.8636946516254315,0.5690237462756689,0.745353097716359,0.9107610659267285,1.0,0.9722882024089612,0.14905240104509165,CombinedTraditionalGiniRatioStdMean
57.284916610537415,0.8972906544401664,0.8108099368202617,0.8720005402604036,0.9429143936613472,0.9285714285714286,0.9645190993799264,0.04676619457180547,CombinedTraditionalGiniRatioStdMean
57.2526527208865,0.7019657270512173,0.8339162431811824,0.7079535265203267,0.9391225890619441,0.9642857142857144,0.9814124273181895,0.11067278516078943,CombinedTraditionalGiniRatioStdMean
52.15577686028716,0.3470717885465804,0.4294141190367072,0.508048601585493,0.9605283466978413,1.0,0.9839079490813182,0.2754983886381224,CombinedTraditionalGiniRatioStdMean
42.50411095406566,0.5906866206287708,0.3496853689402209,0.6835621589415436,0.9619681710920216,1.0,0.9851460544808929,0.2416987543308609,CombinedTraditionalGiniRatioStdMean
77.25553627051933,0.972608175518478,0.556435691601628,0.947528164323508,0.9113773695495587,1.0,0.9817164022433812,0.163208875219239,CombinedTraditionalGiniRatioStdMean
44.26793687922597,0.4590337425997612,0.3562811503954766,0.7051067577610428,0.9604381821791262,0.9642857142857144,0.9793707697590459,0.25032245087810606,CombinedTraditionalGiniRatioStdMean
58.19901010982959,0.3046158845966756,0.3333567124507364,0.671364488310709,0.9541196519591759,0.9642857142857144,0.9791616014226169,0.2867663834215734,CombinedTraditionalGiniRatioStdMean
56.589969866605394,0.9795579947566208,0.8877154029507276,0.9044652341027876,0.9263194022079799,0.9642857142857144,0.9752965029162862,0.034798246050893517,CombinedTraditionalGiniRatioStdMean
44.58599108050544,0.8768899122471724,0.912795226050674,0.7709967867332808,0.9271950993017432,0.9285714285714286,0.971523189035042,0.0591597003897024,CombinedTraditionalGiniRatioStdMean
46.0023598927972,0.9528077541957836,0.5842836382419307,0.8229714742617376,0.9539780386775703,1.0,0.9708304553120832,0.15125894713850302,CombinedTraditionalGiniRatioStdMean
57.936886216551954,0.6161079995409763,0.4938474990090055,0.7103904482614922,0.9500783771747023,1.0,0.9776647492757702,0.19367912357845393,CombinedTraditionalGiniRatioStdMean
56.55850834118039,0.9153082072630616,0.8015709393800673,0.6418968623104162,0.9434984288737867,1.0,0.9710351046561532,0.12697470976263567,CombinedTraditionalGiniRatioStdMean
46.30355049652139,0.7528588506813793,0.7876476912938338,0.8009374421875428,0.9503192797611035,0.9642857142857144,0.9726708487786803,0.08814670977993319,CombinedTraditionalGiniRatioStdMean
55.7605064964864,0.6062819051915167,0.2800565171688048,0.3957761746098109,0.9631187970741862,1.0,0.9788958007832649,0.2911831185607084,CombinedTraditionalGiniRatioStdMean
43.80435995552386,0.4826735638038276,0.3688263113525845,0.7638069668463219,0.961942288314144,0.9642857142857144,0.9811160299144014,0.24457873720326548,CombinedTraditionalGiniRatioStdMean
52.35946566329945,0.9527260324980824,0.8255469404921258,0.6127716463900421,0.9365095310488335,1.0,0.9856659582344841,0.13871470818995196,CombinedTraditionalGiniRatioStdMean
48.09174480830879,0.9687614702813389,0.6834669012177053,0.5126213430582306,0.9509091880714725,0.9642857142857144,0.980616301923884,0.1860800044348346,CombinedTraditionalGiniRatioStdMean
54.08191648493701,0.9518318482120156,0.3616292421871405,0.3972565795663199,0.9541715254394705,0.9642857142857144,0.9819509766405982,0.283083203243722,CombinedTraditionalGiniRatioStdMean
51.00657223419823,0.8182254360154751,0.7187402000333059,0.7187259657820193,0.9523025392630494,1.0,0.9696640870978556,0.11669150883140202,CombinedTraditionalGiniRatioStdMean
68.3207594089863,0.8125329146290647,0.7191867308164195,0.9419347652440558,0.911179436949827,1.0,0.9821555288833591,0.09957387724982807,CombinedTraditionalGiniRatioStdMean
57.53722669783396,0.9008097628758736,0.7099888814822916,0.7805080805585944,0.9469426859607839,1.0,0.9663484893744005,0.10710197461949764,CombinedTraditionalGiniRatioStdMean
59.16954947138309,0.7895585763397819,0.9047608528656892,0.8946310486705403,0.9157765695845927,1.0,0.9739646113272087,0.06707194729661749,CombinedTraditionalGiniRatioStdMean
53.962213432546086,0.7472659962613847,0.2751621438800373,0.6037210595734078,0.9608025974099917,1.0,0.9850268668403321,0.26400635771738745,CombinedTraditionalGiniRatioStdMean
50.67559704570242,0.863986491588667,0.8776022638150383,0.7348181742477494,0.943620334776787,1.0,0.9837849136514512,0.08911483922694813,CombinedTraditionalGiniRatioStdMean
79.51555514326029,0.9883652685780528,0.8779232144310191,0.9118312674664456,0.9078304367399563,1.0,0.9809122681499307,0.0481281733628802,CombinedTraditionalGiniRatioStdMean
51.71676879369123,0.9530182676369988,0.8222711862562341,0.6132189370963345,0.9419589403830485,1.0,0.986308516660297,0.13936166672444858,CombinedTraditionalGiniRatioStdMean
54.36621393262176,0.9534077153165292,0.4466182744490162,0.8150320887487882,0.9402664592077045,1.0,0.9849971038712262,0.20173649741141697,CombinedTraditionalGiniRatioStdMean
66.39193745946409,0.9517808242394934,0.7573109549018466,0.6088130469910836,0.9102420608361712,1.0,0.9903269444753596,0.14363518771509973,CombinedTraditionalGiniRatioStdMean
77.86093503881118,0.3397519646697948,0.65732446992407,0.2261626539825242,0.9122843743426403,1.0,0.9822592435994811,0.30483362828958305,CombinedTraditionalGiniRatioStdMean
78.49610002201138,0.4024788288917985,0.5013090899798711,0.70349532677744,0.9148427799119032,1.0,0.9823513537055139,0.22981238007137603,CombinedTraditionalGiniRatioStdMean
52.308643976170295,0.6017011541514845,0.4136691736095004,0.4384618710745674,0.9619982179657596,0.9642857142857144,0.9806380957440775,0.24317309666411213,CombinedTraditionalGiniRatioStdMean
56.19838131554424,0.5771244108497601,0.3920611592348046,0.4647056920143809,0.9602483215897222,1.0,0.9818851224596508,0.2532887896347598,CombinedTraditionalGiniRatioStdMean
57.10541415659321,0.7387617074408814,0.4187392694603972,0.4065579983321184,0.9559292770284408,0.9642857142857144,0.9886524376953046,0.24577044120090508,CombinedTraditionalGiniRatioStdMean
54.40584270302488,0.6629957586477815,0.6164645451534034,0.5242377652828509,0.951279661835468,1.0,0.9803320181650508,0.18940886412542712,CombinedTraditionalGiniRatioStdMean
47.9886665368019,0.9660772988325024,0.8538701137781375,0.7795915552762221,0.922949748403195,1.0,0.980595529916333,0.07926905053592591,CombinedTraditionalGiniRatioStdMean
44.52593030711411,0.903853103299078,0.5387705929774217,0.6093996488665842,0.9501320596638053,1.0,0.9804250435272109,0.18862315350736683,CombinedTraditionalGiniRatioStdMean
47.62021962584033,0.5948034846980478,0.5287304728196598,0.434875632976884,0.9604970509993709,1.0,0.9840341711958948,0.2317229851018287,CombinedTraditionalGiniRatioStdMean
46.670914582001785,0.6659748788682278,0.7668825780859346,0.66460980620377,0.9504378914698121,1.0,0.9847463653573624,0.14111171441570855,CombinedTraditionalGiniRatioStdMean
43.84834154672419,0.6461945949310568,0.5394996772223611,0.4762690332706001,0.9600682438755613,0.9642857142857144,0.9826839338548595,0.2072212426125706,CombinedTraditionalGiniRatioStdMean
72.65741871833825,0.9054532408026486,0.5003213099062715,0.5510135086228103,0.9212091994133714,1.0,0.988050133061892,0.2071891466404967,CombinedTraditionalGiniRatioStdMean
47.3156062760486,0.8680094685727527,0.4613136552235104,0.5297915452101528,0.9604995175843675,1.0,0.9832394514389128,0.22432058478992872,CombinedTraditionalGiniRatioStdMean
55.07044888826044,0.6011992727516715,0.8616469321554314,0.8753098676404011,0.9135197343845676,1.0,0.9904287004824928,0.13357562449669946,CombinedTraditionalGiniRatioStdMean
44.45071245105062,0.7938920082802742,0.7126859376036164,0.7154874231932129,0.9500707763350836,1.0,0.9820442907539647,0.11949769545214875,CombinedTraditionalGiniRatioStdMean
55.12708974745205,0.5994877199501628,0.8782583653494302,0.9008772073519168,0.916639787185533,1.0,0.9868284848757575,0.1361429688619916,CombinedTraditionalGiniRatioStdMean
53.79512790187325,0.7388072303830289,0.8019713158701466,0.9037886741489164,0.9194660260322272,1.0,0.9803182156168633,0.09196588551770313,CombinedTraditionalGiniRatioStdMean
55.02150279807976,0.8438657721183773,0.5707290446135663,0.792767398212342,0.9507844933715284,1.0,0.9872285039882754,0.14985030840612332,CombinedTraditionalGiniRatioStdMean
68.10191765174778,0.5306128208034006,0.635987745945404,0.6712110502996521,0.9289890844966509,1.0,0.9900929167050886,0.17989878638823675,CombinedTraditionalGiniRatioStdMean
53.35979637918665,0.3708555446106359,0.7474295768372478,0.4751151377282841,0.9517600087363766,1.0,0.9844291326520387,0.2506527680241509,CombinedTraditionalGiniRatioStdMean
54.25162623112576,0.4746764756679583,0.4293880367974943,0.3699751840411386,0.960362742077577,1.0,0.9829743033566786,0.2744442562454366,CombinedTraditionalGiniRatioStdMean
50.91858756165868,0.7472784685264557,0.8154809361163732,0.3378786269270576,0.9502076211000728,1.0,0.9857317533013739,0.23438784451665992,CombinedTraditionalGiniRatioStdMean
79.07564827821088,0.7949740971189339,0.5657332965399074,0.8282618143665333,0.9112790307379681,1.0,0.9723309871267987,0.14565573041117774,CombinedTraditionalGiniRatioStdMean
69.44603449822442,0.5212058836619905,0.6412628692470002,0.4102503307396182,0.9256109810488089,1.0,0.9910035783532681,0.22815434005764973,CombinedTraditionalGiniRatioStdMean
77.57909742041882,0.9771145757398784,0.4007491442824875,0.3133423930887603,0.920798480975199,1.0,0.9785128392538518,0.3006960695117746,CombinedTraditionalGiniRatioStdMean
63.210291451035545,0.6948675045696467,0.848835246322294,0.6545691533236933,0.9224169488676683,1.0,0.9838460222325557,0.13165151238183065,CombinedTraditionalGiniRatioStdMean
53.78275926141746,0.8401904384132889,0.4639391196418823,0.3235678635752881,0.9600695921008608,1.0,0.9848344771574824,0.27319400966598006,CombinedTraditionalGiniRatioStdMean
55.66532386743505,0.8390417840407202,0.5724226001155172,0.400644199059263,0.9528495350223206,1.0,0.9801818576340294,0.23026716340128048,CombinedTraditionalGiniRatioStdMean
49.5651393916196,0.8918629860790124,0.2815810232527634,0.9030978843262462,0.9193505513227371,1.0,0.990351189541899,0.26155970527393807,CombinedTraditionalGiniRatioStdMean
67.70780251534094,0.5621391635148587,0.7290234627639361,0.6229981984389695,0.9237736408228445,1.0,0.9902428941841254,0.16912241176018322,CombinedTraditionalGiniRatioStdMean
57.72351280997156,0.8052160690600947,0.2585855658308303,0.4377333858961804,0.9570284344973233,1.0,0.9825012772425246,0.2934011313704773,CombinedTraditionalGiniRatioStdMean
73.43805381655268,0.7065882595342262,0.3989641556503762,0.6488188370575315,0.9230389215311273,1.0,0.9809657341828028,0.21294928163919286,CombinedTraditionalGiniRatioStdMean
68.5445307807103,0.5014302884902315,0.5099701341733769,0.3482711894535786,0.9304902323556326,1.0,0.9916306898756798,0.25829199496380106,CombinedTraditionalGiniRatioStdMean
45.67741097201007,0.7663971189698533,0.7535042075909096,0.6741032101402687,0.9516611951785023,1.0,0.9849299671634622,0.12481861324051992,CombinedTraditionalGiniRatioStdMean
78.78799952815304,0.8230972231864456,0.6491441373690158,0.7704959052056806,0.9101059321909312,1.0,0.9700485400162046,0.11967670808497839,CombinedTraditionalGiniRatioStdMean
50.95842231810244,0.3016299606249459,0.5235816730821278,0.5081941119183196,0.9604559993774398,1.0,0.9813693564966735,0.2742080759656911,CombinedTraditionalGiniRatioStdMean
49.27882199198693,0.454937134665726,0.4706364383171373,0.5046124530737295,0.964059159995662,1.0,0.9814710769866892,0.2483264660605263,CombinedTraditionalGiniRatioStdMean
54.26663938727129,0.9206080547822324,0.7307263103849871,0.4499082192633602,0.9433222823187608,1.0,0.9808720938218897,0.20102411448876667,CombinedTraditionalGiniRatioStdMean
70.61801870084676,0.5548474270530085,0.6845874730439472,0.7540836805735912,0.9207772688920847,1.0,0.9882676407069263,0.16040339908566298,CombinedTraditionalGiniRatioStdMean
67.89494895808839,0.3593296684437349,0.5043097260100597,0.5464821358234754,0.9327637485913355,1.0,0.9926030033763378,0.25185735974844436,CombinedTraditionalGiniRatioStdMean
52.723843363431776,0.8191178855357875,0.4868645296074985,0.4894351598615435,0.9517623196311483,1.0,0.9902347516505665,0.22141275339062538,CombinedTraditionalGiniRatioStdMean
43.2928964986495,0.8875201709376944,0.7382642713157259,0.4078746103438005,0.950135082956226,0.9642857142857144,0.9833765188743679,0.20699014487857303,CombinedTraditionalGiniRatioStdMean
44.07151209298183,0.2456031883985371,0.2762017645176788,0.7282593010454197,0.9603110765832431,1.0,0.981174595637665,0.3249201014549914,CombinedTraditionalGiniRatioStdMean
79.40427480991242,0.6815182680009394,0.6137517885997699,0.7566529099085397,0.9103620028755639,1.0,0.9756583416008732,0.14317861171175272,CombinedTraditionalGiniRatioStdMean
44.405959998176925,0.9261464220733664,0.200145122451313,0.8568953653688849,0.9505908565631755,0.9642857142857144,0.9835822953906862,0.29208391524644095,CombinedTraditionalGiniRatioStdMean
67.10994542861067,0.9426875153974952,0.1736743367098671,0.8207335459434146,0.9241372397742971,1.0,0.9835006437879207,0.3048383904993946,CombinedTraditionalGiniRatioStdMean
56.50378416238246,0.6441974291898791,0.7842054662281408,0.6580168158090983,0.9404636761703715,0.9642857142857144,0.9801284653669036,0.13519421307862753,CombinedTraditionalGiniRatioStdMean
70.02409752281154,0.5104967812463537,0.5277095862373488,0.3788706340063828,0.9245920663625142,1.0,0.9917787105889214,0.2466363256919027,CombinedTraditionalGiniRatioStdMean
72.91661932050677,0.7449298037250117,0.8032548552797546,0.6050370521274607,0.910546474717359,1.0,0.9921641299035702,0.13598611576990835,CombinedTraditionalGiniRatioStdMean
43.20688449151304,0.9150338087464112,0.7005511062656377,0.2774778606364187,0.9516173549923005,0.9285714285714286,0.9916347583321391,0.255103002430237,CombinedTraditionalGiniRatioStdMean
53.04717882518381,0.3833781304582985,0.8233689420151422,0.3578777454050518,0.945975807661736,0.9642857142857144,0.9820539007235207,0.26934804204227447,CombinedTraditionalGiniRatioStdMean
58.20787132711833,0.8362028235127554,0.5364494133654305,0.2623653423644828,0.9513297720830745,1.0,0.9826590816689321,0.2787470460486535,CombinedTraditionalGiniRatioStdMean
80.86429818999098,0.9805078405226296,0.160769865813737,0.0665732224251538,0.9106686867015472,1.0,0.9835504442320302,0.4185592210326571,CombinedTraditionalGiniRatioStdMean
78.620814357332,0.899879875566705,0.5798039192166554,0.8440680672568712,0.9138836334783339,1.0,0.9754125114657078,0.14288432686301075,CombinedTraditionalGiniRatioStdMean
69.95793922803303,0.7279974795417665,0.4358876528548128,0.5144738996267927,0.9295301856258341,1.0,0.9914057582483751,0.22150178967735643,CombinedTraditionalGiniRatioStdMean
51.374041521600425,0.567183979250532,0.8040034157804007,0.9058262392707362,0.942772266403812,0.9642857142857144,0.9803213961610749,0.14561302404460233,CombinedTraditionalGiniRatioStdMean
55.07769838086042,0.856598902548215,0.7860831905923669,0.7619833635467802,0.9472586540364397,0.9642857142857144,0.9851237568303642,0.08187741376160884,CombinedTraditionalGiniRatioStdMean
38.02038270966759,0.8865698548005938,0.9008267967181336,0.8966795657279425,0.9200464723066215,1.0,0.9836928457304277,0.04105029069963629,CombinedTraditionalGiniRatioStdMean
43.77208311020304,0.9238767662041828,0.6103447138507582,0.7881652361275955,0.9533898781850867,1.0,0.9725760988603832,0.1412604340464144,CombinedTraditionalGiniRatioStdMean
46.97457563765609,0.9314003019347278,0.6183373865078419,0.8108790990103734,0.9436767767607196,1.0,0.9857027845482054,0.13602191060310478,CombinedTraditionalGiniRatioStdMean
51.791545513121584,0.7767560122936766,0.3717176009262303,0.5469804575131924,0.9629924691098817,1.0,0.9857458419996888,0.24133784492225754,CombinedTraditionalGiniRatioStdMean
76.39087001840973,0.5897076005424036,0.6154867696592448,0.6935158759316528,0.9132142145800966,1.0,0.9902113541408606,0.16452955406638406,CombinedTraditionalGiniRatioStdMean
79.63462649716045,0.9357855767123032,0.5550161915443421,0.6843035772134464,0.9118219943025327,1.0,0.9752373948962767,0.16901676687473516,CombinedTraditionalGiniRatioStdMean
49.64910270307409,0.4440827176480079,0.4141028896230599,0.5174185368327239,0.9605618680929675,1.0,0.9774605610273129,0.2581050080152694,CombinedTraditionalGiniRatioStdMean
78.5045636582008,0.7270496797540497,0.4213037168385609,0.3958005163976767,0.9223079659217437,1.0,0.9724053452810928,0.24905280558377926,CombinedTraditionalGiniRatioStdMean
80.73219502594489,0.9770088348926796,0.0522643347637531,0.0794654862338783,0.9185034011418167,1.0,0.9906452859674499,0.44145264552051316,CombinedTraditionalGiniRatioStdMean
60.48615197875169,0.5124874208731719,0.8345897056661707,0.8211733207648364,0.932257047289221,1.0,0.9794415569955168,0.16720036822340933,CombinedTraditionalGiniRatioStdMean
70.13460537169004,0.2446348165308209,0.491926553052176,0.6580673085215275,0.9245356299263225,1.0,0.9900551598791172,0.27795190226501953,CombinedTraditionalGiniRatioStdMean
80.07638041087701,0.9633526806878118,0.4593405451082966,0.6334196584385753,0.9046025311620502,1.0,0.9804562622877352,0.21029265631388325,CombinedTraditionalGiniRatioStdMean
