Hydropower revenue,Atomic PP,Baltimore,Chester,Environment,Recreation,Equity,gini_yearly_mean_coeff,eucli_yearly_mean_coeff,gini_monthly_std_coeff,eucli_monthly_std_coeff,gini_ratio,eucli_ratio,principle
79.56196904814249,0.2738633560844184,0.091781411235155,0.9020194316895492,0.9226851362208832,1.0,0.8019894693643284,0.1980105306356716,7.878986330738581,0.00320514748060416,0.1614582401353905,0.016186752645501738,0.020492260470802888,CombinedTraditionalGiniMean
80.10141669786172,0.8974605858029354,0.4356158887432612,0.9212855930326244,0.911918209392759,1.0,0.8800319663993978,0.11996803360060217,6.228282223399689,0.0025998961041351176,0.12997023267260327,0.02167157388601281,0.020867749406779355,CombinedTraditionalGiniMean
78.26410098412681,0.8419526646369385,0.1162796109106177,0.8127435905543245,0.9201371090478745,1.0,0.8435101437520568,0.1564898562479433,7.148317929783119,0.003257296633888645,0.18296529599870376,0.02081474615663119,0.02559557336368431,CombinedTraditionalGiniMean
81.02724678120364,0.9772399476705372,0.0263427280051615,0.8574365547257157,0.9133104813913044,1.0,0.8371194247845025,0.16288057521549754,7.693699531005581,0.002540461832425315,0.13325934984515408,0.01559708288765669,0.017320581510639893,CombinedTraditionalGiniMean
74.6402497635608,0.9838600655430512,0.0579821041896089,0.91659820005031,0.9200350460438549,1.0,0.8434749674470173,0.15652503255298278,7.424175483982273,0.0030050961761114623,0.06227861732520305,0.019198821601230175,0.00838862409160044,CombinedTraditionalGiniMean
80.00059490541722,0.9808159360494544,0.0773053662922245,0.1154798216171018,0.9204586652210074,1.0,0.7891102093544529,0.21088979064554725,8.181671016571068,0.004064385621722703,0.14360372141982283,0.019272557525337554,0.017551881654611804,CombinedTraditionalGiniMean
80.63659797451133,0.5520349867459567,0.3092227769008326,0.8472079196423697,0.9138588124476873,1.0,0.8480741483758909,0.1519258516241092,6.888844897898458,0.004789451070779715,0.22596533620289852,0.03152492495240141,0.03280162923566947,CombinedTraditionalGiniMean
64.51866357161391,0.9576337299541708,0.4501438642778084,0.9142062419315584,0.9310910669533279,1.0,0.8736794749475626,0.12632052505243738,6.316225700804999,0.002993619506334103,0.07112494601435188,0.02369859929802707,0.011260672018937995,CombinedTraditionalGiniMean
80.98634580089852,0.765353438507922,0.0444778007691452,0.8781194893613967,0.9200909129958563,1.0,0.8311138899036855,0.16888611009631455,7.605714405052957,0.003416105874143838,0.1792518713974439,0.02022727548284259,0.02356805184248774,CombinedTraditionalGiniMean
65.14107637875351,0.8231289309078877,0.3008551510297442,0.7330217354906395,0.9400549128509773,1.0,0.8577256484239884,0.14227435157601154,6.317324105627174,0.0023435094019407074,0.09013476799692588,0.016471763012665452,0.014267871410402718,CombinedTraditionalGiniMean
75.0099930190788,0.657452773785385,0.0305978423512975,0.9055746117903254,0.9236696498264391,1.0,0.8230496147562698,0.17695038524373027,7.615144580380148,0.0015409090998622136,0.07499257092947936,0.008708142102882543,0.0098478197147684,CombinedTraditionalGiniMean
71.54480796113626,0.569506248384805,0.1079887307239396,0.9300943034882008,0.9310702246670238,1.0,0.8253998279691622,0.17460017203083789,7.414389093047612,0.0031856662507320143,0.055876275265073806,0.018245493195558606,0.0075361940901467325,CombinedTraditionalGiniMean
81.10670457918853,0.8592903483862558,0.0935273185159152,0.9032572984984746,0.9082535913361344,1.0,0.8461659781402906,0.15383402185970946,7.260609109285747,0.0018904261500583698,0.15038130284841278,0.012288739039679815,0.02071194035994679,CombinedTraditionalGiniMean
67.84500407405552,0.8641432386319206,0.3064921996473808,0.9388294199960484,0.9320318131589128,1.0,0.8621957588372584,0.13780424116274156,6.604722387854563,0.004419103199281231,0.08880873897829279,0.0320679767327512,0.013446248572325062,CombinedTraditionalGiniMean
63.23690444454213,0.8701820772620465,0.810589178884175,0.942650582145086,0.9216885574562873,1.0,0.9028258545392764,0.0971741454607236,5.206477791038724,0.003758259621055223,0.14313841823190776,0.03867550986156352,0.027492370845847932,CombinedTraditionalGiniMean
63.56597684626183,0.964100109807355,0.5704420096143074,0.9087511457472944,0.9318706619850234,1.0,0.8835402706567118,0.11645972934328827,5.980864376559363,0.0020865083780203554,0.04688317601561868,0.017916136245430866,0.00783886292412291,CombinedTraditionalGiniMean
64.6528483564487,0.745547330636143,0.4219770453596461,0.755256927449962,0.9400397505498826,1.0,0.8719794101890367,0.12802058981096326,5.776852038457794,0.0025763503959575942,0.11643189090830666,0.020124500283601757,0.020154902727851354,CombinedTraditionalGiniMean
65.05333615682842,0.8828706249837825,0.406662736841444,0.5518464143678004,0.9402878378818492,1.0,0.8561245644998599,0.1438754355001401,6.362059454606724,0.002406699932956186,0.07575017946586207,0.01672766393088584,0.011906550073343292,CombinedTraditionalGiniMean
64.60951239070019,0.7566638973110513,0.903747724597214,0.8569469434774412,0.9266499148498017,1.0,0.9016238850525035,0.09837611494749648,5.15522327552619,0.0031366162877453727,0.09699004508821976,0.03188392110645344,0.01881393683735649,CombinedTraditionalGiniMean
77.60473713816783,0.1724797899489235,0.1304214386828764,0.9022763102685396,0.9207144942536415,1.0,0.7992754053797169,0.2007245946202833,7.7856649815505525,0.002987940226518603,0.11381886690617107,0.014885770386887459,0.014619029610943201,CombinedTraditionalGiniMean
77.95266190089274,0.9630276060452428,0.112293136822646,0.4641022030670729,0.9220628555506156,1.0,0.8213655413737027,0.17863445862629734,7.649617130200006,0.0028787871423289865,0.05747192648885343,0.016115519729322767,0.007513046144748786,CombinedTraditionalGiniMean
80.54123573083479,0.9384933510603236,0.4758291834742,0.6305278183756874,0.9119145511257812,1.0,0.8706454233773879,0.12935457662261224,6.388907464029233,0.003493477646653226,0.15273002205018874,0.027006989144615523,0.023905499165559663,CombinedTraditionalGiniMean
66.17212501937858,0.961236996918611,0.0593606830014206,0.90149679686329,0.938534705245596,1.0,0.8345459514628347,0.1654540485371653,7.506706540727864,0.003496789753298968,0.05690819989584584,0.02113450703814901,0.007580981031706605,CombinedTraditionalGiniMean
60.75803887690584,0.8926674621427395,0.3834980779473653,0.8650717937398764,0.9403594410786524,1.0,0.8651789259107621,0.13482107408923796,6.362545499388151,0.002585928943891523,0.054399201280636356,0.0191804505442517,0.00854991155440344,CombinedTraditionalGiniMean
74.83433201996596,0.2034285721415396,0.2116089204680213,0.9036583202240808,0.9220432977246971,1.0,0.8128746494099577,0.18712535059004246,7.434393609265719,0.0036064815053710063,0.11801490692926937,0.019273078147878264,0.015874180616719524,CombinedTraditionalGiniMean
70.57119035030377,0.941856788773585,0.1443011863493172,0.3405983105203799,0.932186478312008,1.0,0.8115333847645538,0.1884666152354462,7.562147904569041,0.003977823181725727,0.06836187166630196,0.021106248322846678,0.009040007221360719,CombinedTraditionalGiniMean
71.17515268099969,0.8185710877144092,0.1224853947973639,0.9161750980182954,0.9303024108864455,1.0,0.8442701784229407,0.1557298215770593,7.070736931219473,0.002845733825884862,0.05360190309845262,0.018273531665717064,0.007580808566329737,CombinedTraditionalGiniMean
66.01610468706355,0.2309305759055008,0.3697865311346363,0.7987827944385425,0.9400926987777815,1.0,0.8251489308342197,0.1748510691657803,6.829957222753997,0.003027678101454739,0.11400670917736723,0.017315754006537575,0.01669215566937286,CombinedTraditionalGiniMean
62.14233058789988,0.9276795025277368,0.1679408470460316,0.8045438808525092,0.9412234105879465,1.0,0.841581134609524,0.15841886539047606,7.043640208827311,0.0029427846989014583,0.06502916733663636,0.01857597383776222,0.00923232382811657,CombinedTraditionalGiniMean
64.51827715825875,0.9263273804429234,0.8053369624610236,0.8227448331140143,0.9313602052676986,1.0,0.902821655178836,0.0971783448211641,5.128587372601449,0.0032472581007520363,0.10396826395257873,0.03341544977667523,0.020272300420971747,CombinedTraditionalGiniMean
65.4903761916374,0.7439699771866388,0.3224883603022669,0.8036737484882123,0.9419894096633663,1.0,0.8610007504308441,0.1389992495691559,6.1960971625767,0.0016729264529534978,0.09520729501550229,0.01203550708467078,0.015365687870509365,CombinedTraditionalGiniMean
65.80223647468792,0.943750475567398,0.1243857901357028,0.4858142739424652,0.9416132220733668,1.0,0.8170835586913191,0.18291644130868093,7.47220755515425,0.002269712965062213,0.10148974816966201,0.012408468855087527,0.013582297790919292,CombinedTraditionalGiniMean
80.63628736440988,0.9868705354040302,0.2423474666104025,0.9282020750347072,0.910232382494354,1.0,0.8653022023195871,0.134697797680413,6.842717774047383,0.0024517739840477755,0.1295373683651468,0.018202034675168996,0.018930689916285562,CombinedTraditionalGiniMean
79.36718783942808,0.7542192646422168,0.620529460504548,0.9087995374103224,0.9117279779270117,1.0,0.8893545858711289,0.11064541412887112,5.767369411773391,0.003330081350090379,0.1763622691688291,0.030096876371322183,0.03057932595904239,CombinedTraditionalGiniMean
80.25985917802544,0.5742600601807578,0.2054907031866139,0.4703811112686709,0.9211567348748889,1.0,0.8228217888531129,0.17717821114688728,7.040568244403132,0.0038985365544099795,0.18560968247253534,0.022003476212873314,0.02636288379422853,CombinedTraditionalGiniMean
65.2604642252701,0.9118931866050451,0.7245829583545532,0.5801609816165338,0.9305730599153307,1.0,0.8831447352554894,0.11685526474451066,5.7079214221070345,0.0015288668802494025,0.06097343764472756,0.013083423186726569,0.0106822489546851,CombinedTraditionalGiniMean
76.90200401146404,0.4446815458306431,0.4161928592414139,0.4887432393681782,0.9208718152978683,1.0,0.846060967439429,0.15393903256057107,6.22800235961242,0.002332409239946443,0.1264357327026026,0.015151512914885312,0.020301169685245743,CombinedTraditionalGiniMean
63.16984017093672,0.9033870810919052,0.4001899295131769,0.6855286747514618,0.9402804538742922,1.0,0.862451931079251,0.13754806892074908,6.28347663545311,0.0020633174622239235,0.07160625434808092,0.015000701052464377,0.011395960946852045,CombinedTraditionalGiniMean
70.46065514956867,0.9618133321223076,0.2955694986392168,0.7853483477247738,0.9310118437160422,1.0,0.8586320937605567,0.1413679062394434,6.715172426398376,0.002093970564478368,0.07082572420978982,0.014812206109438184,0.010547119226806895,CombinedTraditionalGiniMean
69.11361065025979,0.9091775705280172,0.6204014100865982,0.9015485945588814,0.9230977987317361,1.0,0.8935106484693399,0.10648935153066011,5.549011858759445,0.003637854561172761,0.09991029759110856,0.03416167446681615,0.018005061105319898,CombinedTraditionalGiniMean
68.35474173326504,0.7340735841065752,0.7590631954942466,0.9104145936344296,0.9212080121848246,1.0,0.8993656421314932,0.10063435786850687,5.198105532241347,0.001971731247821163,0.06252648297909559,0.019593022597684886,0.012028705956674775,CombinedTraditionalGiniMean
79.59506224889451,0.1597154326829121,0.7312179482774811,0.8851205733809574,0.9119605318863779,1.0,0.8446563799627438,0.1553436200372563,7.151596111656339,0.0036604547304298516,0.17522870609013147,0.02356359874677801,0.02450204169171793,CombinedTraditionalGiniMean
68.26388479408335,0.9219136237558498,0.131302704229006,0.8955603113909189,0.9353659300279523,1.0,0.8452118161145039,0.15478818388549614,7.122884979227928,0.0038064428913119923,0.07283333047292617,0.024591301453137992,0.010225257137427593,CombinedTraditionalGiniMean
68.84899165604298,0.9748525644702052,0.8024277097996098,0.850268177319894,0.922605050497541,1.0,0.9052613695728566,0.09473863042714345,5.152928429399803,0.0017957059715743705,0.06031863602852238,0.01895431634886591,0.011705700332334736,CombinedTraditionalGiniMean
66.60034519314819,0.9767183396977592,0.4234624761477654,0.8123671498834393,0.9337054256563052,1.0,0.8705593922654145,0.12944060773458563,6.338684973406066,0.0022352691378024836,0.04711705622562837,0.017268685437462107,0.007433254124997194,CombinedTraditionalGiniMean
79.77402082063347,0.907654382546957,0.5263084338590851,0.9171190764158534,0.9111090317651812,1.0,0.8884535376343109,0.11154646236568914,5.908575944178958,0.0014302280312571628,0.12871286369774662,0.012821814344666211,0.02178407537006487,CombinedTraditionalGiniMean
73.90654289576827,0.4911291720163315,0.4761707338803449,0.9359522815125312,0.9202262197126894,1.0,0.8629386365238815,0.1370613634761186,6.393677900917426,0.0021784730696000894,0.10245619106082009,0.015894144158135882,0.016024609410824196,CombinedTraditionalGiniMean
61.58673183406855,0.6539215930917256,0.2551208534217335,0.9086135622130336,0.9416527355420109,1.0,0.8443264455624806,0.15567355443751946,6.754621177249163,0.0014668103166310092,0.09423083051049036,0.009422347436794234,0.013950572213861165,CombinedTraditionalGiniMean
66.05595282369147,0.8990850383894775,0.24819754505303,0.8001782099657857,0.940447388026516,1.0,0.854037009144134,0.14596299085586603,6.659845523238092,0.003079997124469745,0.06750771725005743,0.021101219606490165,0.01013652899523027,CombinedTraditionalGiniMean
64.5563619340192,0.976882230537335,0.2763926140612721,0.6869817111779729,0.9408514022126326,1.0,0.8478258151984511,0.152174184801549,6.895366031563642,0.002299990512127774,0.06793257773851141,0.015114196373893515,0.009851917567181933,CombinedTraditionalGiniMean
70.64513451460545,0.8509414627918764,0.2422929909407475,0.4122349527709469,0.9319464781745329,1.0,0.831490956148748,0.16850904385125207,6.925164545844153,0.0025989669828136723,0.08034379978769814,0.015423308585786397,0.011601717079186674,CombinedTraditionalGiniMean
66.02894384722715,0.9517578986553696,0.6608227020116981,0.8400352151229653,0.9304993592370562,1.0,0.8924231793582249,0.10757682064177519,5.571525922699697,0.002994154536884595,0.06918555637002455,0.027832710792364487,0.012417703395787218,CombinedTraditionalGiniMean
70.21060269750537,0.780653911037896,0.7722519732926197,0.7787302847530468,0.9207767851864574,1.0,0.9054031193041924,0.09459688069580767,4.835378040155322,0.0013343831751779854,0.1167561920459769,0.014105995518699194,0.0241462386345756,CombinedTraditionalGiniMean
61.49273539767879,0.8102643529893419,0.1930196137152253,0.9220657995015978,0.9429327526823396,1.0,0.844024817336694,0.15597518266330607,6.970391503482019,0.00431736263989351,0.07755411506099533,0.027679804993164407,0.011126220818766581,CombinedTraditionalGiniMean
68.5310945698808,0.9442268557566322,0.5503745426105541,0.6153437326777311,0.9322036043184262,1.0,0.873984372151592,0.126015627848408,6.050933635445698,0.0015141585035504295,0.06791681721084179,0.012015640674122613,0.011224188084462306,CombinedTraditionalGiniMean
69.47191653025695,0.7224762670521077,0.3726035901790424,0.9066940252750222,0.9348875630293616,1.0,0.8635567204412014,0.13644327955879876,6.3901725120292765,0.0021420204165600904,0.062318523467963634,0.01569898073020892,0.009752244301801116,CombinedTraditionalGiniMean
69.57457375036937,0.8512375346025379,0.6386202918010471,0.8635042469140498,0.9262783826216711,1.0,0.89615702789845,0.10384297210155004,5.317280653567006,0.002689987643360967,0.07529263844140217,0.02590437839866887,0.014159989541062385,CombinedTraditionalGiniMean
66.79560495053488,0.5186489069821375,0.0652272320376151,0.8712443250562175,0.9409720475703219,1.0,0.814001117194837,0.18599888280516302,7.410048204440136,0.0027785068959850423,0.05744132727458366,0.014938298843953677,0.007751815600897785,CombinedTraditionalGiniMean
64.81938713240137,0.8374632612636622,0.354372890852163,0.7310277106798876,0.9401345203762534,1.0,0.8626867811120076,0.1373132188879923,6.1971348894415845,0.0027392411262414356,0.0690939401796597,0.019948852327727168,0.011149336171039139,CombinedTraditionalGiniMean
69.52040597558268,0.9547493867406652,0.740643761880211,0.7256340387948416,0.9210971557835917,1.0,0.8964498083933529,0.10355019160664708,5.3896366623682646,0.0014949781962581546,0.05600709654178384,0.014437232544552715,0.010391627497422751,CombinedTraditionalGiniMean
67.71613061252776,0.87881731466644,0.4595063653420737,0.8246530417532438,0.9339104518856595,1.0,0.8777192661582975,0.12228073384170252,5.93592168936634,0.0033933857490793078,0.0675061434460078,0.027750780049064692,0.011372478778980337,CombinedTraditionalGiniMean
65.96396116511718,0.9648566060178184,0.2631765437687549,0.9009625991300942,0.9327107444263572,1.0,0.8566444718793589,0.1433555281206412,6.871437963509276,0.003362964133640288,0.07248751180678231,0.023458907917455245,0.010549103723518534,CombinedTraditionalGiniMean
64.4559696945933,0.0760741962197199,0.7351690573502084,0.90094947899872,0.9307338153959885,1.0,0.8320202763914463,0.16797972360855404,7.167308779357818,0.0019677426546782545,0.06903503247088813,0.011714167712668215,0.00963193223511065,CombinedTraditionalGiniMean
60.25441596937588,0.9465822460496844,0.4070063674138527,0.7931954436301835,0.9406796811567397,1.0,0.8651790122474673,0.13482098775253273,6.378717701776222,0.0020937847972002073,0.06358721248797106,0.015530110200968126,0.009968651296523832,CombinedTraditionalGiniMean
68.39499635486439,0.8602915928102856,0.3243983322713288,0.8355478902882337,0.931972700205234,1.0,0.8662367913611559,0.13376320863884403,6.2793654154660565,0.003683428713126539,0.07785143321417992,0.027536934487506704,0.012397977831077022,CombinedTraditionalGiniMean
64.40372665103894,0.7627236580564856,0.620006650233625,0.9366592316326527,0.9307955539743689,1.0,0.887580116460602,0.11241988353939802,5.614386395874441,0.001343940636282883,0.05880878529659833,0.011954652450888666,0.01047465941065477,CombinedTraditionalGiniMean
69.88863445760919,0.9587509325142276,0.3563497698241228,0.544394083768188,0.9306417538641362,1.0,0.8506776502041751,0.14932234979582498,6.759466075579958,0.0021936536856491736,0.08065561533541979,0.01469072572624696,0.01193224648716054,CombinedTraditionalGiniMean
80.71435346835862,0.4451576423916558,0.3722125549526802,0.9318662943261962,0.9123083744270427,1.0,0.8498346956611069,0.1501653043388932,6.887712495546253,0.003743595753390327,0.20366921482572647,0.024929831627030014,0.02956993558564233,CombinedTraditionalGiniMean
59.639941136268334,0.9301698088014816,0.7605527730751347,0.910634904646328,0.9313088537145452,1.0,0.8966403753463226,0.10335962465367747,5.4427317688132595,0.003508118955530527,0.1195587631171707,0.03394090262309897,0.02196668294444344,CombinedTraditionalGiniMean
67.83794484349073,0.9181666364344184,0.398230876280331,0.8263825969303531,0.9324785957686063,1.0,0.8710265043711234,0.12897349562887664,6.232131980555943,0.002672591765865885,0.05205808813016626,0.020722023178749157,0.008353174851332718,CombinedTraditionalGiniMean
66.05958515048408,0.8903555217537473,0.5570501896802923,0.900627511733491,0.9316894309489276,1.0,0.8856325371501155,0.1143674628498845,5.782491915172935,0.002877533842605557,0.07170581616145434,0.02516042387320008,0.0124005043523368,CombinedTraditionalGiniMean
68.91608809087275,0.1003759451208966,0.9038108991016566,0.7204252884645621,0.9177121114862706,1.0,0.8370727599180591,0.16292724008194095,7.106177746683032,0.0020221923581159908,0.0621431663574339,0.01241162838761014,0.008744949616049305,CombinedTraditionalGiniMean
67.15300582810293,0.8121202867225639,0.6623700912247047,0.4231915050477435,0.9315178072234387,1.0,0.8682206012541389,0.13177939874586117,5.972964625247588,0.0014561881559643412,0.09344994040585972,0.011050195780393755,0.01564548700168906,CombinedTraditionalGiniMean
64.12187995786448,0.9933567666015876,0.2198981182709335,0.7152007236217779,0.9424414899878351,1.0,0.8428060106569483,0.1571939893430517,7.089987296053431,0.001857998397753618,0.09394557651367044,0.011819780167922466,0.013250457665271739,CombinedTraditionalGiniMean
69.64188724974139,0.7329076538923129,0.3052902699656662,0.9082022755751796,0.9319919019912375,1.0,0.8578151805623047,0.1421848194376953,6.57483589914276,0.0018458003268281712,0.06719865870509573,0.012981697582961676,0.01022058340860754,CombinedTraditionalGiniMean
59.2021892508797,0.9880045400790056,0.9110413061529437,0.7349922738166796,0.9119220102095743,1.0,0.896324587516837,0.103675412483163,5.530332173203469,0.0026911604602009027,0.09039277418709726,0.02595755730065651,0.0163449086521573,CombinedTraditionalGiniMean
71.26775933221151,0.5086105844986867,0.5240428693229375,0.8267838633729248,0.920856608498752,1.0,0.869078932210742,0.13092106778925813,5.975003765951813,0.001549001284200685,0.11867980729949541,0.011831566228088602,0.01986271673597679,CombinedTraditionalGiniMean
68.90793221186998,0.4479305437653921,0.5883682755194982,0.772890407890966,0.930638126996643,1.0,0.8654966135634214,0.1345033864365786,5.987884552931616,0.0014070605385374968,0.1688453381910508,0.010461153252828752,0.0281978279137639,CombinedTraditionalGiniMean
69.94392813889372,0.7196669476701273,0.4506965366628074,0.7779997117264374,0.9303186030764069,1.0,0.8729790495561808,0.1270209504438192,5.883515436008263,0.0010101680858800774,0.12740542313197087,0.007952767495050908,0.021654642452745988,CombinedTraditionalGiniMean
70.72765223292525,0.6334770931834744,0.6433461879462469,0.894226003740279,0.9220774619213485,1.0,0.8862028703182234,0.11379712968177667,5.604411739109544,0.001493098702621821,0.07616832859597297,0.013120706179471624,0.01359078028911469,CombinedTraditionalGiniMean
62.0879983939948,0.9667257224814382,0.2620598229942122,0.7733348784540304,0.9406481816299896,1.0,0.8500043819077949,0.14999561809220527,6.847672237246936,0.003056508835717207,0.07123077941144552,0.020377320848388458,0.010402188794024905,CombinedTraditionalGiniMean
62.52422552214595,0.7891350369239035,0.0716416279492573,0.9209899218480015,0.9402766200105194,1.0,0.8311298771260918,0.1688701228739083,7.285054345197224,0.0038912451260139608,0.06279981303645941,0.023042827587207184,0.008620363014568462,CombinedTraditionalGiniMean
63.56156259639458,0.2756824229713642,0.2743749087821783,0.9012953955868503,0.9416853989318492,1.0,0.8199461752637828,0.18005382473621714,7.0811851485198485,0.0032582503570076867,0.07119889987349136,0.018095979698188006,0.010054658701922767,CombinedTraditionalGiniMean
67.77342279451311,0.3109590564908321,0.2565480131710513,0.8127455336852802,0.9404514291541093,1.0,0.8238201163001991,0.17617988369980092,6.885381437248536,0.003142996642064019,0.0861075810969409,0.01783970210480716,0.012505854887154997,CombinedTraditionalGiniMean
80.15296390630506,0.8080240382685168,0.6840786835197341,0.6226017687956059,0.9102172271385344,1.0,0.8857485803274162,0.1142514196725837,5.728399359817689,0.002898965930289857,0.16242476393490488,0.025373565935526896,0.02835430173989723,CombinedTraditionalGiniMean
64.93709987572748,0.4862299497820348,0.5151243859374407,0.2480667837859302,0.9415726585294688,1.0,0.8291093165787762,0.17089068342122385,6.3314735231924875,0.002170032409747588,0.10432489993669776,0.01269836579913917,0.01647719121852926,CombinedTraditionalGiniMean
70.01797174820166,0.8515521899908761,0.5832058749480984,0.8437543464884053,0.9255569071530303,1.0,0.8920597053292824,0.10794029467071768,5.434176557462789,0.0020566446556383963,0.05227753451453692,0.019053539384086268,0.009620139125355405,CombinedTraditionalGiniMean
81.15342096223746,0.7784620888209951,0.2227006069958701,0.9263262320748716,0.9123036668356819,1.0,0.8541894948527775,0.14581050514722255,7.003353698511397,0.003775964892593798,0.1977194676426446,0.02589638441195486,0.028232112235695165,CombinedTraditionalGiniMean
67.38445890400575,0.8783090751284001,0.0371013355959472,0.432484268616246,0.9402878752589305,1.0,0.8020487945309953,0.19795120546900483,7.651180818147606,0.0027192988812298445,0.05873941947567958,0.013737218092645725,0.007677170474962154,CombinedTraditionalGiniMean
70.29765656849207,0.618378410470089,0.6480871918765352,0.9165676409303236,0.9212622442736822,1.0,0.8844240539969431,0.11557594600305693,5.703127315522506,0.0016508809860347254,0.058869092130003714,0.014283949585764675,0.010322247579810566,CombinedTraditionalGiniMean
71.18169708086013,0.761672799437563,0.399983880486509,0.7951741655803504,0.9314160470299058,1.0,0.8698497533546155,0.13015024664538463,6.065670359013407,0.0013638816545007719,0.0995381202882954,0.010479285976436816,0.016410077435280453,CombinedTraditionalGiniMean
65.56792533512385,0.4500488593395069,0.3787494527302493,0.7324066510008257,0.9408036378665173,1.0,0.8479913601242561,0.152008639875744,6.222163464769961,0.001737084088546266,0.14689553802368624,0.011427535237248395,0.0236084344063624,CombinedTraditionalGiniMean
65.7456622806166,0.90677114416673,0.0709595438583984,0.6524851811790892,0.9421104990538637,1.0,0.8238313514290316,0.1761686485709684,7.35792992965892,0.002372965600098795,0.0754083383476747,0.01346985186835251,0.010248580656321945,CombinedTraditionalGiniMean
71.66426405429353,0.8030020017505898,0.5088983533840794,0.6259962052598969,0.9219490262104565,1.0,0.8741393943519444,0.12586060564805562,5.868035265131055,0.0013518696368652672,0.101700084854865,0.010741006925117652,0.017331198648240172,CombinedTraditionalGiniMean
64.00500098319887,0.820445361210065,0.7112653125935382,0.901816243892386,0.9235292917911095,1.0,0.8979221665673776,0.1020778334326226,5.241079486434063,0.003471060611201947,0.10348248820263499,0.034004058417766596,0.019744498909144124,CombinedTraditionalGiniMean
69.42516908444097,0.7992866656423985,0.7349591496803879,0.8372839430769441,0.9213348104130394,1.0,0.9037567931784645,0.09624320682153556,4.951368775799159,0.0015065574439148055,0.0809658975962962,0.015653649682604874,0.016352225265876742,CombinedTraditionalGiniMean
62.34482212947388,0.7042457043230941,0.1242386283614012,0.9166586226983614,0.9410137307996854,1.0,0.8328142283819586,0.16718577161804146,7.125782155404946,0.00208653179064328,0.07585360032276552,0.012480319171001253,0.010644950781330037,CombinedTraditionalGiniMean
64.714151511545,0.6724358873819967,0.1933285140110431,0.9425436586692072,0.9417541919490234,1.0,0.8385125035310922,0.16148749646890784,7.06132149628008,0.0016895598755579068,0.09519501422898326,0.010462481074398277,0.013481189644053483,CombinedTraditionalGiniMean
67.73759170043539,0.4541016331409961,0.0512094621162908,0.646109812491251,0.9415710041693122,1.0,0.801450505847769,0.198549494152231,7.212064185932409,0.001577668232321548,0.16950534289191682,0.007945969538013152,0.023503027499747964,CombinedTraditionalGiniMean
66.71137638478139,0.1078957655143422,0.7637899296967915,0.4732484617085386,0.9308227475439474,1.0,0.8179543654675467,0.18204563453245332,7.0224818022232895,0.0018052092424604052,0.1392197822833221,0.009916245710020529,0.019824869071108975,CombinedTraditionalGiniMean
69.168926806206,0.4493019928911336,0.4397474478904984,0.9257709593388692,0.9300804791285615,1.0,0.8544666018615366,0.1455333981384634,6.491510498252506,0.0025350632896858462,0.052850774479974244,0.017419117000717157,0.008141521837514012,CombinedTraditionalGiniMean
58.73225359518303,0.8503591207898359,0.3639207899654563,0.942954891738226,0.941751469310858,1.0,0.8606306199213776,0.1393693800786225,6.5783186186546585,0.0026837065315752614,0.07698489403837608,0.019256069949233474,0.011702822332147903,CombinedTraditionalGiniMean
69.20172653682728,0.4258159182189031,0.8405608826369652,0.8019563913166786,0.9230260342890269,1.0,0.8766058559203964,0.12339414407960361,5.889599473977038,0.0020538630328613664,0.0659088683514045,0.016644736654086154,0.011190721651382275,CombinedTraditionalGiniMean
67.33703765494732,0.4009819016674326,0.2479808886135267,0.8249154772809343,0.9404866869079967,1.0,0.8294697852536517,0.17053021474634833,6.842698632882012,0.0025677796063063476,0.08872308799754831,0.015057622545809484,0.012966096091269749,CombinedTraditionalGiniMean
65.275090321686,0.9139229734551174,0.1964729989723759,0.4554858548081043,0.9423726726489746,1.0,0.8241243992456496,0.17587560075435052,7.193767313669751,0.0032495406369168795,0.06256022124281198,0.018476358420265397,0.008696447704658685,CombinedTraditionalGiniMean
66.76084053836419,0.8096982087899248,0.6437311009968931,0.8968119808285226,0.9316838307740507,1.0,0.8930431491785575,0.10695685082144249,5.4217034872358045,0.002945165887324189,0.06556031647613332,0.027536019102141967,0.012092198813616516,CombinedTraditionalGiniMean
69.18771215723602,0.9754697014049843,0.4901633276493474,0.7000597785718568,0.9301402679127166,1.0,0.8722086266633446,0.12779137333665533,6.24040358144842,0.001411756004362585,0.0989116625849181,0.011047349813225936,0.01585020284248352,CombinedTraditionalGiniMean
65.3265699291829,0.6191731635164581,0.8241304386294531,0.9164903838829748,0.9272548452252596,1.0,0.8901914508859758,0.10980854911402416,5.563087409169599,0.002837932181721759,0.0725035456046715,0.025844364620234418,0.013032968974236211,CombinedTraditionalGiniMean
60.49658135255898,0.8072897114543741,0.2059259149432483,0.9068703472774168,0.9421673581305126,1.0,0.8449476893825363,0.15505231061746366,6.89379008278222,0.0031012885656133394,0.04319014309684934,0.02000156304193792,0.006265079524936522,CombinedTraditionalGiniMean
78.09621270159188,0.991939564895093,0.0332150485280697,0.8682161970442502,0.9204364762773948,1.0,0.8375037572249332,0.1624962427750668,7.656301694936593,0.0025536752303713345,0.08278579301762545,0.015715287853801177,0.010812765263988342,CombinedTraditionalGiniMean
68.04802725027416,0.6476389288255339,0.2444534629183773,0.2499836286069064,0.940188516456737,1.0,0.8117804303647294,0.1882195696352706,6.825653854890842,0.0033885793018834705,0.12040843149848096,0.01800333147318217,0.017640571007304116,CombinedTraditionalGiniMean
63.85162833607109,0.7570019051230095,0.5207736279442056,0.4890136612614833,0.940452366093239,1.0,0.8660161090181013,0.13398389098189878,5.783098236401421,0.0021810168229571218,0.15559988785693107,0.01627820185675737,0.02690597349315552,CombinedTraditionalGiniMean
64.00546546041257,0.9002923259012134,0.3464183570322791,0.4853929752541477,0.9402360534460193,1.0,0.8444661352867114,0.15553386471328862,6.646851479502345,0.0021423454217849203,0.07144800733514207,0.013774141250422365,0.010749150564816207,CombinedTraditionalGiniMean
63.51840699998294,0.8223197816306596,0.7560820643826065,0.9140711679390636,0.9202765563161961,1.0,0.9013341866748936,0.09866581332510649,5.133826618608779,0.004043146583248004,0.13723292253526898,0.040978191401774874,0.026731117493885653,CombinedTraditionalGiniMean
65.60170231965063,0.6209326555110324,0.0756807002196651,0.9193542237994262,0.9415691271388423,1.0,0.8218027630367564,0.1781972369632437,7.407739208870814,0.0020549346479696,0.08145257197302133,0.01153179860130753,0.010995604688064797,CombinedTraditionalGiniMean
65.45012431937329,0.5450363089933943,0.4055550532954838,0.7704241278851145,0.9408158144415997,1.0,0.8581605793510013,0.14183942064899877,6.068792265000792,0.0017688215568998978,0.1623650179158259,0.012470592087915327,0.026754090571232413,CombinedTraditionalGiniMean
65.38778525254709,0.9699537133375694,0.2590477064385897,0.2257903200311603,0.941326387426764,1.0,0.8115084810074312,0.18849151899256883,7.468467295353433,0.0027348962001907525,0.07799424308223832,0.014509385964991742,0.010443139133884012,CombinedTraditionalGiniMean
59.837470496643874,0.927607020563248,0.0615466625598079,0.9088080698366464,0.944126746183025,1.0,0.8296621962638882,0.17033780373611193,7.508244730214383,0.002855353501834069,0.053906404387552946,0.016762887856987957,0.007179628038844407,CombinedTraditionalGiniMean
65.38775332200552,0.2561656460746891,0.7235219567867328,0.8448554039115767,0.9333024644152436,1.0,0.852859156571946,0.14714084342805406,6.497922859906661,0.002130450107278275,0.06997241791605287,0.014478985288132995,0.0107684285308764,CombinedTraditionalGiniMean
68.71691156333422,0.4121065087329262,0.7253470900911195,0.9328666409616432,0.9259097481357828,1.0,0.867927071208815,0.13207292879118504,6.292271988165728,0.001742065125762179,0.0665989680235911,0.013190175622715879,0.010584248129904106,CombinedTraditionalGiniMean
68.00517906085926,0.112558679819633,0.662185512740794,0.5267216236400108,0.9300222479465619,1.0,0.8196437476229836,0.1803562523770164,6.905251796244157,0.0015988939202688489,0.19191339591628553,0.008865198179692288,0.02779238202735335,CombinedTraditionalGiniMean
69.5082134621788,0.5073954763807176,0.7322054165454375,0.8158881586141847,0.9233095422947971,1.0,0.8805211727822203,0.1194788272177798,5.692397750351894,0.0010486259720911078,0.09964366879787585,0.008776667770430378,0.01750469190100359,CombinedTraditionalGiniMean
59.15526186236746,0.8421228101322487,0.3428873411407058,0.9429055112032312,0.9421430534566254,1.0,0.8588295380738926,0.14117046192610744,6.62682887909544,0.0031070760274538776,0.08648454714903608,0.022009391944047104,0.013050668536478219,CombinedTraditionalGiniMean
70.04749307140042,0.697922229888868,0.4373304942098743,0.4284349962994521,0.9311515958575048,1.0,0.8522909267450951,0.14770907325490493,6.160958575863848,0.0016404284649091394,0.1413398151644106,0.011105807035145462,0.02294120524006167,CombinedTraditionalGiniMean
70.55144805662344,0.6113321505606539,0.5106435212871132,0.9186348639006354,0.9227274870019504,1.0,0.8724212275872907,0.12757877241270937,6.07941999580626,0.002516003473633263,0.060626299008210656,0.019721176384219694,0.00997238207757191,CombinedTraditionalGiniMean
70.13238807319175,0.8123882112572418,0.2878892994637415,0.9077855401050868,0.9309434219381899,1.0,0.8608568087861651,0.13914319121383495,6.544304125015624,0.0020346756590417766,0.05394206078209959,0.01462289057259648,0.008242596882975822,CombinedTraditionalGiniMean
65.18179912510406,0.1273222154564265,0.2759532765929514,0.9367726147356704,0.9412342754660644,1.0,0.7998873738642168,0.2001126261357833,7.642222838134157,0.0036863950199789094,0.08790508551588334,0.018421601331030275,0.011502554607180927,CombinedTraditionalGiniMean
70.00108989560951,0.1257580399880511,0.4631956306773419,0.6601033848622218,0.9310105038409855,1.0,0.8153952096198721,0.1846047903801279,6.999274053666644,0.00206292211670583,0.18059285719201099,0.011174802736472741,0.025801655401306297,CombinedTraditionalGiniMean
63.7520608566013,0.9126788251008175,0.4261310809433502,0.2459877036599416,0.9407695134444424,1.0,0.8278364999482903,0.17216350005170972,7.04266540402778,0.0038135155860577964,0.06374034395754208,0.02215054634061458,0.009050599496191919,CombinedTraditionalGiniMean
70.50499855678086,0.4670250381699053,0.3846615192172228,0.9168770362944512,0.9305380700827535,1.0,0.8501531646264227,0.14984683537357735,6.633119245431348,0.002207352563069301,0.057244709249748484,0.01473072526067191,0.008630134199558761,CombinedTraditionalGiniMean
62.957195813766745,0.3894304610339775,0.2311917207186233,0.9067235599605008,0.9418547003963327,1.0,0.822966147046511,0.1770338529534892,7.1057773473677495,0.003613013138539418,0.0670128205272279,0.020408600266349275,0.009430751521091778,CombinedTraditionalGiniMean
68.05332870038261,0.2394854037036128,0.5617568475230196,0.8456488439773023,0.9308611455965349,1.0,0.8413527184627345,0.15864728153726557,6.730221218676214,0.0017737177692794305,0.0720450730062486,0.01118025945413248,0.010704710984287578,CombinedTraditionalGiniMean
68.8868746668441,0.7771384240096111,0.4681078816298004,0.8361549696579342,0.9307497413502974,1.0,0.8783343639940205,0.1216656360059796,5.8086852731754135,0.001751659428251216,0.08226284920217355,0.014397322742513144,0.01416204275725946,CombinedTraditionalGiniMean
67.75808766502105,0.6633711437992303,0.6414797135338569,0.9023732910781236,0.9307267291390706,1.0,0.8861716753078348,0.11382832469216524,5.585767122834355,0.0013615056283236319,0.0570658795314962,0.011961044248043333,0.01021630123071432,CombinedTraditionalGiniMean
66.31640570427759,0.102424854563987,0.0913400468648472,0.9029368223003252,0.9407885205590918,1.0,0.7790696032002894,0.22093039679971063,7.836123448477816,0.0031270755228099763,0.106157212914885,0.014154120791467623,0.013547159333676177,CombinedTraditionalGiniMean
65.61714087612009,0.7605235375128732,0.321554510137837,0.6900875468757348,0.9404339459862947,1.0,0.8579230592058228,0.1420769407941772,6.170604661563049,0.0015855747183562102,0.14270985801972538,0.011159972262164532,0.023127370143913282,CombinedTraditionalGiniMean
72.105801808216,0.9626681488311714,0.4283857120021558,0.8521502353636959,0.9201300792439878,1.0,0.876483806501836,0.123516193498164,6.234613848591179,0.002324038392453023,0.07606124205371875,0.018815657499091958,0.012199832082769028,CombinedTraditionalGiniMean
56.58027187133028,0.5523293245879637,0.5061338942211759,0.7352537203356918,0.9604862421850611,1.0,0.866931436665124,0.133068563334876,5.629951884612798,0.0017649846130298442,0.08213257919074957,0.013263723367841146,0.014588504639839966,CombinedTraditionalGiniMean
57.31732953106625,0.8875444558658826,0.8019199188316941,0.9030360000231016,0.9330840860645913,1.0,0.897895593935609,0.102104406064391,5.346829052832293,0.0032896614066396986,0.13086247730659753,0.032218603813875674,0.02447478234548714,CombinedTraditionalGiniMean
56.031519258941735,0.833436300246919,0.6688056862584248,0.902695416634991,0.9516999046664033,1.0,0.8871599756290018,0.11284002437099823,5.606438915040897,0.002010815025030043,0.06571568316344312,0.01782005131812836,0.011721466007083703,CombinedTraditionalGiniMean
55.570818142422894,0.905887537764532,0.3671272019599175,0.9046969859670698,0.9603497519616093,1.0,0.857939150422184,0.142060849577816,6.643179250823463,0.0019299643032165263,0.06478809680333827,0.013585476286760897,0.009752573934431678,CombinedTraditionalGiniMean
55.52597147784704,0.6639642569619572,0.5958146042353415,0.711018918965812,0.9601790728541552,1.0,0.883442637740714,0.11655736225928602,5.163844997363068,0.0017798054586403874,0.06860733812632398,0.015269781540535779,0.013286095566648209,CombinedTraditionalGiniMean
56.537252188081375,0.7624965959578002,0.7328786920671966,0.8532885207004379,0.950704532152631,1.0,0.8928089010547384,0.1071910989452616,5.262723144335669,0.001477541035570729,0.0533070206476391,0.013784176579113652,0.01012917061863953,CombinedTraditionalGiniMean
55.70222772341577,0.9539467504639116,0.9043842134555936,0.9143085733855372,0.9172618251176456,1.0,0.9005328952209395,0.0994671047790605,5.414766518921739,0.002016293671842747,0.0850226625471156,0.020270959693874702,0.015701999753822526,CombinedTraditionalGiniMean
58.52535096542364,0.7813210768745111,0.4250806301783034,0.8116403244082525,0.9405939273206789,1.0,0.8698558290111912,0.13014417098880882,5.926553608019404,0.0020989662663318054,0.06701376682136574,0.016128008272551037,0.011307375458594913,CombinedTraditionalGiniMean
55.65642923124007,0.9012560571273246,0.5236603936621017,0.9316631680166154,0.9437762808243934,1.0,0.8745472946393997,0.12545270536060035,6.163065424236459,0.0016650750696179152,0.05733141106005946,0.013272532185191506,0.00930241805232211,CombinedTraditionalGiniMean
56.7226894548352,0.846274335476604,0.432735130517226,0.9002701319230771,0.954086801555497,0.9642857142857144,0.8681856298821807,0.13181437011781938,6.145207068704978,0.001768275373047032,0.061678196867586396,0.013414890739655305,0.01003679716208233,CombinedTraditionalGiniMean
54.07690886387432,0.9639514059117684,0.7376140937047635,0.9140858687675908,0.9412703688545893,1.0,0.8890904647857935,0.11090953521420656,5.7766763371478715,0.002060103507245733,0.07357420134196357,0.018574629343337572,0.012736424381063644,CombinedTraditionalGiniMean
56.20982866469161,0.7487091413841354,0.50656657972756,0.8237329877229881,0.9604194804684874,0.9285714285714286,0.8783538419497633,0.12164615805023672,5.455232803995422,0.0022276142554938433,0.06431009054579122,0.018312245049070076,0.011788697724997254,CombinedTraditionalGiniMean
54.79434856264525,0.9150836544005944,0.6608530049191067,0.9337517865815396,0.9516301763497422,1.0,0.8854247708110913,0.11457522918890878,5.818241492996171,0.001534022535496335,0.07328206568229036,0.013388779986353566,0.01259522585484036,CombinedTraditionalGiniMean
57.20855157558765,0.7137788932333774,0.5724510803072831,0.8347321915654147,0.9515666441648032,1.0,0.8802763424202953,0.11972365757970481,5.558719234548643,0.0012681358568526816,0.05636946937919303,0.010592191071413208,0.010140729725805287,CombinedTraditionalGiniMean
70.85691957764801,0.962942232830062,0.4098094649024249,0.9053127132756283,0.9202445078607258,1.0,0.8757649975488536,0.12423500245114641,6.2987378681637445,0.0032919281227826434,0.10082433002981568,0.02649758971170098,0.0160070687398218,CombinedTraditionalGiniMean
53.58184705018541,0.8112723742811463,0.912222760262126,0.9136363135327772,0.9287260116677787,0.9642857142857144,0.8971154755527901,0.10288452444720993,5.342705321262791,0.0026372947999538775,0.10076760319750468,0.025633542207866976,0.018860782532113797,CombinedTraditionalGiniMean
58.04875658031753,0.8386282536256277,0.287892838035965,0.8693393283336817,0.9511184107818708,1.0,0.8530300561668133,0.1469699438331868,6.626190036493969,0.002131819785036258,0.07227286186814903,0.014505141183532784,0.010907151993846202,CombinedTraditionalGiniMean
46.765758192610754,0.9743926921414982,0.9053608462979922,0.9121182668361126,0.9287253550620712,0.9285714285714286,0.8931122991971999,0.10688770080280015,5.595614397218336,0.0019311623186181724,0.07130417122524162,0.018067207958575356,0.012742867210558324,CombinedTraditionalGiniMean
55.70195795532032,0.8034536016042798,0.4308925163540856,0.884790150425765,0.9613851597299796,1.0,0.8635904784517864,0.13640952154821367,6.288278932318858,0.001898522992751334,0.06635319410055814,0.013917818721182926,0.010551884675397154,CombinedTraditionalGiniMean
55.902661831543526,0.650723188603101,0.6156887573372717,0.6233905217317895,0.9604374795286222,1.0,0.8838586553771255,0.11614134462287454,5.037216085922706,0.001929194325231662,0.10362430381344481,0.016610745566068633,0.02057174082784323,CombinedTraditionalGiniMean
57.74292651993424,0.822440402610832,0.4102533126196448,0.7449404379288315,0.9508356171377468,1.0,0.8655551031478481,0.13444489685215189,6.026843871989663,0.0022645799144787628,0.06970097764080552,0.016843926154884892,0.011565087651390393,CombinedTraditionalGiniMean
54.824512955250206,0.8962796565931022,0.8105951663214762,0.906479486289578,0.9517318544754885,1.0,0.8932953736989309,0.1067046263010691,5.548643265314645,0.0024261617386255874,0.08997487311128893,0.02273717478546925,0.01621565287387182,CombinedTraditionalGiniMean
52.91461754585576,0.5583805074101236,0.9022271904243754,0.902352174411873,0.9403113512029019,1.0,0.8773719616001393,0.12262803839986072,5.988673551867063,0.0018445969933875137,0.06553499278648915,0.015042212347658403,0.010943156647110543,CombinedTraditionalGiniMean
56.21986941932424,0.8040106016442443,0.4532080297183981,0.6373866998542224,0.9614888291572659,1.0,0.8639959353321935,0.13600406466780657,5.9114562350953,0.0014381878181049766,0.087335024316559,0.010574594381556076,0.01477385957762251,CombinedTraditionalGiniMean
55.70744704981821,0.9203345809983948,0.5366936782003392,0.7851212630897813,0.96004615644336,0.9642857142857144,0.8753937761621492,0.12460622383785083,5.875029019952719,0.002020247637357517,0.06756727895897842,0.01621305561740199,0.011500756631074851,CombinedTraditionalGiniMean
56.59185803536256,0.4930559781994243,0.7466509847963719,0.9179835091430092,0.9424618270880869,1.0,0.8711083632651704,0.12889163673482962,6.042357794956648,0.0021959831401927856,0.053190484049101656,0.017037436996091605,0.008802935187568329,CombinedTraditionalGiniMean
57.23417602669196,0.7669842047541926,0.6200897944052061,0.9019775422257644,0.9477711172796695,0.9642857142857144,0.8862155344606603,0.1137844655393397,5.471377045270847,0.0013654677044166962,0.06513771132698236,0.012000475618041209,0.011905176848172758,CombinedTraditionalGiniMean
56.05007567705347,0.8151628352266971,0.9001077504757962,0.6928757325407585,0.9318420976474446,1.0,0.8915686313398977,0.10843136866010238,5.418290689288682,0.001936116993606202,0.0723305055001198,0.017855690816513704,0.013349321704556869,CombinedTraditionalGiniMean
57.71821326861203,0.9394249144586672,0.4857416378945566,0.8426903898138077,0.9449424713841446,1.0,0.8713398409862227,0.12866015901377728,6.221617936474263,0.0026423154222247306,0.0910339048707971,0.02053716894553025,0.01463187000556727,CombinedTraditionalGiniMean
56.53480637388382,0.9287239256481292,0.4490787714852642,0.8715433385839253,0.9576122529574849,1.0,0.8659988631528228,0.13400113684717727,6.406293979561283,0.0018728832572781637,0.06156643355127048,0.013976622149214371,0.009610304139599707,CombinedTraditionalGiniMean
55.74198453707304,0.5229333254820505,0.8187552371096756,0.8893308578539206,0.9509001890925702,1.0,0.8741286935078246,0.12587130649217543,5.9881211982050875,0.002096312259312732,0.05336665826191808,0.01665440931482701,0.008912087196550815,CombinedTraditionalGiniMean
57.66937250670689,0.8898577695107293,0.5982948180201574,0.8548347629077349,0.9421859135746234,1.0,0.8836507972766406,0.11634920272335943,5.734212674240826,0.0020929200161559415,0.0695558926402192,0.017988262636678524,0.01212998132292468,CombinedTraditionalGiniMean
53.20683323003691,0.9141299381133648,0.8430329543011138,0.8427216712313051,0.9482513138257039,0.8928571428571429,0.9001441763206507,0.09985582367934934,5.030315046484041,0.0027555129641301007,0.10562800740305424,0.027594914974397772,0.02099828866124068,CombinedTraditionalGiniMean
69.81982998933042,0.820909506951632,0.8011826197616359,0.9156306441033272,0.9114901450110322,1.0,0.9082329221294707,0.09176707787052936,4.936167947851272,0.0017832255802703752,0.06806378644198009,0.019432084159705505,0.013788790649152942,CombinedTraditionalGiniMean
54.55689252130022,0.93975388982436,0.8627076744710563,0.908447142119428,0.9209446417054447,0.9642857142857144,0.9001772656779065,0.09982273432209353,5.2943993446694915,0.0016369312098503594,0.07103116478750646,0.016398380799393323,0.01341628391878336,CombinedTraditionalGiniMean
57.06267899279491,0.7720398078369929,0.3768711332263594,0.7068042329145741,0.9630321487549351,1.0,0.8606397111567277,0.13936028884327234,6.007716902222778,0.0016267233901397155,0.0581599950995954,0.011672790029655898,0.00968088144733933,CombinedTraditionalGiniMean
55.80231686277325,0.4359111535500061,0.7606020593958647,0.9053471481281192,0.9524315656107658,1.0,0.8642453824417848,0.13575461755821522,6.246231087600861,0.0019215965434058967,0.06470683813125988,0.014154925835814494,0.01035934105283213,CombinedTraditionalGiniMean
47.537798883411554,0.9811553558200105,0.9005558969130991,0.8537036176956947,0.9318849640776973,1.0,0.8875973722215671,0.11240262777843293,5.911743841000329,0.002135668225209234,0.07728461949955652,0.019000162784619627,0.013073066353713856,CombinedTraditionalGiniMean
56.96661484657008,0.902785710080034,0.3724670563274863,0.8162006286012933,0.9614115878559749,1.0,0.8580967159537018,0.14190328404629815,6.517075075152751,0.0023999731292543404,0.07420059991214241,0.01691273845692896,0.01138556776720932,CombinedTraditionalGiniMean
77.48325101724815,0.9425782198665564,0.3372755740237929,0.8697759561909477,0.9205140289584945,1.0,0.8702882187334167,0.12971178126658336,6.49571527288076,0.003018425490100187,0.11645528772932134,0.023270249322200932,0.01792801605937309,CombinedTraditionalGiniMean
57.04357562374819,0.6370010143479361,0.6653800240405605,0.7916868556668062,0.9509272068527416,1.0,0.8860753292253615,0.11392467077463853,5.2516003144829275,0.001650276473064492,0.08964211777479647,0.01448568130013741,0.0170694859484223,CombinedTraditionalGiniMean
56.42437591622959,0.8377878422941906,0.8322868701672708,0.9094330947094202,0.9406343579267888,0.9642857142857144,0.8995893407334655,0.10041065926653456,5.177375471852845,0.0030670200124101707,0.11194127677754805,0.03054476521530384,0.021621239832058624,CombinedTraditionalGiniMean
58.13973811261164,0.8985947513879019,0.5277466322510901,0.8274615973097715,0.9401398876201892,1.0,0.8773596372500959,0.12264036274990413,5.927006143513917,0.0022061733348106845,0.07705611197995174,0.01798896615553601,0.01300084901451913,CombinedTraditionalGiniMean
57.27285327754713,0.8294134420958745,0.4012309934306996,0.5093992089684765,0.9603820970395441,1.0,0.849705676828714,0.150294323171286,6.2787736712261895,0.0015975001683682577,0.09049562744994542,0.010629145097833363,0.014412946251695742,CombinedTraditionalGiniMean
51.84631483605969,0.5651585001396237,0.9061206264730104,0.5669990936742708,0.9506322020237123,1.0,0.8692325701306517,0.1307674298693483,5.848331553977181,0.0018316778930026272,0.07429531165152518,0.014007141494121923,0.012703676418789963,CombinedTraditionalGiniMean
56.45456763595043,0.5099239612611759,0.2788090524518134,0.906084727841557,0.9610443281493461,1.0,0.8328756098480692,0.16712439015193087,6.867892668330079,0.0022914842879533026,0.08457872844340335,0.013711249961002942,0.012315091765108872,CombinedTraditionalGiniMean
53.21834596045164,0.8235926381353432,0.7667052658968435,0.7755285569882715,0.9507748227625619,0.8928571428571429,0.9002994305770438,0.09970056942295626,4.738830591188398,0.0033053486255161376,0.1180638648472471,0.03315275574298851,0.024914134948563163,CombinedTraditionalGiniMean
55.685504893440495,0.5106830578626572,0.4607535551382921,0.9003961559536607,0.9600657508150549,1.0,0.8541475445540437,0.1458524554459564,6.291448660103164,0.001425424955189449,0.06967642236727972,0.009773061076216302,0.011074781998799178,CombinedTraditionalGiniMean
53.59041327111112,0.909325994810852,0.809935428181752,0.9056397442743332,0.9417072517529438,1.0,0.8935336833227119,0.10646631667728818,5.549853501546475,0.002681019116629131,0.10286352517923936,0.02518185281787866,0.01853445773849279,CombinedTraditionalGiniMean
52.024379859832685,0.935471680287292,0.8757609213692996,0.9023062508672094,0.9383886108892117,0.8928571428571429,0.9000360860749841,0.09996391392501597,5.169335249848654,0.0028141512128724054,0.11728007798846127,0.028151670961816592,0.022687651761780194,CombinedTraditionalGiniMean
57.04624688085228,0.931084309096928,0.2744769921932624,0.9004376297553907,0.9545300552719245,0.9642857142857144,0.8523166549250625,0.14768334507493752,6.7635961996961,0.0023041610727473193,0.07368491967340571,0.015602037396824546,0.010894340451122215,CombinedTraditionalGiniMean
41.00348450389087,0.9693418604727716,0.9033789038262988,0.9157036470159314,0.9328058797190024,1.0,0.8834780743496814,0.11652192565031866,6.088418350076294,0.003299309446967383,0.127992911402415,0.028314923809863765,0.021022358196001942,CombinedTraditionalGiniMean
56.51492255868986,0.7327258281020171,0.4538234017972821,0.8160969048455949,0.9603138642709151,1.0,0.8677171451007731,0.13228285489922695,5.928629435046721,0.0016602995135106646,0.047613265275223624,0.012551131548948505,0.008031074601114515,CombinedTraditionalGiniMean
56.26617277036837,0.4988805605424153,0.416751666031121,0.9291124835404616,0.9606089658113743,0.9642857142857144,0.8503596007840948,0.14964039921590527,6.351149181339194,0.0019570736887452845,0.09047367575632385,0.013078511545011082,0.014245244942781633,CombinedTraditionalGiniMean
72.04177559238784,0.7929494864220662,0.4220240780641312,0.9506316965070744,0.9224341584489197,1.0,0.8729758326331669,0.12702416736683314,6.285302885538595,0.0018769945373932706,0.054303062804010406,0.014776672630907293,0.008639689095803553,CombinedTraditionalGiniMean
56.50429726994359,0.3630599533255251,0.7809682549389592,0.9093508987141954,0.9504700299897877,1.0,0.8577274584247438,0.14227254157525623,6.479727701155777,0.0018869655535866472,0.06575466785140598,0.013263033981778706,0.010147751708714155,CombinedTraditionalGiniMean
57.00697161740344,0.3796073470980449,0.2056849785282232,0.8998715206955364,0.9600349862264789,1.0,0.8138932454753013,0.18610675452469885,7.203539143906326,0.002324530968879446,0.09137171615262576,0.0124903095259283,0.012684281202236492,CombinedTraditionalGiniMean
58.06071294009183,0.9032291672217524,0.827013662266732,0.9174210358651456,0.9275322646697051,1.0,0.899830299479268,0.10016970052073207,5.328314824683334,0.002363728206910271,0.09534417493660617,0.023597237434298323,0.01789387040250058,CombinedTraditionalGiniMean
57.19581886038872,0.3456139497945421,0.7631382878077582,0.9038290510635902,0.9400614333343652,1.0,0.8578859203441124,0.14211407965588768,6.436407989070046,0.002391762683313424,0.056589756020654504,0.01682987842657668,0.008792133145809294,CombinedTraditionalGiniMean
55.033492529971895,0.9121828297360308,0.4791052874649151,0.8583569016496404,0.9617442273523993,1.0,0.8678315454113825,0.13216845458861748,6.288965369284297,0.00179268566070197,0.06500383613824369,0.013563642446163234,0.010336173332377775,CombinedTraditionalGiniMean
57.05598024668494,0.4618105155461215,0.4302448898709453,0.760004116084834,0.9611201585611822,1.0,0.851737483535598,0.148262516464402,6.033167446818932,0.002232345908906704,0.08812725249046519,0.015056711312752423,0.014607128555155793,CombinedTraditionalGiniMean
57.05609521600365,0.7364842010043455,0.8213736633812302,0.8410698619591529,0.9405417652976004,1.0,0.8956158310323805,0.10438416896761955,5.2094167846283,0.0029230385113651718,0.10439056435610145,0.028002699454089744,0.020038819827995366,CombinedTraditionalGiniMean
80.52459861771995,0.995725425015482,0.9027847191634188,0.936480932948596,0.9049042253187327,1.0,0.9177401032494024,0.08225989675059774,4.845040933134065,0.0019825134224683142,0.1081844841764075,0.024100606744973923,0.0223289102547225,CombinedTraditionalGiniMean
57.91465144883586,0.6566160920396146,0.4271319453800071,0.8277513564507067,0.9501815000397998,1.0,0.8636453525193657,0.13635464748063433,6.004475086718427,0.0016155824590140195,0.0629933784727184,0.011848385726958602,0.010491071669537996,CombinedTraditionalGiniMean
52.32878123871622,0.8800361035490105,0.9143457439488336,0.8359966222585862,0.9219584125353607,0.9285714285714286,0.9005293682377049,0.09947063176229516,5.1093492405270755,0.0024856950273616446,0.09801051194538404,0.024989235348396165,0.019182582229449123,CombinedTraditionalGiniMean
57.55441183219784,0.7313325437690269,0.4815070553384529,0.9154131148264444,0.9406270545028054,1.0,0.8711073356730035,0.12889266432699653,6.027096295872029,0.0019670840700293703,0.05770874118675246,0.015261412123803582,0.009574882887847221,CombinedTraditionalGiniMean
57.61541607053667,0.8798770951721296,0.3569398630714606,0.8707999171910417,0.956033222978745,0.9642857142857144,0.8619667776596374,0.13803322234036264,6.333449420771457,0.00273604293044077,0.0990576276995852,0.01982162615673949,0.01564039137578197,CombinedTraditionalGiniMean
56.66934437889144,0.8426356446195282,0.5937901356071469,0.8118682177772855,0.9570739970148471,1.0,0.8819649333952628,0.11803506660473723,5.6476946985982375,0.0014970673882499543,0.05292831827373581,0.012683242627067496,0.009371667750891821,CombinedTraditionalGiniMean
52.96455859150502,0.9156292612027064,0.9069715621186394,0.8530829583383814,0.9216933971692199,0.9642857142857144,0.8992162977908565,0.10078370220914357,5.282339999221169,0.001877885085323656,0.07101168897614395,0.01863282499214725,0.013443225726972126,CombinedTraditionalGiniMean
55.00964235235207,0.6737545503103549,0.8400415048180521,0.9178119585807636,0.9511596037775172,1.0,0.8866315055524813,0.11336849444751873,5.653075894397075,0.0014961394879502838,0.056722600994856064,0.013197136428788742,0.010033935870394993,CombinedTraditionalGiniMean
74.49765776243723,0.984929065191123,0.1272283220538008,0.921169091660942,0.9203310933598556,1.0,0.851210328619985,0.14878967138001498,7.184862391242134,0.0029026320694761905,0.08088509489973902,0.019508290075207897,0.011257709681166968,CombinedTraditionalGiniMean
57.05548055477273,0.7212983768939468,0.9022104026136754,0.9085737976297968,0.9255666050781642,1.0,0.8948676273638019,0.10513237263619805,5.433469955894559,0.0019940839261700827,0.07093804424048718,0.018967363488223046,0.013055753471780823,CombinedTraditionalGiniMean
57.67963572385197,0.4721413804627869,0.6187782721796258,0.9128557128304552,0.9401812418526275,0.9642857142857144,0.8676228021729363,0.13237719782706378,5.932265165966602,0.0014731126608591577,0.05464857208694418,0.011128145066068079,0.009212091934201284,CombinedTraditionalGiniMean
52.52738395921548,0.8205133039048889,0.9044477049824268,0.8935075026856685,0.944908979120213,0.9642857142857144,0.8947028954992343,0.10529710450076571,5.407403503958761,0.0030423087195070903,0.1145196403371907,0.028892615176184328,0.02117830493939482,CombinedTraditionalGiniMean
65.07596835379356,0.9614423104757942,0.867748297736379,0.9276355553098712,0.9101887966357448,1.0,0.9084323388762199,0.09156766112378013,5.10293292542989,0.0028521373185300403,0.10770369342900826,0.03114786687272216,0.021106233415743927,CombinedTraditionalGiniMean
78.19669666128735,0.3673474162386506,0.3377904723962145,0.3340360981535334,0.9206395271868197,1.0,0.8239212359322963,0.17607876406770376,6.4907880814990895,0.00419817522703003,0.1482668320703604,0.0238425982216447,0.022842654883922387,CombinedTraditionalGiniMean
53.5615000958649,0.7321844647029991,0.9008221748562538,0.8854133647731864,0.946272338220381,0.9642857142857144,0.8919877659549335,0.10801223404506648,5.435963117455979,0.002630959666391396,0.09533807555710883,0.024357978423941013,0.01753839632409553,CombinedTraditionalGiniMean
57.54713077762945,0.6855524162054674,0.7636595963008357,0.813838440804279,0.9417515200744269,0.9642857142857144,0.896208492114248,0.10379150788575206,4.972172659590642,0.0013575856253678158,0.051659526255247605,0.013079929688102912,0.010389728955933063,CombinedTraditionalGiniMean
45.99829497873772,0.6342217751248911,0.9106209872185445,0.91931459571533,0.9407116908087202,1.0,0.8771587202249895,0.12284127977501058,6.0320773590293335,0.003014913626973594,0.11073750231898259,0.024543163605064568,0.018358103805353417,CombinedTraditionalGiniMean
55.61046478851853,0.9322003477092384,0.8296835777345073,0.3829607993537223,0.9537952812500006,1.0,0.8586784842551178,0.14132151574488216,6.5657748397154,0.0017976284417145353,0.06106889529493457,0.012720132757135637,0.009301094963771506,CombinedTraditionalGiniMean
73.79403893356759,0.8732501776494374,0.3690528298858307,0.9325313448419538,0.920683192920837,1.0,0.8732604122241328,0.12673958777586736,6.3257013374934035,0.0018067719348776594,0.046521336428125684,0.014255782006115134,0.007354336530620973,CombinedTraditionalGiniMean
54.21812325801657,0.4140920336945721,0.9018531703985476,0.8851797738625558,0.9452642923563391,1.0,0.863699438514465,0.13630056148553507,6.410999360244067,0.0010929514351337175,0.04750139043513177,0.008018686227126858,0.0074093581618019985,CombinedTraditionalGiniMean
52.46631108455389,0.9756397345187174,0.9070495492545766,0.5822349775685619,0.9418195083310912,1.0,0.876794163201234,0.12320583679876601,6.15582243878352,0.002861001943723573,0.11287709473269211,0.023221318226964292,0.018336639150202366,CombinedTraditionalGiniMean
58.5990754490232,0.729832262634044,0.3524394067925452,0.8353422157996845,0.9552725452012405,1.0,0.8588335574768757,0.14116644252312432,6.236006946779908,0.0022687924594740304,0.07819516810056798,0.01607175486555441,0.012539300993073087,CombinedTraditionalGiniMean
57.36797201762278,0.8656318929557724,0.5089636173450883,0.9087582625608156,0.9417043192706989,1.0,0.8750359622653303,0.12496403773466977,6.068413577679605,0.00214076626788885,0.07712540798268062,0.017131058716542417,0.012709319659154027,CombinedTraditionalGiniMean
58.0463235334716,0.5600843360369738,0.4127224652472794,0.9059377863566044,0.9479425320269402,1.0,0.8542703254196269,0.14572967458037311,6.372478938616929,0.002026023994421904,0.07809247595653057,0.013902617982616211,0.01225464637996585,CombinedTraditionalGiniMean
57.68541162595169,0.5804418862241473,0.6958762121246548,0.7692650299576612,0.9525538043215895,0.9642857142857144,0.8857300558471772,0.11426994415282284,5.161828474476132,0.0019394703153994806,0.08276677139728111,0.01697270730093001,0.0160343901015969,CombinedTraditionalGiniMean
55.08737338363181,0.8011205998272312,0.5080961071618676,0.8149182879714763,0.9602863946308444,1.0,0.8731523297872092,0.12684767021279086,5.846182959781467,0.001895192105659105,0.06429943526760884,0.01494069305711222,0.010998532839282262,CombinedTraditionalGiniMean
56.910002030733146,0.9201911399557664,0.5523180322688636,0.7923453371971082,0.9541105716663731,1.0,0.8759686310019632,0.12403136899803682,5.967714771939827,0.0013602648537689973,0.054727688570052,0.010967103441311913,0.009170627394489662,CombinedTraditionalGiniMean
57.05186177855666,0.9197151814406176,0.7052289996048267,0.6761422664040881,0.9401519027429178,0.9642857142857144,0.891078442126818,0.10892155787318207,5.259463627392772,0.0011518595988462051,0.029852819319145654,0.010575129674396699,0.005676019730161026,CombinedTraditionalGiniMean
57.91469445584207,0.9150891738680996,0.3920044572213548,0.9105450347613732,0.9475378859905642,1.0,0.8637440936496125,0.13625590635038748,6.5075866214506926,0.002295791424869188,0.08010481004202585,0.016849114921781587,0.01230944967800807,CombinedTraditionalGiniMean
72.56285286045856,0.6202317078537989,0.4492032356451126,0.9076816511587033,0.9202748316109536,1.0,0.8681203338639281,0.13187966613607208,6.247400980197727,0.0020701393024461527,0.08718754565716466,0.015697183372531474,0.01395581073369893,CombinedTraditionalGiniMean
71.4941806403591,0.9978682735538054,0.506029087544072,0.5745254298705343,0.920057908566091,1.0,0.8682291037159305,0.13177089628406954,6.373736132535631,0.00245827950746674,0.09495321717333903,0.0186557090889571,0.014897575801520398,CombinedTraditionalGiniMean
75.92786586797482,0.2291151274105118,0.1523096767387505,0.9032818178137184,0.9223855519252366,1.0,0.8072106406225189,0.19278935937748115,7.608364193434953,0.0032707930769806087,0.1212416771420667,0.016965630715004364,0.01593531461686374,CombinedTraditionalGiniMean
58.0848520775392,0.9041580451094848,0.5312438411243638,0.7227537805577038,0.9400097070233462,0.9642857142857144,0.8790993414403538,0.12090065855964624,5.650605763278917,0.002206234326131238,0.10255541217882687,0.018248323478261236,0.01814945449659477,CombinedTraditionalGiniMean
58.991486339601735,0.9522496767504924,0.6006708269864536,0.6890510564164568,0.9414363747084908,1.0,0.8799583769319319,0.12004162306806813,5.7957925350708015,0.002125787279631924,0.10673699702002798,0.017708751558836573,0.01841629015775736,CombinedTraditionalGiniMean
58.19787923300242,0.9106909267980544,0.6555632158283123,0.6755986076974759,0.943268547643648,0.9642857142857144,0.8880641589569911,0.11193584104300888,5.340694862471463,0.0011011642048833622,0.08052891742609522,0.00983745862471578,0.01507835955803504,CombinedTraditionalGiniMean
72.52120551170972,0.9350085327876868,0.3447180891010626,0.929659739258495,0.9207448215540227,1.0,0.8718521765264042,0.12814782347359577,6.4188066641359995,0.0031671959829376807,0.08511322928705918,0.02471517577971401,0.01325997708617943,CombinedTraditionalGiniMean
78.4884037661598,0.5816604107610521,0.0751315173213963,0.9166383774878332,0.920293711218868,1.0,0.8246942298625032,0.1753057701374967,7.602352970594893,0.0011864877912367954,0.10609916556202344,0.006768104611195646,0.01395609569463611,CombinedTraditionalGiniMean
77.77505809401983,0.9751492954644282,0.0970645935753621,0.7963184459296918,0.9207940771118914,1.0,0.8420068822801915,0.15799311771980853,7.39426810712405,0.002994557828080574,0.10596967849189148,0.018953723246295105,0.014331327584645516,CombinedTraditionalGiniMean
57.11996903360148,0.8966533879622727,0.8259123296400377,0.7863991576629856,0.9433721144611721,1.0,0.8956610217472226,0.10433897825277738,5.342437339592933,0.0013695735258817748,0.05557948256824451,0.013126192615800494,0.010403394375137284,CombinedTraditionalGiniMean
55.73217022832665,0.7309431572295191,0.8093805298623621,0.7840257689421587,0.9523237976759648,1.0,0.8931551997690456,0.10684480023095438,5.197526644714485,0.0026181088278156356,0.09306318052860502,0.024503848780252892,0.017905282048576634,CombinedTraditionalGiniMean
59.22502359986069,0.589402530392235,0.5319262566186667,0.4217067560711273,0.9516079950471164,1.0,0.8560632536411391,0.14393674635886095,5.7321690824451785,0.002804203472756684,0.14043606706366313,0.019482193002788084,0.02449963792829313,CombinedTraditionalGiniMean
78.09986483993396,0.890170283070008,0.2267360155678874,0.3962028448966797,0.9201598424891992,1.0,0.8290815084006387,0.17091849159936146,7.271222615197252,0.004028835521137572,0.15048895677647872,0.023571677256439254,0.020696513466930386,CombinedTraditionalGiniMean
57.88162628501743,0.5808018732111284,0.569210086891803,0.9017629742641436,0.9400530643721707,1.0,0.8729391156108742,0.12706088438912583,5.827171245458585,0.0018609025936860498,0.07688374869241572,0.014645755085310191,0.013194008800124965,CombinedTraditionalGiniMean
54.62528866038691,0.914338185342434,0.8128851362169025,0.8819264156658834,0.946440305668483,0.9642857142857144,0.896293115900961,0.1037068840990391,5.349925371313217,0.0021724559457596375,0.07729952980307324,0.02094803989757288,0.014448711792796269,CombinedTraditionalGiniMean
56.78601635893836,0.9350592427933226,0.6153774987173987,0.8136862399709209,0.9405211442841724,1.0,0.8830929469883053,0.1169070530116947,5.7793325869898595,0.0014669620751807963,0.044512375618567614,0.012548105844683724,0.007701992392473072,CombinedTraditionalGiniMean
60.09484851044142,0.3893414740676789,0.0684238073466593,0.2796408038563935,0.9604305044476958,1.0,0.7706817921533239,0.2293182078466761,6.922691660824782,0.004161634966739451,0.16095811281973935,0.01814786102602874,0.023250799068604264,CombinedTraditionalGiniMean
57.00228975066358,0.9400363867912572,0.6136777531928984,0.4624593512625612,0.9503381819065011,0.9642857142857144,0.863856223066513,0.136143776933487,6.089300390277388,0.0021179747168848834,0.10004611456238356,0.015556897014247072,0.016429820857930467,CombinedTraditionalGiniMean
53.4002396765205,0.9593000211343892,0.906064186347248,0.5827191313512957,0.9331939870289674,0.9642857142857144,0.8818120009326083,0.11818799906739173,5.86618456049078,0.0024763415736107,0.09100086063555544,0.02095256365410392,0.015512785132682918,CombinedTraditionalGiniMean
56.5910753392774,0.90117711238083,0.8635711253030425,0.7875640614230803,0.9407368552388139,0.9642857142857144,0.8979747941234523,0.10202520587654777,5.22616684637171,0.0015550960299818854,0.062271995332898504,0.015242272893461034,0.011915424280059319,CombinedTraditionalGiniMean
55.3628309691112,0.9238636523848968,0.8186594318661058,0.7751228422966133,0.9516194888965176,1.0,0.8912878137349649,0.10871218626503516,5.5373458523971,0.0029393700976673167,0.10753186449317312,0.027038092035986394,0.01941938743931317,CombinedTraditionalGiniMean
57.13625254851844,0.8922806561717925,0.7503080016034781,0.8453775025009441,0.947559284322085,0.9642857142857144,0.8963825912715974,0.10361740872840267,5.22902665820001,0.0039163238881685224,0.144026528182047,0.03779600297121709,0.02754365919251697,CombinedTraditionalGiniMean
58.27472308023473,0.6428642144424269,0.3954244548486366,0.454606302249179,0.9600052898870796,1.0,0.8474356222209378,0.15256437777906226,5.944794722003789,0.003276504740679143,0.15173107351777637,0.021476210819173322,0.0255233495205757,CombinedTraditionalGiniMean
56.01762017168106,0.8654311140669839,0.8247911130782668,0.4309582593666556,0.9505897616697861,1.0,0.8662796056852529,0.13372039431474725,6.1925859672078865,0.0017938814714279353,0.06366263135112976,0.013415167376829209,0.01028045984153434,CombinedTraditionalGiniMean
55.19864965114803,0.8629304452721765,0.8755796855374055,0.8822132184631241,0.942706955965212,0.9642857142857144,0.9002692437491037,0.09973075625089632,5.167509050879619,0.0019190669793009022,0.0791738463201786,0.01924247896479432,0.015321472210426327,CombinedTraditionalGiniMean
59.07071000457504,0.7215034644494058,0.6118195497375055,0.6856761553556372,0.9420720012242737,1.0,0.8885566641243294,0.11144333587567061,5.083319346165336,0.0019244734765391162,0.10946158199652482,0.017268627696914188,0.02153348521750822,CombinedTraditionalGiniMean
58.53419647161386,0.9208089524420128,0.4457086086041248,0.4784304992240027,0.952258658262923,1.0,0.8516591355730205,0.14834086442697952,6.42463884484576,0.002177722162862909,0.0881137427948616,0.014680527656860783,0.013714972144395612,CombinedTraditionalGiniMean
58.66914622689291,0.8025167067980344,0.5285759412393647,0.5001413750651171,0.951565699344225,1.0,0.8644001022993438,0.13559989770065614,5.854788421907362,0.002586784364997661,0.11986710366490647,0.019076595254578454,0.020473345068523652,CombinedTraditionalGiniMean
53.743692304899405,0.9452854210479614,0.8321827609579787,0.8160660218943196,0.9508252441015473,1.0,0.8911082019202848,0.1088917980797152,5.623492141847794,0.002156440685520018,0.08606759576517374,0.019803518020166923,0.015305008630614578,CombinedTraditionalGiniMean
55.02208559446534,0.7544493902495363,0.6333590449772305,0.5224621786417754,0.9606990589993917,1.0,0.8725996773566712,0.12740032264332887,5.5407931564256305,0.0016438306782765673,0.08207226775576873,0.0129028768857882,0.014812368092208952,CombinedTraditionalGiniMean
58.02370849923069,0.8140941580132423,0.8041133357325096,0.6448192461654082,0.9448074054171819,1.0,0.88992716578393,0.11007283421606999,5.3237324645793525,0.001881064426189453,0.054540242019787105,0.017089270387069116,0.01024473757512466,CombinedTraditionalGiniMean
55.634503475433775,0.8292416691067487,0.8111942108940291,0.4965431823545167,0.9518547548284604,1.0,0.873335540237955,0.12666445976204502,5.883136063898913,0.001945714902306016,0.058219338758693194,0.015361174760159907,0.00989597012993605,CombinedTraditionalGiniMean
57.23455073001436,0.8607662330377003,0.4872092986841843,0.74523614342076,0.9539349027769006,0.9642857142857144,0.8740801621984157,0.1259198378015844,5.753154106499933,0.002096695816682169,0.06459035178476603,0.01665103651091097,0.011226946226208618,CombinedTraditionalGiniMean
57.47133866232596,0.9261111360385542,0.9026810224961072,0.3593465718046839,0.925024092343526,1.0,0.8627887574598117,0.1372112425401884,6.527079293391078,0.002260771019023777,0.06631552988530606,0.016476572744114678,0.010160061936500927,CombinedTraditionalGiniMean
56.64946667656643,0.4609504524047045,0.8008448456604047,0.6292221115923529,0.9503561525453808,1.0,0.8661938365579573,0.13380616344204274,5.836507472492231,0.0017623355761134172,0.08860033142719467,0.013170810153874274,0.015180368027415835,CombinedTraditionalGiniMean
57.84646979037154,0.9637670143099618,0.3103261908573693,0.7874036524394606,0.9554121022882321,0.9642857142857144,0.8537310242995946,0.14626897570040545,6.635923320760477,0.002154991924477773,0.06764258374744236,0.014733075925080124,0.010193394419706845,CombinedTraditionalGiniMean
59.00096023729021,0.9179834415081736,0.7155768754024826,0.529504480768851,0.9400016717799008,1.0,0.8759653731803086,0.12403462681969138,5.871817537072372,0.0017381995087439321,0.0488415090337401,0.014013824633589985,0.008317954147139928,CombinedTraditionalGiniMean
53.858460887333656,0.9285910632518848,0.6365836421057778,0.5147962103530616,0.9614024938192183,1.0,0.8661071316226265,0.1338928683773734,6.073021554234216,0.001460887390671944,0.06104263181769542,0.010910867833187893,0.010051443300927434,CombinedTraditionalGiniMean
58.20087580764,0.8636981816287785,0.7939231395428267,0.7452755358178336,0.9412934084065044,1.0,0.8961825811772953,0.10381741882270476,5.202651377335501,0.0019199162386278074,0.07062606857476658,0.018493199507363632,0.013575014632430974,CombinedTraditionalGiniMean
57.96145161138846,0.9292784008166568,0.5900454456580826,0.5140409864630822,0.9502806832721022,1.0,0.8655976266374921,0.134402373362508,6.116215274413813,0.0019265345283889128,0.10300804259143875,0.014334081163825091,0.016841794797896676,CombinedTraditionalGiniMean
57.70991546985558,0.4708635274657776,0.8117470745977765,0.7872715150958886,0.9442794850143208,1.0,0.8733933288505003,0.12660667114949986,5.823715103937139,0.0024577060809322076,0.06567736514613456,0.019412137280112957,0.011277571786046539,CombinedTraditionalGiniMean
56.67669529280331,0.6966331754397763,0.4924934174004177,0.6128914120145554,0.9615863765539702,0.9642857142857144,0.8732200384172955,0.12677996158270452,5.323044279535697,0.0021631045583320172,0.11315026675863606,0.017061880531655804,0.02125668335949022,CombinedTraditionalGiniMean
56.166148916951926,0.9086766822077076,0.7653731615545302,0.8271385043684928,0.9525884154740757,1.0,0.8920202719171275,0.10797972808287257,5.488738584229715,0.0025628593858233865,0.09430780853624572,0.023734634558964962,0.017182055054910363,CombinedTraditionalGiniMean
57.753005291627225,0.8929230881483421,0.5388432689503411,0.6656847504412021,0.9500407902142988,0.9642857142857144,0.8761404079283408,0.12385959207165916,5.67395682781334,0.0013118316036040702,0.06753994074930601,0.010591279865067763,0.011903499233238777,CombinedTraditionalGiniMean
59.40157766290265,0.8424813828102284,0.4411331422562678,0.6333800469917616,0.9541815485691874,1.0,0.8629471105408594,0.1370528894591406,6.068848512373547,0.002158050213570864,0.09988358148395776,0.015746112483197523,0.016458407435991997,CombinedTraditionalGiniMean
58.27341413996902,0.922411510719433,0.493458429881337,0.6188639634667276,0.9513336838831882,1.0,0.8653019608030612,0.13469803919693887,6.13969445488566,0.0012338903361536378,0.09116254164262842,0.009160417950476587,0.014848058370410576,CombinedTraditionalGiniMean
58.01529582942903,0.9146522442361804,0.3417683600612431,0.8047719330961259,0.9411860070873964,1.0,0.858148233867894,0.14185176613210604,6.51941455848214,0.0027763876170912864,0.09861983331004996,0.019572457169871587,0.01512709959236137,CombinedTraditionalGiniMean
56.45258463268127,0.5995810758829203,0.82099357259607,0.7101211601030618,0.9500940729833738,1.0,0.8830066010936504,0.11699339890634965,5.4344917408041935,0.0013579403960598017,0.05530231475969061,0.011606983032835893,0.010176170541296471,CombinedTraditionalGiniMean
70.5103898791161,0.9754778405637898,0.4918766838709867,0.8529940800138917,0.9202299596086027,1.0,0.8815006655597488,0.11849933444025129,6.0615765350528035,0.0014953406886950356,0.047218635885032466,0.012618979640337164,0.007789827549314468,CombinedTraditionalGiniMean
57.07253256965923,0.9869022349464086,0.3503671815364098,0.7167139542691309,0.9604846844042569,0.9642857142857144,0.853557139714274,0.146442860285726,6.598379581650344,0.0025285014262443535,0.09299065514010564,0.017266129747199495,0.014092953275787055,CombinedTraditionalGiniMean
76.40316252515669,0.9550126700445084,0.783062356888328,0.9364221859378812,0.9101314527686313,1.0,0.9100609257539598,0.0899390742460402,5.0698295581608495,0.002501497138900104,0.10535182868350289,0.027813240906359886,0.020780151970576446,CombinedTraditionalGiniMean
59.80232786799895,0.4444199393802472,0.20262160371366,0.4008351748550007,0.9520205988498224,0.9642857142857144,0.8145234417268874,0.18547655827311266,6.218175196810446,0.0037917489855642666,0.15205074737365007,0.020443278767233477,0.024452631609936475,CombinedTraditionalGiniMean
53.58693376484364,0.9747917027619908,0.9010582385249012,0.3495441386990875,0.9392759556696955,0.9285714285714286,0.8589990058188197,0.14100099418118023,6.5512802262589656,0.0023088556591583554,0.08814924778579183,0.016374747373706987,0.013455270533608127,CombinedTraditionalGiniMean
55.44304329854236,0.7983926905509551,0.9105752817874908,0.9242390875533552,0.9325170495304436,0.9642857142857144,0.897914127227738,0.10208587277226203,5.32452127530035,0.0021223683869037893,0.080289686092647,0.020790030287917198,0.01507923096581447,CombinedTraditionalGiniMean
60.21108282132845,0.4743533765051888,0.1520257454770154,0.4064219131841096,0.9518895660972274,1.0,0.8053017333999091,0.1946982666000909,6.588665710287611,0.003073733276171541,0.10315379310566766,0.015787163028446325,0.01565624932899574,CombinedTraditionalGiniMean
58.37503159413488,0.6722583963891041,0.6885644186083704,0.8616667688056515,0.9401699703531325,1.0,0.8896130195265494,0.11038698047345064,5.297007714578153,0.0020248268262081565,0.07834338208448306,0.018342985898551243,0.014790120442692659,CombinedTraditionalGiniMean
56.53776994246676,0.8598189300674158,0.6328535823510847,0.7271176028261624,0.9557681813844336,1.0,0.8842313947476812,0.11576860525231887,5.495249303226533,0.0020200882803075434,0.07298745330655826,0.01744936181881729,0.013281918486155616,CombinedTraditionalGiniMean
59.735994955713565,0.8023511872090067,0.5346022224448985,0.468296130905585,0.9413282933842936,1.0,0.8631186912342528,0.13688130876574722,5.905630994577225,0.0016319298431166185,0.0656431837506582,0.011922225596990988,0.011115354787817637,CombinedTraditionalGiniMean
57.35826519406179,0.5360083317747107,0.7028799724264937,0.7844447943320918,0.9505588055321837,0.9642857142857144,0.8814650866644993,0.11853491333550073,5.31962674730705,0.002150360485134606,0.0847023719869989,0.018141157104052834,0.015922615628977673,CombinedTraditionalGiniMean
58.637560470768,0.7116323324915839,0.7130856045874195,0.7604252405873738,0.9439470728668636,0.9642857142857144,0.900341117296061,0.09965888270393905,4.69418891485345,0.0024596491579110145,0.09816373325508973,0.02468068165301432,0.020911756010602387,CombinedTraditionalGiniMean
59.51907973087189,0.4644563908923165,0.3660842319451762,0.3881757090685739,0.9509458955449247,1.0,0.835401187999029,0.16459881200097112,5.918061879171509,0.003448011253096603,0.15311496498858226,0.020947971684487372,0.02587248462667602,CombinedTraditionalGiniMean
58.15035392678038,0.8164797916019227,0.6209239134447142,0.5056056371071922,0.9504252888955204,1.0,0.8700883917562642,0.12991160824373588,5.776904409980665,0.0020245120962168205,0.09937600796712899,0.015583765943521365,0.017202293982126252,CombinedTraditionalGiniMean
60.23332416182221,0.4720982136277896,0.3215733117326154,0.3293997155955676,0.9569839086703701,1.0,0.8227737874461859,0.1772262125538141,6.174378928972446,0.0032215403753361287,0.1479526110876674,0.0181775614843539,0.023962347110479343,CombinedTraditionalGiniMean
54.70933237062194,0.8467703398804222,0.904278333373562,0.7422278299350547,0.9367546725415479,1.0,0.8917977383520813,0.10820226164791875,5.488833591893018,0.0038165198764153296,0.13546147948070097,0.035272089679917885,0.02467946553904949,CombinedTraditionalGiniMean
60.559163818468335,0.4484505504334637,0.1022327554449213,0.3149960834470487,0.957054131017064,1.0,0.7850249872768179,0.2149750127231821,6.836538831026444,0.003921249131609363,0.14827300546421332,0.018240487961541173,0.02168831467632452,CombinedTraditionalGiniMean
57.05150442958574,0.7012222323880122,0.7201793668660676,0.6804259573580225,0.950760334343289,0.9642857142857144,0.897413180812353,0.1025868191876471,4.696226525895834,0.001852784226917357,0.07825977142481823,0.018060646012703924,0.016664394486356194,CombinedTraditionalGiniMean
51.54384052312056,0.3603874240930649,0.724266722875897,0.638905806636322,0.960049369076522,1.0,0.8553235421896305,0.1446764578103695,5.897407120042712,0.0017351606019700909,0.04809207612179417,0.011993385988509634,0.008154783134837376,CombinedTraditionalGiniMean
45.05627597636661,0.4893988417362445,0.7197164004671881,0.4317376399030844,0.9609498067169155,1.0,0.8521368672914456,0.14786313270855445,5.72706970529147,0.0018593043433707906,0.06669296100497198,0.012574495814555556,0.011645215518042616,CombinedTraditionalGiniMean
56.5944458336534,0.7340230564845691,0.8009759384225749,0.3098795679533626,0.9512911558538468,1.0,0.8543535504296961,0.14564644957030393,6.2699369843127055,0.0023896732099453733,0.0706881713650816,0.016407356423692784,0.01127414382982515,CombinedTraditionalGiniMean
55.35253979157231,0.8942630638586806,0.9076988707204988,0.2130611375247868,0.9428121716560555,1.0,0.8442370463443147,0.1557629536556853,7.0126652300708106,0.0024664343786004054,0.05302594283088564,0.015834537807060782,0.0075614536116035596,CombinedTraditionalGiniMean
56.87389234450352,0.8964190931456044,0.9092624228834638,0.2506809314132959,0.9330121051019441,0.9642857142857144,0.8533516559019699,0.14664834409803015,6.661099962537016,0.0025286766960595955,0.05849150747824449,0.017243131599012456,0.008781058354807634,CombinedTraditionalGiniMean
57.117653138835855,0.9137388420730004,0.6787182096207844,0.7034513445672457,0.9475043997893647,1.0,0.8879234014452158,0.11207659855478436,5.445498315385883,0.0012486999943920256,0.07384470094048573,0.011141487255090511,0.013560687500690722,CombinedTraditionalGiniMean
57.57892545183765,0.8311838393308308,0.3974019510500973,0.5047950794767742,0.9603077013823069,1.0,0.8489799576913041,0.15102004230869598,6.303069403042527,0.0020193924948483,0.10517741197651133,0.01337168540001144,0.016686697424867572,CombinedTraditionalGiniMean
57.35524100430299,0.6531138643363488,0.6027024908333833,0.9281769311376168,0.9511529808600137,1.0,0.8775833802977354,0.12241661970226463,5.782771952987434,0.0011562126801945027,0.09123810761053266,0.009444899581499501,0.015777573169455213,CombinedTraditionalGiniMean
56.55580150563937,0.8734699771307742,0.7480089980238187,0.2168791758060743,0.9506795938625089,1.0,0.8422232803048904,0.15777671969510956,6.778591780821298,0.0022356027422604343,0.04695893388218793,0.014169408177458319,0.0069275353053489756,CombinedTraditionalGiniMean
58.0776369926213,0.8469272672767496,0.3758425859585896,0.7023800178086866,0.9553750448481536,1.0,0.8596606413718759,0.1403393586281241,6.198834489961055,0.0017250536959433987,0.08365093511528353,0.012292016386611138,0.013494623102254999,CombinedTraditionalGiniMean
59.74174253052439,0.4021515731015222,0.0959044480163578,0.4028636223541733,0.960742531605655,1.0,0.7906589796660172,0.20934102033398289,6.712982115862875,0.003869458543508532,0.15896265478844948,0.01848399581379318,0.023679886531027455,CombinedTraditionalGiniMean
58.68560453434936,0.8329513395913102,0.751698814410541,0.6587392116689812,0.9453659765787376,1.0,0.8903480094695593,0.10965199053044072,5.2836894829935686,0.0021062507462362404,0.08190108815688146,0.01920850443341035,0.015500738342117511,CombinedTraditionalGiniMean
57.71347146863883,0.4511135145886453,0.3674456039167972,0.6933782877623306,0.9610036002759244,1.0,0.844824160693233,0.15517583930676707,6.0677529658920415,0.0031767670961674126,0.14019436806774607,0.020472047132848194,0.023104824612307798,CombinedTraditionalGiniMean
54.527163814478286,0.7247671794757066,0.6244356991678687,0.6673531003826831,0.9604046341790304,1.0,0.885817577789453,0.11418242221054706,5.106022918841963,0.0019675551095399433,0.0752895840035993,0.017231681299524924,0.014745249913738117,CombinedTraditionalGiniMean
58.86673377475756,0.7151967526503762,0.5963434566309385,0.7566339672769071,0.9500147350684226,1.0,0.8863332667261004,0.11366673327389974,5.2371108380319935,0.002253063389150979,0.10202922580223484,0.019821660430073513,0.01948196800825691,CombinedTraditionalGiniMean
57.040969510922544,0.9731340850354344,0.3511491518002715,0.8066508790560102,0.9585404426310672,1.0,0.8543802903118466,0.1456197096881535,6.765837191886481,0.0014405632857981032,0.0667771109702135,0.009892639457138655,0.009869748425263895,CombinedTraditionalGiniMean
59.26051728489372,0.8122032976219747,0.5811772292576106,0.7667074319310698,0.9402959688065863,1.0,0.8852577987659835,0.1147422012340165,5.434306596640153,0.003161213838841832,0.10684045016610984,0.027550576900599477,0.01966036480756637,CombinedTraditionalGiniMean
56.536180000839465,0.901508180444017,0.900668438738232,0.619988418535267,0.9239447004842967,1.0,0.8872385348275594,0.11276146517244062,5.671673523683415,0.0018780938017551928,0.06931982070816119,0.01665545759700014,0.012222110532050174,CombinedTraditionalGiniMean
57.90332764981648,0.8327543130839692,0.901014149796544,0.9115429797628378,0.910735739225394,1.0,0.9015067243991894,0.09849327560081066,5.245622620359462,0.002590207484021077,0.10499895820960362,0.026298318014308767,0.02001649104571088,CombinedTraditionalGiniMean
58.09338409160723,0.5800660405248804,0.6149380563639992,0.6543866460463148,0.9503986186163799,1.0,0.8803049963363971,0.11969500366360283,5.186032988662935,0.002669586929503854,0.16218785138059347,0.022303244477995105,0.03127397217394269,CombinedTraditionalGiniMean
50.63145586678812,0.9777430084834192,0.9084597846156056,0.7018710538665902,0.9331288491205487,0.9642857142857144,0.8860301477575937,0.11396985224240636,5.796503745688657,0.003061820864755222,0.11391572541452882,0.02686518236632378,0.019652488881639636,CombinedTraditionalGiniMean
75.1549087084128,0.7885643086091718,0.4566673040436662,0.7686303986112771,0.920716143407052,1.0,0.8750391442810322,0.12496085571896781,6.0221519822135825,0.0028732452612933897,0.13194356856526251,0.022993162496863884,0.021909704197927527,CombinedTraditionalGiniMean
70.8495391567292,0.965594341018403,0.5404932306922648,0.7870252600870464,0.9202775918777439,1.0,0.8829383564706873,0.11706164352931274,5.958645209721819,0.001997153687985763,0.06162269406111778,0.017060700907429744,0.01034172901594768,CombinedTraditionalGiniMean
60.6899358456303,0.3868943301032273,0.5022879653670517,0.6278678441885254,0.9405079738514962,1.0,0.851942832459712,0.148057167540288,5.89974098573218,0.0016396942723996982,0.06697427189182445,0.011074737546586654,0.01135206987116786,CombinedTraditionalGiniMean
79.50732791374284,0.9996606463645176,0.920257409594444,0.9501345722981874,0.8951810823693644,1.0,0.9202200676607127,0.07977993233928732,4.734863704474745,0.0016739634015047213,0.0892649386588222,0.020982261483824104,0.018852694444923768,CombinedTraditionalGiniMean
60.20909179872834,0.646274366963452,0.5305500023705567,0.6425266323322542,0.940870871338066,1.0,0.8772404132432337,0.12275958675676625,5.324634733462869,0.0017432881364444434,0.1357600767160185,0.01420083092898125,0.02549659901792496,CombinedTraditionalGiniMean
80.03679583604695,0.9989813823378292,0.384980655791099,0.9381908473120902,0.9140952716250771,1.0,0.8774173181857174,0.12258268181428254,6.453203271960026,0.0020210177226043014,0.12224227192202333,0.016486975914478855,0.018942882591841056,CombinedTraditionalGiniMean
79.21609302290462,0.8869034938627228,0.7226099241153205,0.8796564401850926,0.9102466324609474,1.0,0.902945941632149,0.09705405836785103,5.296150617572129,0.002934430177134608,0.17320920047502883,0.030235007443095572,0.032704734623735396,CombinedTraditionalGiniMean
80.04247228569663,0.907056647793608,0.5689020534275128,0.8760490554389008,0.9112617941546203,1.0,0.8904274817393667,0.10957251826063337,5.806540524356305,0.002860374966174189,0.17223537455746415,0.026104857418448594,0.029662304746690394,CombinedTraditionalGiniMean
79.72813701040897,0.987459110904468,0.6379273336722554,0.8987799519936905,0.9108926658005791,1.0,0.8968291497266945,0.1031708502733055,5.674092759021719,0.0031729520739329385,0.17143495336855055,0.030754346460532277,0.03021363249586846,CombinedTraditionalGiniMean
75.66123801810664,0.7701923701161505,0.4501078407805261,0.5729858045083684,0.9202847083371285,1.0,0.8632925755830383,0.13670742441696176,6.2393560358289974,0.0018955567007212326,0.13085243952592493,0.013865791918804113,0.02097210654024476,CombinedTraditionalGiniMean
78.85583059926594,0.9028477113677928,0.8167760386434704,0.8837647343566896,0.9103567124263671,1.0,0.9103772003231438,0.08962279967685621,5.006266153558994,0.0026949818002204983,0.14847766756170758,0.03007027017608822,0.029658364738789134,CombinedTraditionalGiniMean
75.17401418922147,0.9927828499523634,0.4737921772248386,0.6982767404673234,0.9200462710616402,1.0,0.8723193703374574,0.1276806296625426,6.374692579932454,0.0018437583135929195,0.09644279160681676,0.014440391768633477,0.015129010598945412,CombinedTraditionalGiniMean
79.42478705826288,0.9008295508391808,0.6914087082617562,0.8977301430081863,0.9121829516889901,1.0,0.901060198923573,0.098939801076427,5.399284619909743,0.0029999245808619394,0.18123567721157793,0.03032070560304259,0.033566609276954096,CombinedTraditionalGiniMean
66.705411565295,0.7618875633682166,0.1526964106356135,0.4635193305538963,0.9422862918280773,1.0,0.8208602870316195,0.17913971296838052,6.966703027370308,0.001943441014921883,0.16076624147555388,0.010848744718402638,0.023076373550580013,CombinedTraditionalGiniMean
72.59123322169317,0.7706841323009617,0.556182700059363,0.6883646032566006,0.9218644667308519,1.0,0.8809691706190844,0.11903082938091564,5.686656991782897,0.0024316036481751855,0.15629735629845018,0.02042835172049173,0.027484927704325524,CombinedTraditionalGiniMean
74.45520736542689,0.9080149308690189,0.4281679955333087,0.7530554441890869,0.9222393274308343,1.0,0.873001946335136,0.1269980536648642,6.214902455851804,0.0018243913084129073,0.06770295704529815,0.014365506051197468,0.0108936475714998,CombinedTraditionalGiniMean
78.9419266834709,0.962929971720798,0.7477310388393714,0.9183829071687886,0.9102765091692313,1.0,0.9064860963455085,0.0935139036544915,5.2608878161403245,0.0029140650841529476,0.14428666509948673,0.031161837654854273,0.027426295739821218,CombinedTraditionalGiniMean
67.58291200662269,0.4137603816418908,0.3104014651164425,0.3968132101434967,0.9411599759530884,1.0,0.8264362814154889,0.17356371858451125,6.239657168869318,0.001921592801718649,0.1848449243922426,0.011071396818356316,0.029624211617661385,CombinedTraditionalGiniMean
67.01867862865886,0.733540763529911,0.1125982433819425,0.4977068734424773,0.9417994211212999,1.0,0.8174203497055675,0.18257965029443252,7.0385772154562245,0.0019718665697913366,0.174007716125814,0.010800034760782241,0.024722001449910245,CombinedTraditionalGiniMean
66.97485580132567,0.6835960554819552,0.1012887449153076,0.5694568563064312,0.9424654667359794,1.0,0.8201152146275266,0.1798847853724734,6.960436632386141,0.0020480131367960654,0.17536772324527314,0.011385138173611538,0.025194931368142413,CombinedTraditionalGiniMean
62.165340038786574,0.7365090084417381,0.5027321469121938,0.5496678768073846,0.9416845755151491,1.0,0.86932896238137,0.13067103761863003,5.64454492145653,0.0023851074522533867,0.15253847642124788,0.018252762782939264,0.027024052167855993,CombinedTraditionalGiniMean
65.52962208629853,0.8026979429158997,0.8287151790155017,0.5981614685448342,0.9314609309764121,1.0,0.8908324032141287,0.1091675967858714,5.358984432169229,0.001957960342146181,0.06633950439588648,0.01793536177210766,0.012379118699740902,CombinedTraditionalGiniMean
62.977538340874574,0.805827139961089,0.9040066620877142,0.6587153388861601,0.9130470324058593,1.0,0.8946985037531883,0.1053014962468117,5.338033657072829,0.002198997315624136,0.06255537407776961,0.02088286865810529,0.01171880473156712,CombinedTraditionalGiniMean
70.0767508516681,0.8370429009195567,0.3757348592045864,0.6455352860466474,0.9311703721962937,1.0,0.8617378775925275,0.13826212240747257,6.262713944828774,0.001380296126632528,0.11545847265615788,0.009983183409876023,0.018435852838447755,CombinedTraditionalGiniMean
65.04057251657288,0.8111070888635779,0.7106648672889315,0.6701059526108034,0.9312550617041611,1.0,0.8938420096266843,0.1061579903733157,5.153290935186166,0.0008827082439894193,0.08422518428960502,0.008315042898657777,0.016343960655223966,CombinedTraditionalGiniMean
65.71364771675238,0.7666382593651515,0.4147827061992233,0.3813232743541023,0.9406890796056543,1.0,0.8464837316827375,0.15351626831726256,6.29257804468199,0.0016878788842214958,0.1499965796346787,0.010994788387724884,0.02383706305580817,CombinedTraditionalGiniMean
73.24752952773939,0.6438144627448276,0.5093262689237265,0.7245112172771329,0.9200929901732819,1.0,0.8735956075210463,0.12640439247895383,5.849472938702856,0.0014795093769968447,0.08512670837798161,0.011704572507187053,0.014552885237701227,CombinedTraditionalGiniMean
71.50652483708444,0.6522591797303772,0.6229875192869851,0.5451185583535717,0.9201097900497709,1.0,0.8762471685060349,0.12375283149396517,5.593558827285611,0.0018960874810865242,0.15281180425225943,0.015321568469962542,0.027319245040713102,CombinedTraditionalGiniMean
66.02233456214,0.7195165118239324,0.7824881482140681,0.7252430356584901,0.9316827930660339,1.0,0.8992304153869647,0.10076958461303534,4.949388169936989,0.0010411526724068297,0.09493917680374796,0.010332013140720523,0.01918200261204339,CombinedTraditionalGiniMean
74.68850204779305,0.8383823409715498,0.1351759728021189,0.911408157498659,0.9214944880100308,1.0,0.84921912499541,0.15078087500459006,7.013979692803665,0.0022029366064005487,0.08058039988582247,0.014610185849720576,0.011488541942671699,CombinedTraditionalGiniMean
68.02314291589805,0.6427784824557345,0.6382353426130629,0.4358331250780773,0.930926314687001,1.0,0.8656699137420192,0.13433008625798087,5.8136815251659675,0.002188504238058336,0.20630706157178563,0.01629198863056869,0.035486474564995374,CombinedTraditionalGiniMean
71.0311817479605,0.7841080720740184,0.6582657982849448,0.4500885867223888,0.9200594116908921,1.0,0.870412338913212,0.12958766108678801,5.963580821776722,0.0015072875817283107,0.13416807683397813,0.011631412814209553,0.02249790534305287,CombinedTraditionalGiniMean
