hydropower revenue,atomic power plant reliability,baltimore reliability,chester reliability,environment shortage,recreation reliability,equity
79.56196904814249,0.2738633560844184,0.091781411235155,0.9020194316895492,0.0773148637791168,1.0,0.1980105306356716
78.26410098412681,0.8419526646369385,0.1162796109106177,0.8127435905543245,0.0798628909521255,1.0,0.1564898562479432
81.02724678120364,0.9772399476705372,0.0263427280051615,0.8574365547257157,0.0866895186086956,1.0,0.1628805752154975
74.6402497635608,0.9838600655430512,0.0579821041896089,0.91659820005031,0.0799649539561451,1.0,0.1565250325529827
80.00059490541722,0.9808159360494544,0.0773053662922245,0.1154798216171018,0.0795413347789926,1.0,0.2108897906455472
80.98634580089852,0.765353438507922,0.0444778007691452,0.8781194893613967,0.0799090870041437,1.0,0.1688861100963145
65.14107637875351,0.8231289309078877,0.3008551510297442,0.7330217354906395,0.0599450871490227,1.0,0.1422743515760116
71.54480796113626,0.569506248384805,0.1079887307239396,0.9300943034882008,0.0689297753329762,1.0,0.1746001720308378
81.10670457918853,0.8592903483862558,0.0935273185159152,0.9032572984984746,0.0917464086638656,1.0,0.1538340218597094
71.17515268099969,0.8185710877144092,0.1224853947973639,0.9161750980182954,0.0696975891135545,1.0,0.1557298215770593
65.80223647468792,0.943750475567398,0.1243857901357028,0.4858142739424652,0.0583867779266332,1.0,0.1829164413086809
80.63628736440988,0.9868705354040302,0.2423474666104025,0.9282020750347072,0.089767617505646,1.0,0.1346977976804129
80.25985917802544,0.5742600601807578,0.2054907031866139,0.4703811112686709,0.0788432651251111,1.0,0.1771782111468872
70.46065514956867,0.9618133321223076,0.2955694986392168,0.7853483477247738,0.0689881562839578,1.0,0.1413679062394433
79.77402082063347,0.907654382546957,0.5263084338590851,0.9171190764158534,0.0888909682348188,1.0,0.1115464623656891
73.90654289576827,0.4911291720163315,0.4761707338803449,0.9359522815125312,0.0797737802873106,1.0,0.1370613634761185
61.58673183406855,0.6539215930917256,0.2551208534217335,0.9086135622130336,0.0583472644579891,1.0,0.1556735544375194
66.05595282369147,0.8990850383894775,0.24819754505303,0.8001782099657857,0.0595526119734841,1.0,0.145962990855866
69.47191653025695,0.7224762670521077,0.3726035901790424,0.9066940252750222,0.0651124369706384,1.0,0.1364432795587987
64.81938713240137,0.8374632612636622,0.354372890852163,0.7310277106798876,0.0598654796237465,1.0,0.1373132188879924
80.71435346835862,0.4451576423916558,0.3722125549526802,0.9318662943261962,0.0876916255729573,1.0,0.1501653043388931
64.12187995786448,0.9933567666015876,0.2198981182709335,0.7152007236217779,0.057558510012165,1.0,0.1571939893430517
69.64188724974139,0.7329076538923129,0.3052902699656662,0.9082022755751796,0.0680080980087625,1.0,0.1421848194376953
63.56156259639458,0.2756824229713642,0.2743749087821783,0.9012953955868503,0.0583146010681508,1.0,0.1800538247362172
81.15342096223746,0.7784620888209951,0.2227006069958701,0.9263262320748716,0.0876963331643181,1.0,0.1458105051472225
65.7456622806166,0.90677114416673,0.0709595438583984,0.6524851811790892,0.0578895009461363,1.0,0.1761686485709683
69.168926806206,0.4493019928911336,0.4397474478904984,0.9257709593388692,0.0699195208714385,1.0,0.1455333981384634
65.275090321686,0.9139229734551174,0.1964729989723759,0.4554858548081043,0.0576273273510254,1.0,0.1758756007543504
69.18771215723602,0.9754697014049843,0.4901633276493474,0.7000597785718568,0.0698597320872833,1.0,0.1277913733366553
60.49658135255898,0.8072897114543741,0.2059259149432483,0.9068703472774168,0.0578326418694875,1.0,0.1550523106174637
78.09621270159188,0.991939564895093,0.0332150485280697,0.8682161970442502,0.0795635237226052,1.0,0.1624962427750668
65.60170231965063,0.6209326555110324,0.0756807002196651,0.9193542237994262,0.0584308728611577,1.0,0.1781972369632437
65.38778525254709,0.9699537133375694,0.2590477064385897,0.2257903200311603,0.058673612573236,1.0,0.1884915189925688
70.13238807319175,0.8123882112572418,0.2878892994637415,0.9077855401050868,0.0690565780618101,1.0,0.1391431912138349
65.18179912510406,0.1273222154564265,0.2759532765929514,0.9367726147356704,0.0587657245339356,1.0,0.2001126261357832
63.7520608566013,0.9126788251008175,0.4261310809433502,0.2459877036599416,0.0592304865555576,1.0,0.1721635000517096
70.50499855678086,0.4670250381699053,0.3846615192172228,0.9168770362944512,0.0694619299172465,1.0,0.1498468353735773
62.957195813766745,0.3894304610339775,0.2311917207186233,0.9067235599605008,0.0581452996036673,1.0,0.1770338529534889
67.75808766502105,0.6633711437992303,0.6414797135338569,0.9023732910781236,0.0692732708609294,1.0,0.1138283246921652
66.31640570427759,0.102424854563987,0.0913400468648472,0.9029368223003252,0.0592114794409082,1.0,0.2209303967997106
80.03679583604695,0.9989813823378292,0.384980655791099,0.9381908473120902,0.0859047283749229,1.0,0.1225826818142825
78.9419266834709,0.962929971720798,0.7477310388393714,0.9183829071687886,0.0897234908307687,1.0,0.0935139036544915
70.0767508516681,0.8370429009195567,0.3757348592045864,0.6455352860466474,0.0688296278037063,1.0,0.1382621224074725
74.68850204779305,0.8383823409715498,0.1351759728021189,0.911408157498659,0.0785055119899692,1.0,0.1507808750045901
56.58027187133028,0.5523293245879637,0.5061338942211759,0.7352537203356918,0.0395137578149389,1.0,0.133068563334876
55.570818142422894,0.905887537764532,0.3671272019599175,0.9046969859670698,0.0396502480383907,1.0,0.1420608495778159
55.52597147784704,0.6639642569619572,0.5958146042353415,0.711018918965812,0.0398209271458448,1.0,0.116557362259286
56.537252188081375,0.7624965959578002,0.7328786920671966,0.8532885207004379,0.049295467847369,1.0,0.1071910989452616
56.7226894548352,0.846274335476604,0.432735130517226,0.9002701319230771,0.045913198444503,0.9642857142857144,0.1318143701178193
54.07690886387432,0.9639514059117684,0.7376140937047635,0.9140858687675908,0.0587296311454107,1.0,0.1109095352142065
56.20982866469161,0.7487091413841354,0.50656657972756,0.8237329877229881,0.0395805195315127,0.9285714285714286,0.1216461580502367
54.79434856264525,0.9150836544005944,0.6608530049191067,0.9337517865815396,0.0483698236502578,1.0,0.1145752291889087
70.85691957764801,0.962942232830062,0.4098094649024249,0.9053127132756283,0.0797554921392743,1.0,0.1242350024511464
55.70195795532032,0.8034536016042798,0.4308925163540856,0.884790150425765,0.0386148402700204,1.0,0.1364095215482136
55.902661831543526,0.650723188603101,0.6156887573372717,0.6233905217317895,0.0395625204713778,1.0,0.1161413446228745
54.824512955250206,0.8962796565931022,0.8105951663214762,0.906479486289578,0.0482681455245115,1.0,0.1067046263010691
52.91461754585576,0.5583805074101236,0.9022271904243754,0.902352174411873,0.0596886487970981,1.0,0.1226280383998607
56.21986941932424,0.8040106016442443,0.4532080297183981,0.6373866998542224,0.0385111708427341,1.0,0.1360040646678065
55.70744704981821,0.9203345809983948,0.5366936782003392,0.7851212630897813,0.03995384355664,0.9642857142857144,0.1246062238378508
56.59185803536256,0.4930559781994243,0.7466509847963719,0.9179835091430092,0.0575381729119131,1.0,0.1288916367348296
57.23417602669196,0.7669842047541926,0.6200897944052061,0.9019775422257644,0.0522288827203306,0.9642857142857144,0.1137844655393397
56.53480637388382,0.9287239256481292,0.4490787714852642,0.8715433385839253,0.0423877470425151,1.0,0.1340011368471772
55.74198453707304,0.5229333254820505,0.8187552371096756,0.8893308578539206,0.0490998109074298,1.0,0.1258713064921754
57.06267899279491,0.7720398078369929,0.3768711332263594,0.7068042329145741,0.0369678512450648,1.0,0.1393602888432723
55.80231686277325,0.4359111535500061,0.7606020593958647,0.9053471481281192,0.0475684343892342,1.0,0.1357546175582152
47.537798883411554,0.9811553558200105,0.9005558969130991,0.8537036176956947,0.0681150359223027,1.0,0.1124026277784329
56.96661484657008,0.902785710080034,0.3724670563274863,0.8162006286012933,0.0385884121440251,1.0,0.1419032840462981
77.48325101724815,0.9425782198665564,0.3372755740237929,0.8697759561909477,0.0794859710415055,1.0,0.1297117812665834
57.04357562374819,0.6370010143479361,0.6653800240405605,0.7916868556668062,0.0490727931472584,1.0,0.1139246707746385
57.27285327754713,0.8294134420958745,0.4012309934306996,0.5093992089684765,0.0396179029604559,1.0,0.150294323171286
51.84631483605969,0.5651585001396237,0.9061206264730104,0.5669990936742708,0.0493677979762876,1.0,0.1307674298693483
56.45456763595043,0.5099239612611759,0.2788090524518134,0.906084727841557,0.0389556718506539,1.0,0.1671243901519308
55.685504893440495,0.5106830578626572,0.4607535551382921,0.9003961559536607,0.0399342491849451,1.0,0.1458524554459563
53.59041327111112,0.909325994810852,0.809935428181752,0.9056397442743332,0.0582927482470562,1.0,0.1064663166772881
57.04624688085228,0.931084309096928,0.2744769921932624,0.9004376297553907,0.0454699447280755,0.9642857142857144,0.1476833450749375
41.00348450389087,0.9693418604727716,0.9033789038262988,0.9157036470159314,0.0671941202809976,1.0,0.1165219256503186
56.51492255868986,0.7327258281020171,0.4538234017972821,0.8160969048455949,0.0396861357290849,1.0,0.1322828548992269
56.26617277036837,0.4988805605424153,0.416751666031121,0.9291124835404616,0.0393910341886257,0.9642857142857144,0.1496403992159052
56.50429726994359,0.3630599533255251,0.7809682549389592,0.9093508987141954,0.0495299700102123,1.0,0.1422725415752562
57.00697161740344,0.3796073470980449,0.2056849785282232,0.8998715206955364,0.0399650137735211,1.0,0.1861067545246987
57.19581886038872,0.3456139497945421,0.7631382878077582,0.9038290510635902,0.0599385666656348,1.0,0.1421140796558876
55.033492529971895,0.9121828297360308,0.4791052874649151,0.8583569016496404,0.0382557726476007,1.0,0.1321684545886175
57.05598024668494,0.4618105155461215,0.4302448898709453,0.760004116084834,0.0388798414388179,1.0,0.148262516464402
57.55441183219784,0.7313325437690269,0.4815070553384529,0.9154131148264444,0.0593729454971946,1.0,0.1288926643269965
55.00964235235207,0.6737545503103549,0.8400415048180521,0.9178119585807636,0.0488403962224828,1.0,0.1133684944475187
74.49765776243723,0.984929065191123,0.1272283220538008,0.921169091660942,0.0796689066401444,1.0,0.148789671380015
57.67963572385197,0.4721413804627869,0.6187782721796258,0.9128557128304552,0.0598187581473725,0.9642857142857144,0.1323771978270637
52.52738395921548,0.8205133039048889,0.9044477049824268,0.8935075026856685,0.055091020879787,0.9642857142857144,0.1052971045007657
53.5615000958649,0.7321844647029991,0.9008221748562538,0.8854133647731864,0.053727661779619,0.9642857142857144,0.1080122340450665
57.54713077762945,0.6855524162054674,0.7636595963008357,0.813838440804279,0.0582484799255731,0.9642857142857144,0.103791507885752
45.99829497873772,0.6342217751248911,0.9106209872185445,0.91931459571533,0.0592883091912798,1.0,0.1228412797750105
55.61046478851853,0.9322003477092384,0.8296835777345073,0.3829607993537223,0.0462047187499994,1.0,0.1413215157448821
73.79403893356759,0.8732501776494374,0.3690528298858307,0.9325313448419538,0.079316807079163,1.0,0.1267395877758673
54.21812325801657,0.4140920336945721,0.9018531703985476,0.8851797738625558,0.0547357076436609,1.0,0.136300561485535
52.46631108455389,0.9756397345187174,0.9070495492545766,0.5822349775685619,0.0581804916689088,1.0,0.123205836798766
58.5990754490232,0.729832262634044,0.3524394067925452,0.8353422157996845,0.0447274547987595,1.0,0.1411664425231243
57.36797201762278,0.8656318929557724,0.5089636173450883,0.9087582625608156,0.0582956807293011,1.0,0.1249640377346697
58.0463235334716,0.5600843360369738,0.4127224652472794,0.9059377863566044,0.0520574679730598,1.0,0.1457296745803731
57.68541162595169,0.5804418862241473,0.6958762121246548,0.7692650299576612,0.0474461956784105,0.9642857142857144,0.1142699441528228
55.08737338363181,0.8011205998272312,0.5080961071618676,0.8149182879714763,0.0397136053691556,1.0,0.1268476702127908
56.910002030733146,0.9201911399557664,0.5523180322688636,0.7923453371971082,0.0458894283336269,1.0,0.1240313689980368
72.56285286045856,0.6202317078537989,0.4492032356451126,0.9076816511587033,0.0797251683890464,1.0,0.131879666136072
72.52120551170972,0.9350085327876868,0.3447180891010626,0.929659739258495,0.0792551784459773,1.0,0.1281478234735957
78.4884037661598,0.5816604107610521,0.0751315173213963,0.9166383774878332,0.079706288781132,1.0,0.1753057701374968
55.73217022832665,0.7309431572295191,0.8093805298623621,0.7840257689421587,0.0476762023240352,1.0,0.1068448002309544
59.22502359986069,0.589402530392235,0.5319262566186667,0.4217067560711273,0.0483920049528837,1.0,0.1439367463588609
57.88162628501743,0.5808018732111284,0.569210086891803,0.9017629742641436,0.0599469356278293,1.0,0.1270608843891258
60.09484851044142,0.3893414740676789,0.0684238073466593,0.2796408038563935,0.0395694955523042,1.0,0.2293182078466761
53.4002396765205,0.9593000211343892,0.906064186347248,0.5827191313512957,0.0668060129710326,0.9642857142857144,0.1181879990673917
55.3628309691112,0.9238636523848968,0.8186594318661058,0.7751228422966133,0.0483805111034824,1.0,0.1087121862650351
58.27472308023473,0.6428642144424269,0.3954244548486366,0.454606302249179,0.0399947101129204,1.0,0.1525643777790622
56.01762017168106,0.8654311140669839,0.8247911130782668,0.4309582593666556,0.0494102383302139,1.0,0.1337203943147472
59.07071000457504,0.7215034644494058,0.6118195497375055,0.6856761553556372,0.0579279987757263,1.0,0.1114433358756706
58.66914622689291,0.8025167067980344,0.5285759412393647,0.5001413750651171,0.048434300655775,1.0,0.1355998977006562
53.743692304899405,0.9452854210479614,0.8321827609579787,0.8160660218943196,0.0491747558984527,1.0,0.1088917980797152
55.02208559446534,0.7544493902495363,0.6333590449772305,0.5224621786417754,0.0393009410006083,1.0,0.1274003226433288
58.02370849923069,0.8140941580132423,0.8041133357325096,0.6448192461654082,0.0551925945828181,1.0,0.1100728342160699
55.634503475433775,0.8292416691067487,0.8111942108940291,0.4965431823545167,0.0481452451715396,1.0,0.126664459762045
56.64946667656643,0.4609504524047045,0.8008448456604047,0.6292221115923529,0.0496438474546193,1.0,0.1338061634420427
59.00096023729021,0.9179834415081736,0.7155768754024826,0.529504480768851,0.0599983282200992,1.0,0.1240346268196914
53.858460887333656,0.9285910632518848,0.6365836421057778,0.5147962103530616,0.0385975061807817,1.0,0.1338928683773734
58.20087580764,0.8636981816287785,0.7939231395428267,0.7452755358178336,0.0587065915934956,1.0,0.1038174188227047
56.67669529280331,0.6966331754397763,0.4924934174004177,0.6128914120145554,0.0384136234460298,0.9642857142857144,0.1267799615827045
56.166148916951926,0.9086766822077076,0.7653731615545302,0.8271385043684928,0.0474115845259243,1.0,0.1079797280828725
59.40157766290265,0.8424813828102284,0.4411331422562678,0.6333800469917616,0.0458184514308127,1.0,0.1370528894591406
56.45258463268127,0.5995810758829203,0.82099357259607,0.7101211601030618,0.0499059270166262,1.0,0.1169933989063496
57.07253256965923,0.9869022349464086,0.3503671815364098,0.7167139542691309,0.0395153155957431,0.9642857142857144,0.146442860285726
55.44304329854236,0.7983926905509551,0.9105752817874908,0.9242390875533552,0.0674829504695564,0.9642857142857144,0.102085872772262
60.21108282132845,0.4743533765051888,0.1520257454770154,0.4064219131841096,0.0481104339027726,1.0,0.1946982666000909
56.53776994246676,0.8598189300674158,0.6328535823510847,0.7271176028261624,0.0442318186155663,1.0,0.1157686052523188
57.35826519406179,0.5360083317747107,0.7028799724264937,0.7844447943320918,0.0494411944678163,0.9642857142857144,0.1185349133355007
58.637560470768,0.7116323324915839,0.7130856045874195,0.7604252405873738,0.0560529271331364,0.9642857142857144,0.099658882703939
58.15035392678038,0.8164797916019227,0.6209239134447142,0.5056056371071922,0.0495747111044796,1.0,0.1299116082437358
60.23332416182221,0.4720982136277896,0.3215733117326154,0.3293997155955676,0.0430160913296299,1.0,0.1772262125538141
60.559163818468335,0.4484505504334637,0.1022327554449213,0.3149960834470487,0.042945868982936,1.0,0.2149750127231821
51.54384052312056,0.3603874240930649,0.724266722875897,0.638905806636322,0.0399506309234779,1.0,0.1446764578103695
45.05627597636661,0.4893988417362445,0.7197164004671881,0.4317376399030844,0.0390501932830844,1.0,0.1478631327085544
56.5944458336534,0.7340230564845691,0.8009759384225749,0.3098795679533626,0.0487088441461532,1.0,0.1456464495703039
55.35253979157231,0.8942630638586806,0.9076988707204988,0.2130611375247868,0.0571878283439445,1.0,0.1557629536556853
57.57892545183765,0.8311838393308308,0.3974019510500973,0.5047950794767742,0.0396922986176931,1.0,0.1510200423086959
57.35524100430299,0.6531138643363488,0.6027024908333833,0.9281769311376168,0.0488470191399863,1.0,0.1224166197022646
59.74174253052439,0.4021515731015222,0.0959044480163578,0.4028636223541733,0.039257468394345,1.0,0.2093410203339828
58.68560453434936,0.8329513395913102,0.751698814410541,0.6587392116689812,0.0546340234212624,1.0,0.1096519905304407
54.527163814478286,0.7247671794757066,0.6244356991678687,0.6673531003826831,0.0395953658209696,1.0,0.114182422210547
58.86673377475756,0.7151967526503762,0.5963434566309385,0.7566339672769071,0.0499852649315774,1.0,0.1136667332738997
50.63145586678812,0.9777430084834192,0.9084597846156056,0.7018710538665902,0.0668711508794513,0.9642857142857144,0.1139698522424063
79.44031196667133,0.8923094425204996,0.739153815443199,0.6382715188868743,0.0893955745504325,1.0,0.0034311294858368
80.72007187172571,0.9944527030978166,0.6757081707590855,0.7608232299994714,0.0929634475826829,1.0,0.0021982813192871
70.70647449484836,0.8082766766291377,0.6972208512083795,0.8943484958131988,0.0789181048154122,1.0,0.0024198616827908
60.61531404675553,0.5110684599986569,0.6035036205026755,0.5379704366852831,0.0599733180437566,1.0,0.0028219978873468
69.77412592948544,0.8373582682578572,0.3679468025431557,0.6019921742559761,0.0699852599108414,1.0,0.0019917625638617
69.73967667433472,0.6886500568125877,0.6123164880103087,0.1691785235878095,0.0682130719185663,1.0,0.0016318851659541
66.54237565624567,0.5617365101122597,0.474588538047232,0.5949756271695713,0.0597597584937174,1.0,0.0022055425697522
64.68483857331158,0.9463975220823236,0.309052777770632,0.5970015757564554,0.0598816041126241,1.0,0.0010475220758838
57.16657994781168,0.7460001706419057,0.3443249724167892,0.90391324787074,0.0587693542478959,1.0,0.0038126981890205
69.21203753483702,0.8154323095460524,0.3840306661903249,0.7511197091792156,0.0683458653920963,1.0,0.0013749798171911
69.37751553157437,0.9301757034568549,0.8328295006181302,0.8113899597560287,0.0796685331071439,1.0,0.0023503029019557
63.016385050797545,0.4211495052854283,0.5522919908862848,0.4342185663804647,0.0594527269463518,1.0,0.0023167212869592
71.57849275369139,0.9085866663183706,0.5194120369839214,0.7351036106878291,0.0795754191743774,1.0,0.0020136936796508
68.71434791143585,0.978237914534376,0.9091851780890572,0.7208098450452919,0.0886218419968879,1.0,0.0031465377435797
68.56321860171555,0.8384528788004089,0.5370018117526525,0.7920618680486673,0.0687576812347462,1.0,0.0014853703884845
64.17951307212296,0.890051785780882,0.3935177944120117,0.6802271880151541,0.0592539008785121,1.0,0.0024013139789698
62.85980652555256,0.674040974160935,0.5406126401019847,0.561086876146152,0.0598618923621394,1.0,0.0032329385644504
68.609493199734,0.568895769263531,0.1489334664273117,0.1444489441249947,0.0596022322547704,1.0,0.0025822874327468
68.27780653490487,0.8056653382149791,0.4108164929967267,0.8107291669821902,0.0654547829239891,1.0,0.0023996171500007
62.418193870754656,0.7250183377167182,0.5002033335392073,0.3895353548986082,0.0598310075989004,1.0,0.0020482493352694
70.05983813851256,0.9495733272380532,0.624060950971337,0.8151365737923267,0.0795904561500187,1.0,0.0028050139635444
70.51025202329437,0.9527128341524532,0.513101206108591,0.8211197182878257,0.0778726077598914,1.0,0.0019658995918454
64.58357069702275,0.90219163094095,0.858874184601531,0.5737282977273294,0.0689540338278352,1.0,0.0029536731084892
65.66889691772113,0.7797572404820767,0.8180486001595919,0.8277526900051749,0.0688888954397682,1.0,0.0030205536558939
61.33837579252701,0.7656807742269259,0.5123627843764834,0.7368758658200268,0.0585336469755186,1.0,0.0017930043486632
64.66280672682774,0.8631497635064124,0.8321387149773605,0.8351673648018688,0.0698202533344716,1.0,0.0033471746114149
63.37597700525213,0.8496057913212117,0.3250961650110789,0.8079681242783192,0.0599947226397048,1.0,0.0044878256137201
67.63715626949976,0.2818158924203266,0.4302541091174445,0.2131308394015436,0.0595332831737834,1.0,0.0025457079277923
66.2894399492362,0.905798259767836,0.7866942378743096,0.9148005167933152,0.0699516704114244,1.0,0.0032198320100099
65.82589232121506,0.8070802776269167,0.8448063300212861,0.6833251827432576,0.0678987163355892,1.0,0.002116018422518
63.391320354465975,0.900490937390971,0.8512841818834341,0.8013125436459337,0.069914524725108,1.0,0.0038385122658612
64.96528873856911,0.9098003247213146,0.2739664825826296,0.6287721610489941,0.0587334771412845,1.0,0.0027380752747367
69.80607236218626,0.8604413350906653,0.8484267425960543,0.8244145671993515,0.0794266834537605,1.0,0.0020753095304
76.63373776843771,0.9068264476346066,0.4979295019708127,0.6354870295688851,0.0798982523220163,1.0,0.0012816886077917
71.04312896378059,0.9533223428593204,0.6025029564351573,0.7705685120390889,0.079809661514112,1.0,0.00205881533074
68.65376823400582,0.9089389397206432,0.7205572206069918,0.6694473867895759,0.0683110610060521,1.0,0.0012210784808622
67.38169848315809,0.689545644470018,0.2740104672487433,0.6965064545701628,0.0591516191545774,1.0,0.0015040197090812
65.90707923614538,0.5508475474097156,0.5105834032116096,0.2639100714103888,0.0593168339670729,1.0,0.0026758683822808
70.30381541439154,0.9182705010458362,0.8109705712082624,0.711181080697874,0.0788464316214357,1.0,0.0018076316983353
66.58228442014659,0.7097176192822323,0.214208748174483,0.842199916692679,0.0570850232811322,1.0,0.0023613404763825
70.34087504999346,0.8665668355107354,0.645334532501525,0.9015397083267236,0.0798954054956251,1.0,0.0028536550262956
68.36987084406525,0.781241239387456,0.6091742311984838,0.8051597841573801,0.0698913358420454,1.0,0.0016612998845048
51.80445842530163,0.9913447730227866,0.9010093136593286,0.8321098773489697,0.0879550325677953,1.0,0.0031639285154228
64.75659519239089,0.8743461538887431,0.2083723683356383,0.8653746377227735,0.0575244412510562,1.0,0.004058231009693
68.9354796842905,0.7630693634713271,0.4221453969983406,0.8603699464561644,0.0695131113486841,1.0,0.0020742866978633
59.20456069859558,0.7856327314657775,0.8881495618302673,0.905015084074458,0.0689781865337533,1.0,0.0041768381988306
64.78674308496943,0.9788742178931928,0.8814028532107028,0.9103727135222528,0.0881451599848139,1.0,0.0051812443223083
66.91970192291899,0.738036918363427,0.8362689961928628,0.5170954246071976,0.0689916114332053,1.0,0.0021485854751088
63.19314087483056,0.9753818568749004,0.8627074292759731,0.9020915427459288,0.0783615323563543,1.0,0.0049092583651516
68.05565235166195,0.8295396509511227,0.7117254301182615,0.7169699188810004,0.0692007560381818,1.0,0.0012755634654347
71.00115574039815,0.8424343302116729,0.1294896604621472,0.8757807589942384,0.0687056825972657,1.0,0.0030707681846842
70.6876227301643,0.8475158614402805,0.7674041316988485,0.7967275534018069,0.0796422709912315,1.0,0.0019113428574974
66.97756569335836,0.8647202328354378,0.3732939745450818,0.5975341748319526,0.0598970211518382,1.0,0.0020943935736916
70.52992794466903,0.9000464588049601,0.0890920231749244,0.7765008281410808,0.0692311887192451,1.0,0.00202322643298
61.00694201921243,0.9583176258584264,0.3035764070258902,0.8696740516284294,0.0567493895589171,1.0,0.0037688199507301
68.81663381058708,0.032369737841503,0.1838232280638663,0.3344937915283669,0.0596818801725899,1.0,0.0030884213027009
37.03230799255248,0.9937290112438812,0.900839714533926,0.909775953661204,0.0853158971488092,1.0,0.0018034291397021
69.0996597340119,0.3857267893855641,0.6427372185713155,0.5252537993596935,0.069367815040036,1.0,0.0016535171425906
64.70095502978504,0.7724055529317784,0.3936782260883375,0.7593185661763062,0.0580779462708839,1.0,0.003119991301716
71.67883353552122,0.6553382426783081,0.2111315351635033,0.4586803896632402,0.0696118397215083,1.0,0.0022748416980418
69.11339610223824,0.1074626800219708,0.1698157841011632,0.1506036225993088,0.0598386001016513,1.0,0.0033721592283787
79.68086279598037,0.8625383585878706,0.5975185456082911,0.8840174189257208,0.0894564423279305,1.0,0.0032963370158912
67.0152029608096,0.859590424372397,0.1639082870969059,0.4830200723829742,0.0567380575529857,1.0,0.003934343127654
68.54957157564438,0.9792439827873912,0.3546728621386417,0.8278928712949638,0.0642045665102298,1.0,0.0039838764818688
79.94637598706962,0.7397711907653001,0.3431484755364076,0.2849240020176113,0.0795385556676402,1.0,0.0042669020883674
66.11995426209293,0.7822316768483003,0.4691959995847828,0.554755988683134,0.0598826117955171,1.0,0.0017177016363336
49.3640074441697,0.958350086142727,0.9112309270950986,0.8046604723211068,0.0756480715879819,1.0,0.0042788458299053
80.03025556023415,0.9040987372582412,0.2576652580506762,0.8536408346188288,0.0884661373537329,1.0,0.003465861584494
65.22118161185347,0.44711986338949,0.5208229654899864,0.3452356406742904,0.0593277280825979,1.0,0.0024815910032747
69.0594513078921,0.6475579755678984,0.0065011437249851,0.3112397456157341,0.0593037460134871,1.0,0.0016777735636627
66.12784115970558,0.8994986153479266,0.177914900720521,0.6021317899099311,0.0568883569533387,1.0,0.0034283903445544
70.8735441409639,0.8156075210842404,0.2714640122529417,0.7007775559425895,0.0682647580869932,1.0,0.0013268213917914
69.21894710975722,0.4523810538015418,0.6013866681130876,0.4218717474717067,0.0681210098087861,1.0,0.0018710190486652
72.33656903152,0.7413749068042793,0.5123396639146117,0.7052943245437546,0.0794297074284359,1.0,0.0015373372441777
69.01985987566889,0.5999526389180617,0.5573346460131694,0.8045811444751957,0.0687219850873191,1.0,0.0012942019517668
67.62428826963875,0.9669233019199144,0.7206152254238724,0.8074893387775333,0.0677683844658991,1.0,0.0026654210820826
71.17693407398839,0.7388104489796796,0.3008787917222771,0.7458224227972915,0.0658892091107663,1.0,0.001196728362381
63.87677866156243,0.5170419606214598,0.5020081002844338,0.3592382723395703,0.0594586489721813,1.0,0.0022929058841135
66.06791203602278,0.6565320795723001,0.4059269577980599,0.8303125406514814,0.0597855684428771,1.0,0.0020675012741969
80.30888448613739,0.0450198111850356,0.0363542207094406,0.4834472029778223,0.0799551456702429,1.0,0.002512918617914
68.12723995003046,0.7122476123841422,0.2453287110891856,0.5278637736977451,0.0581010536771652,1.0,0.0024711393421283
80.66036549251706,0.7389633682218385,0.4239166558821531,0.8375116769893894,0.0840097374483359,1.0,0.0033866544192323
63.2047099264753,0.909736328821108,0.4134700107952093,0.7309089557185648,0.0597817228954107,1.0,0.002202131521105
70.67014244308454,0.7464588104884191,0.5037296674594924,0.796169365238429,0.0691714747969883,1.0,0.0010604536335039
67.60237165169185,0.5906664255117099,0.3168608224292607,0.4741840160509251,0.0571683812590502,1.0,0.0027410139033578
69.84715944056009,0.9390371149132384,0.1209445339344454,0.8655790773175552,0.0691173924428631,1.0,0.003756983921786
67.76323277963425,0.99801429753354,0.4815960860147932,0.9124636161236904,0.0784615358222226,1.0,0.0040666494633153
67.76861253080207,0.4639394752966115,0.3227461138702271,0.5064913236965446,0.059975989729911,1.0,0.002435159978613
78.28361205711091,0.6428870812618206,0.0877038459030351,0.6070632813366645,0.0796864755815851,1.0,0.0024027163295123
77.3483643490903,0.947868183320602,0.0619216245359967,0.8764855692776363,0.0797050364013499,1.0,0.0020500405108483
67.66186073099608,0.6200259150926879,0.8403092084230015,0.4668576125849767,0.06962073996331,1.0,0.0011678344297044
67.27191849488132,0.705228366718896,0.3139031891342923,0.5189775200137992,0.0575148771265895,1.0,0.0020636970146527
69.00214726253161,0.6014888957630983,0.6112115043620779,0.3754214190434337,0.0670805753185365,1.0,0.0014141534907134
74.53255744457519,0.8852668139443427,0.8091499041366976,0.7437778650818071,0.0899554373539125,1.0,0.0018276918625335
72.21193662959938,0.9526622358793156,0.8123198120492142,0.8049163081645311,0.0897842082267311,1.0,0.0016607568547937
75.28282491816451,0.9830543250109812,0.425924605346866,0.8730307634859307,0.0781604761867032,1.0,0.0024638635457878
38.3596331082643,0.8663200407530032,0.8029260758048068,0.909063287313114,0.0555196873620299,1.0,0.002553081704647
80.19701386181244,0.9412424563821888,0.6286007447388612,0.7765729688038712,0.0893660324412951,1.0,0.0026287059992529
71.98245020853646,0.9129195490034416,0.3969666283072969,0.9000888245531717,0.0799640130427283,1.0,0.0024308075700135
52.28177887516076,0.1897629555194167,0.9044617170652852,0.8644752423423415,0.085803443261036,0.9642857142857144,0.0026663498964105
42.513828534489534,0.1087160314210343,0.6215668473850803,0.540628594265537,0.0398785847469997,1.0,0.003927234480726
75.1417300907877,0.6678157855680934,0.1156228414482748,0.935344648611606,0.0797791723523568,1.0,0.0032443077177665
80.19270685937913,0.996361224481727,0.9114666045832844,0.9294351914489238,0.0998319034727543,1.0,0.0020029561741601
80.670961061089,0.9967239463015802,0.9024835172313396,0.9329742581118003,0.1019495080018896,1.0,0.0024327872919023
45.86711584161175,0.9069258760408876,0.239687516177207,0.9189131081786917,0.0444270632918198,0.9642857142857144,0.0042791530528351
77.58110067996085,0.9439957356117196,0.7584689719227671,0.7825014652676563,0.0896840694874531,1.0,0.0023379512651734
58.78108338359453,0.8818800068007487,0.5069188575860732,0.560551669576542,0.0576677718383667,1.0,0.0020493022520389
55.68533758231126,0.9265496891765368,0.4988175758717513,0.8339080162909132,0.0480425314314768,0.9642857142857144,0.0021377220385217
55.74155424919404,0.81970321879712,0.4642378866620014,0.7924499354739485,0.0397221076440848,1.0,0.0022384293192469
78.92266488014857,0.6214353277347199,0.1281508248583869,0.4759665006950763,0.0796445394451701,1.0,0.004450544572369
55.66968220950559,0.9383666578798232,0.7262191674499658,0.6210263984163157,0.0447817039290411,1.0,0.001473032949668
56.42346299570681,0.7000185000627871,0.4071024962092943,0.5349832178655866,0.0398512779516652,1.0,0.0028057423175949
58.60032138874541,0.5544577855872229,0.5756083542902968,0.545579449379468,0.0498800262790519,1.0,0.0025554410395084
78.30641074103278,0.4350685283040293,0.1467358832848484,0.8693502733295458,0.0783413704533684,1.0,0.0029246042535051
57.151238033794286,0.8407204755890577,0.3798141778694572,0.4933017747987435,0.0397979391203349,1.0,0.0025157465391796
57.87604296449103,0.8784273318962273,0.5516633753630867,0.686352267715087,0.0474191379194374,1.0,0.0016611899254969
46.7957072872085,0.9832406244518662,0.6178299589183162,0.9060982482618608,0.0585499698014608,0.9285714285714286,0.0023727875911704
57.765603821668456,0.4933011599501694,0.3217890825853728,0.911120422548302,0.0580466635040205,1.0,0.0023848656726832
76.99877138401354,0.2960923598786801,0.3267934561381967,0.8856856796939168,0.079676916093815,1.0,0.0035875585477722
72.81805345582069,0.5904249146128038,0.5067521406331248,0.6979589972919404,0.0780133340653467,1.0,0.0021632295171228
54.5505281061607,0.9207805860862776,0.3252100306121414,0.8702519125188064,0.0383565118715591,1.0,0.0021454912180169
56.76843467780285,0.8527168905090894,0.5296157184738332,0.8531091177351416,0.0466610183440089,1.0,0.0013881712391042
55.77955864054863,0.4921318178561208,0.347086146133197,0.8352848088288225,0.0398970699550253,1.0,0.0021195706427404
56.74300998639142,0.8999084424200601,0.3973857220952203,0.5586073862809744,0.0393387413395435,1.0,0.0021520516900096
57.20417037969342,0.8389351458103657,0.4443781382922153,0.394527496571888,0.0397725445116717,1.0,0.0021709399928222
58.01512416390644,0.9494513765259854,0.5422661601194483,0.7290012551028753,0.058295337680291,1.0,0.0018889612878098
57.733451229877176,0.9640478486868564,0.4620049602624981,0.5481612711817442,0.0420644152890706,1.0,0.0018933246805527
56.36658132719816,0.8400603956703455,0.4677853161531259,0.4853283351266916,0.0395387161499184,1.0,0.0021502144649931
56.55070081560824,0.9424728316743298,0.3516856689094538,0.4167565103283125,0.0397324761299238,1.0,0.0018590380576292
55.18113513586705,0.4879311517418569,0.5168718444193966,0.7066758481794164,0.038540504627806,1.0,0.0018900893930344
77.07693060430981,0.7859118506098522,0.1509311937416054,0.8306100906856658,0.0797757866073113,1.0,0.0025463742324102
54.93505728376212,0.914498580462544,0.8176328937392379,0.901812743033172,0.0611349207916506,0.9642857142857144,0.0026433238201486
58.38068509104431,0.4531080915262818,0.5922060040639595,0.8258160205737194,0.0536494450061745,0.9642857142857144,0.0019354279645738
78.07869166021165,0.898941484851313,0.7532594923886287,0.7280851552867498,0.0893821228222408,1.0,0.0028349572941664
77.95362524277178,0.9565698207280716,0.5132170819759018,0.9102035614572648,0.0893009825809456,1.0,0.0030262679163667
79.6354262793138,0.4141510899952429,0.316335575032277,0.5688059897140214,0.0788843041430827,1.0,0.0038747258864246
57.21979343246881,0.9178988215066964,0.564675817146815,0.628571963224012,0.0484241111862641,1.0,0.00148774327824
56.8286362272638,0.883450109496889,0.7215940116772825,0.7622172414550318,0.0546683315312848,0.9642857142857144,0.0028266592392741
52.38916724340964,0.7709539471441343,0.5320024887160714,0.6639408709399047,0.0390136468057613,0.9642857142857144,0.0021700321726893
58.53003055324368,0.6613691868958812,0.4794370754338214,0.5258246167249727,0.0472750092675556,1.0,0.003007940401126
58.23740470928842,0.7169538517734944,0.5062956740748771,0.5766424828014214,0.0487761624592555,1.0,0.002549918488786
79.64606170726643,0.2935634750822159,0.1556695720154614,0.7759152292865473,0.0798768248731492,1.0,0.005319659782084
59.59272234010365,0.5671702230036545,0.3488724905837678,0.4038116078647634,0.0493866738288352,1.0,0.0031238381581815
77.13383067146952,0.1420731476324538,0.2040409147168452,0.8453216882325355,0.0790628914299292,1.0,0.0035066262631773
79.4236523393892,0.2153678380963963,0.6063768070153885,0.8341844398426348,0.0897663951099935,1.0,0.0037224974306573
57.535139675261405,0.7970834516643126,0.6073004639740753,0.6392437735742961,0.0495970436262154,1.0,0.0011037603351386
77.06811300786171,0.7704032545931342,0.3615723760115928,0.38057661194787,0.0794824941989284,1.0,0.0027266571628216
57.052542986591206,0.9582296234929149,0.3182118137063869,0.3815154123551453,0.038491091411537,1.0,0.0026262365995738
56.915726099555656,0.509233421344004,0.61400551105837,0.7031478738328564,0.0466344693044306,1.0,0.0021332108727396
57.13207317585535,0.4525378805256587,0.814159385859428,0.766062056598948,0.0593937353881023,0.9642857142857144,0.0016459887242725
78.54508730060887,0.2308195321225586,0.3418403038451914,0.6307580033925559,0.0792651902907579,1.0,0.0032869580193795
56.1309342729376,0.4910041178196711,0.5089194362299898,0.5047802272630194,0.0397176071661435,0.9642857142857144,0.0031028221487637
77.59052415838535,0.348133092002189,0.7876980251680564,0.9054255111849804,0.0896095174672818,1.0,0.0026580245792959
78.52474879836565,0.9439605770462433,0.4733472274611234,0.931232793366924,0.0856152037769134,1.0,0.0027375253583705
57.59984524850957,0.924224415887257,0.6567456000132879,0.8483271758598978,0.0565079864246547,1.0,0.0011960813981532
77.51293146436717,0.7141421005953835,0.6944840233669652,0.9338174304908676,0.0890274091703326,1.0,0.0021293782554836
47.3911647654068,0.7970921306447214,0.6560805194477501,0.9089145532129586,0.0598253503059994,1.0,0.0022311104431763
79.48069816136503,0.4949080999191748,0.5267838525831424,0.9339544729582752,0.0890537523044729,1.0,0.0027647345909822
55.36914722094771,0.8895084856472578,0.8206178627855593,0.8288466183788118,0.0477170425915817,1.0,0.0021459893744368
58.25441220714361,0.8136040921384443,0.4173169730946351,0.5302817338506586,0.0471835445311817,1.0,0.0024504739529354
79.01086472242018,0.5677536645220115,0.3071052045309958,0.3768605848132909,0.0791096283713962,1.0,0.0039272052348978
59.336260413606205,0.6410182389460635,0.3655005279513459,0.5175574865467115,0.0499668823657229,1.0,0.0022632278594207
57.63458515182514,0.9051558245274316,0.8120549837910684,0.6613966873339263,0.05762618323161,0.9642857142857144,0.0014804514718987
75.72111386077505,0.4605774261715858,0.1427623036750226,0.915850119947826,0.0793060342862286,1.0,0.0035544076996486
58.67470834446331,0.7187785868864253,0.4249858918472718,0.4289936246103414,0.0468660159888822,1.0,0.0024470309511816
42.7795851508587,0.6024871529001563,0.80411722793767,0.9063137570666784,0.0570582859035052,1.0,0.0023951759931947
78.09237692238604,0.5532781766569339,0.5101556790754432,0.9012309078096356,0.0899157573454874,1.0,0.0043182391991545
44.958799793418656,0.7668538998417729,0.7513771654383825,0.9089021757705922,0.0582677894722465,1.0,0.002610390358667
57.3350034520929,0.8393713474892124,0.449566475453684,0.7713637323689929,0.0462117361577556,1.0,0.0009812645980866
78.72891763673891,0.9384393337134156,0.0320252793624168,0.0275597096641701,0.0799756674745792,1.0,0.0028930319332974
56.23488536697315,0.9395869101384364,0.5896159103031274,0.7889593264327364,0.0494780723716658,1.0,0.0006672678745641
77.61678686384845,0.7330755465852081,0.2779886032522846,0.6124481435372549,0.0782289845368041,1.0,0.0030427773046685
57.67776348594369,0.9558593065426516,0.266362574378673,0.3112307959766056,0.0397302988254758,0.9642857142857144,0.0028081493720871
56.60251718911672,0.4580577862413553,0.46480178029343,0.6326883976804328,0.0392048515741408,1.0,0.0028988171070218
58.51276450998156,0.7494017149005897,0.5675002839619073,0.3417578691842932,0.0499858853599674,1.0,0.0022003713248708
44.18428267651281,0.5898672866649084,0.8046175540168322,0.9044048744025706,0.0586463612201083,1.0,0.0022783785812123
77.58832470599214,0.5052997969621993,0.3163639890610352,0.5687904111179919,0.0785376220721223,1.0,0.0039304910368646
57.59157828758951,0.711196162004124,0.387276529294603,0.5080375956046129,0.0399378033396014,1.0,0.0023758392446629
49.04902242065564,0.9310947735427676,0.8266390771176637,0.8680696293752658,0.0498009316506292,1.0,0.0027157933318912
59.41245430844194,0.6396316010040758,0.4530276939966112,0.4214964848652311,0.0489500143736034,1.0,0.0029978890390026
58.2124501831545,0.938311149936401,0.6069963757270829,0.6214067577308806,0.0591038885984396,1.0,0.0009691498831364
52.98717993444048,0.961529065969787,0.4014011927244179,0.651524199810781,0.0385105670023543,0.9642857142857144,0.0021347199108765
47.12443270470965,0.6709060814668601,0.6774001283533662,0.9038051287921278,0.0488941467790247,1.0,0.0029428526020286
48.26550369926382,0.4835156500618079,0.5114260377871032,0.8045756113936547,0.0396393068253377,1.0,0.0017402693554594
58.41206728300168,0.5420641966648448,0.3475250475477129,0.4497408207568308,0.0395713872502474,1.0,0.0031273983886799
80.50907604676371,0.9408119663857296,0.2659601190353884,0.3663311250874501,0.085805267913868,1.0,0.0041979550329487
78.24785279736862,0.3667095253587377,0.3178963594463745,0.6211511122830784,0.0790319761053234,1.0,0.0042346960647592
58.62356670054965,0.5076325619966743,0.6065411793804885,0.643592626480963,0.055124927076812,1.0,0.0027951411512571
55.65785828527165,0.9671406364616988,0.5440800490934949,0.9000109292170034,0.0528760273953129,0.9642857142857144,0.0013556473235281
76.8428137918968,0.4053701072113136,0.2669010877516939,0.8582341260551002,0.0797192547335033,1.0,0.0033164432416686
56.71127754882609,0.7525971709217026,0.380774915121397,0.6024694735510963,0.0398484413396978,1.0,0.0023725774720657
54.98503276017584,0.9138107711865644,0.8062649630808508,0.8326210548444438,0.0538705251784137,1.0,0.0017590403329352
57.01440789186071,0.7964479288713281,0.5110573687703434,0.8319160642405179,0.0493456044134915,1.0,0.0010721240353908
79.77932721116451,0.115878107818237,0.6497825255370273,0.9122300848852548,0.0898422995762229,1.0,0.0040531446489686
80.90870861564521,0.1450325900283303,0.0367903472351183,0.1945485293624928,0.0797905792113072,1.0,0.0036935607819914
56.14184460402343,0.8851033020929416,0.7001684023320707,0.6184182914161511,0.046806369790917,1.0,0.0018515322334446
59.15931779581811,0.5289118933850991,0.4060011098766685,0.6191692204317287,0.0491898575322525,1.0,0.0035685200509461
57.03378804844019,0.4539998677478282,0.4356635960143625,0.4875104076223585,0.0392594778077626,0.9642857142857144,0.0029877046443785
55.931980716671646,0.7393979520965437,0.60642997063949,0.7180116494879921,0.0441180643557001,0.9285714285714286,0.0018346863085441
57.32923972797485,0.9246737117684324,0.6023878124119237,0.5838348822725595,0.0480347251274932,1.0,0.0011102890277535
55.79352120455291,0.5050856279810372,0.7086077511396669,0.8231633562862918,0.0483967699672157,1.0,0.0012230360430924
59.07664892922104,0.4954434283883013,0.3862625490697598,0.7052165377811029,0.0467090145738118,1.0,0.0027835789233764
57.840604537023694,0.7070576697382581,0.4529546418247332,0.8162144840797182,0.048580497336978,0.9642857142857144,0.0017330223251045
56.5186059242069,0.7764696043874336,0.7709014551864292,0.5115574212366253,0.0492697055093974,1.0,0.0015885908144556
56.409030553354505,0.5584011747853601,0.4406819111371973,0.614191327374777,0.039172303809225,1.0,0.0028207381255817
58.13391294624195,0.9205729455567554,0.3976994320332148,0.8145927671282742,0.0463046808430081,0.9642857142857144,0.0022147034030944
42.87651744239513,0.8499019823292085,0.4109110003443169,0.909763988540486,0.0377122304620605,1.0,0.0018449511421709
55.821369618076005,0.5680245447792761,0.6148123613964723,0.4922341511624562,0.0388827662138241,0.9642857142857144,0.0025145139128624
42.612316573972976,0.9587847082629488,0.7590808602844695,0.9158075144740434,0.0485118889958641,1.0,0.0016226217675736
55.70051935749475,0.7538799401138937,0.8214122333970049,0.5400993544774637,0.0495922864705914,1.0,0.0018624434813872
43.38169458388974,0.9902412127230378,0.7858961593446486,0.9225245098955116,0.0576358163771143,0.9642857142857144,0.0030014371830129
81.07103885018613,0.1454200167543484,0.0365240566324668,0.0981491916149444,0.079770535440596,1.0,0.0044747445000458
72.7352858796095,0.3818880730220949,0.26188388875942,0.9123877328969142,0.0797410634687909,1.0,0.0028453112084813
81.00521536872775,0.8722454188989313,0.1086611881411795,0.8011984925346283,0.089157644586293,1.0,0.0040980466932043
75.5899135466332,0.2994050621121684,0.3619095050379279,0.9377979005074126,0.079581488750969,1.0,0.0028623761769249
77.20600529101709,0.8932201129197326,0.2727576690327499,0.0596204754131253,0.0787060134880398,1.0,0.0027807037886454
58.454462569010765,0.6179511221160364,0.3857262223873812,0.3350019399287325,0.0399263036235832,1.0,0.0037457776440209
58.82824758080942,0.7890084562690974,0.6053635605110321,0.5748193664461567,0.0558670159338569,1.0,0.0028218883515407
80.59683980485607,0.6918998646527873,0.1430407825526535,0.9083088335732228,0.0912859280154471,1.0,0.0040115389069581
53.62226865601533,0.9491945703369258,0.7303284730565787,0.8637854926694831,0.0495335462232881,1.0,0.0024222604124795
79.01535017733,0.3562634433774424,0.1645599173756039,0.9154674017637304,0.0795832661782183,1.0,0.0033413763877126
56.48885228968168,0.5941522979102843,0.607356392455862,0.8102255785729965,0.0481074959557623,1.0,0.0012746304941869
80.61536579398289,0.4057098629324812,0.2259593114373178,0.9057042966994292,0.0875460139858558,1.0,0.0046339607205074
56.322088013824455,0.8890156041379444,0.5852697059334387,0.2898729394291448,0.0390661592046267,1.0,0.0020855459776039
58.57727699427678,0.4448198385026484,0.3711835552897404,0.4017717696166499,0.0391973867108754,1.0,0.003684625521077
53.79410532301201,0.6208877441245059,0.7491846774948431,0.9155962400655376,0.0548872804100428,0.9642857142857144,0.0022931759691133
80.51710208593438,0.9002934399540895,0.1270006934172508,0.8366544161943782,0.0878683588130611,1.0,0.0041680231816508
56.6433093112034,0.6936022843490284,0.4293914023411576,0.5788266535918347,0.0398243685756475,1.0,0.0022705472755636
76.08412820117624,0.3315903788333485,0.3041809757718476,0.743768784538732,0.0794736507562447,1.0,0.0027332675353857
80.31354525645271,0.2209023335177243,0.7445350205081172,0.2144048287901013,0.08992219286584,1.0,0.0059716573127219
80.09418512158976,0.842355606880733,0.4779296535425914,0.9080274485942702,0.0889113558737369,1.0,0.0040816028927463
78.13983970619356,0.9153481913416714,0.0712476133219394,0.1169051829681175,0.07860236095445,1.0,0.0045392556772186
81.0038277327141,0.4432003630967546,0.305730816562891,0.5281863521898759,0.0892553639909913,1.0,0.0029700092772788
80.75198594070888,0.8514743052853003,0.7728573433900771,0.6307540936145768,0.098973022120169,1.0,0.0042670152242812
63.03962004899948,0.943494783384431,0.1587846104298557,0.8359138620930483,0.0590329361923374,1.0,0.0039383076241326
77.30534276520788,0.9425736860611544,0.7264366338483681,0.8388609558153873,0.0893422161645007,1.0,0.002702986826008
76.79275347306731,0.9874660707855768,0.7992326459155,0.9173203713285488,0.0896558031727268,1.0,0.0021436367835334
71.3327602626834,0.849449149635142,0.8008296395524729,0.9361273249660482,0.089231039825908,1.0,0.0019651117658781
77.11427309230436,0.907214563761118,0.1363313672272416,0.5223848484085908,0.0774130790521295,1.0,0.0032214937039921
77.63308814895348,0.9252445452753952,0.1283013068296974,0.4418882541360569,0.079320596539419,1.0,0.0035202965263524
78.77887627019635,0.93975285553032,0.6211985623719363,0.8008005029632803,0.0890942880496429,1.0,0.0029316834461381
53.3002369621253,0.3617418082041019,0.4155216466091911,0.822695095331202,0.0388153852519,1.0,0.0024446669787044
79.3151125797212,0.810121208667052,0.0847712641695157,0.5026471654690741,0.0799294747051131,1.0,0.0038964307729721
79.61176172145136,0.5720357430834284,0.164673993058106,0.4496412901977665,0.0782765026847871,1.0,0.0034842560166597
78.89492767930165,0.523732954375863,0.031936390048471,0.7502047045366103,0.0799024942476764,1.0,0.0037613259792227
78.15186284876675,0.5736022152755997,0.3765504397229995,0.6827069242668673,0.0787927258879406,1.0,0.0227631157637087
80.5886152775596,0.9979898096939562,0.9014901820048574,0.9261447127836804,0.0985460332378515,1.0,0.0283277653856082
72.65741871833825,0.9054532408026486,0.5003213099062715,0.5510135086228103,0.0787908005866286,1.0,0.0119498669381079
77.57909742041882,0.9771145757398784,0.4007491442824875,0.3133423930887603,0.079201519024801,1.0,0.0214871607461482
51.374041521600425,0.567183979250532,0.8040034157804007,0.9058262392707362,0.057227733596188,0.9642857142857144,0.0196786038389251
78.5045636582008,0.7270496797540497,0.4213037168385609,0.3958005163976767,0.0776920340782563,1.0,0.0275946547189072
77.0845848957409,0.5189796139856138,0.8200689602789446,0.4690995588542411,0.0896658234815294,1.0,0.0190742495928065
76.92030342872462,0.642207716400186,0.4551694126874951,0.7855697999054414,0.077165236431585,1.0,0.018673328384531
69.2717059849121,0.8315361871320588,0.9000140929721488,0.8451887638058152,0.0749487016356361,1.0,0.0353173689945199
59.61861227663894,0.7372214027039604,0.5135921406973607,0.830024597136637,0.0588316021900834,1.0,0.0181075450224253
71.05213641076672,0.9736525939297156,0.8632613475491623,0.9095672851777102,0.0879972621596757,1.0,0.0387073777110521
64.46833831810685,0.7648646997323769,0.5357384654754965,0.666578602354141,0.0597972920520685,1.0,0.0145879256115127
61.68321661058625,0.8732614354882535,0.5329273384367605,0.6363954205554496,0.059694597594138,1.0,0.0149735264164213
61.7154635334951,0.8034564738628371,0.5708880501584043,0.4472843217236324,0.0590780137831788,1.0,0.0066007568363596
69.09753430117327,0.8011079687101534,0.7342736270491996,0.9160251255222532,0.0723978270671738,1.0,0.0238454332596849
69.20964502809618,0.923040381874116,0.6509624103034588,0.9303615016578816,0.0746643814490486,1.0,0.0320216863168974
64.03718739568481,0.7966587983245554,0.3690528707598067,0.8139596816117468,0.0591319838668449,1.0,0.0204368002239177
66.18093160151484,0.8041296045617637,0.4407806042416452,0.6518170576846694,0.0597289148350501,1.0,0.01304682463846
71.01582335862884,0.9045550820524944,0.908771031551832,0.9086749137617096,0.0897402065436986,1.0,0.0454551789768799
61.32949576866003,0.921205139107588,0.4575127137502895,0.8618907376232285,0.0599254085906859,1.0,0.0273355757965664
70.9789703446546,0.9824755054358268,0.6333725674315774,0.8750512248628362,0.0770343176059668,1.0,0.0222415095000589
68.66214860504705,0.9076706255119058,0.7112435107349748,0.920213962331002,0.0742330261908828,1.0,0.0240335069251951
71.23102298378512,0.9853593431803248,0.9039185790250271,0.7092475821098669,0.0890876620254129,1.0,0.0284039418886467
63.67021862536336,0.981906854802128,0.3088123501545903,0.6092757660185948,0.0573459236562072,1.0,0.011212709976613
61.22730147899039,0.7795924672267498,0.5207099303493099,0.817290756162753,0.0598367883739623,1.0,0.0288217749296947
64.77411730591426,0.7304729727725908,0.5792168860516262,0.500023154488836,0.0597059291992987,1.0,0.0180791257635566
60.14618664310692,0.6269788960019471,0.605501586458289,0.5596134586804785,0.0597494424188421,1.0,0.0282640961893174
63.09279954493207,0.8164747684918638,0.4052816280020159,0.8186931996001806,0.058530995615007,1.0,0.0235773449526802
69.0098076660945,0.6830870119922593,0.3388103645721517,0.8398673539261822,0.0653000000691092,1.0,0.0128442089683659
60.92395406340084,0.8055370171322506,0.551683276087003,0.8962085665998669,0.059323725915983,1.0,0.024995200190762
63.884645851639405,0.9425121978592228,0.909338208927387,0.911070870289697,0.074016144047874,1.0,0.0479938198334635
68.6112102416283,0.5916298871665869,0.3399574940278861,0.1799487311172918,0.0598776680345184,1.0,0.0124405872212533
67.27344671877529,0.5381826291607752,0.4209616414470835,0.1839250211514869,0.0595830756404362,1.0,0.0125285250540653
50.47883716370018,0.892891170335362,0.9108134307327068,0.9298508729375908,0.0682763679945862,1.0,0.0375919696063181
66.31855978808356,0.967799764170072,0.810528207971801,0.9002997928981875,0.0691386914919748,1.0,0.047104523989024
69.11201454415375,0.8831762113739668,0.6699315803685705,0.8619093369141465,0.0699118366707518,1.0,0.0229578249992234
68.16738048903619,0.9743704631921694,0.5746554027948678,0.9286556420351768,0.0678134129371502,1.0,0.0353626297341483
81.02020923460239,0.8533588321476319,0.3143036103405182,0.4807200026307047,0.0941703000436409,1.0,0.02429870767187
78.6548703878,0.761669928588498,0.2324494755875256,0.3590330129345406,0.0784443947203492,1.0,0.0189688462403367
61.02655802177748,0.5450917091271613,0.6098839017653639,0.2758312424295682,0.0599316592969609,1.0,0.0168627707895766
59.01279285013673,0.8365035525102765,0.9053520419244974,0.8957322899454228,0.0695616948003711,1.0,0.057310980507094
60.288679033671386,0.3154385512203593,0.5308883485733678,0.8445623898034622,0.0582558480962027,1.0,0.0127580182714294
69.32364618046711,0.90170512450933,0.9006853485334072,0.9294505579258991,0.0754319512611399,1.0,0.0562875498625693
63.362181459830026,0.9871248015883248,0.9052403048253592,0.9118398931921176,0.0713268502968766,1.0,0.0331091457563082
67.63421335371258,0.8373420228273138,0.8645299067003481,0.8935303059380679,0.0696565290092067,1.0,0.0472266737065411
68.74203262747449,0.802705987366772,0.5413078243903298,0.8816067079892571,0.0668237956381071,1.0,0.0168444607130972
66.79883283388843,0.8505934831895648,0.6613315083333385,0.9222569568256624,0.0673904557565704,1.0,0.0300622884252964
71.56410668972056,0.904218584594297,0.9015542463685454,0.8591459247608892,0.0893839517929087,1.0,0.0439747129871791
59.76659986106027,0.6568285270538692,0.6436094429874549,0.6719632653823437,0.0599704438441965,1.0,0.0215556992333526
67.51054635753128,0.7534270666444155,0.2823898177669242,0.8627773127173118,0.0598279984456348,1.0,0.0134837104721879
66.8340955379177,0.9669979971287898,0.8094693788044888,0.8598904461738462,0.0682524414950529,1.0,0.0308771565833131
63.371994062951686,0.983119502665069,0.8772251787197736,0.9058454783240188,0.0698980394264623,1.0,0.0387510474111498
69.5659042637243,0.9838307738458616,0.8706066444172169,0.902222306996116,0.0753731201226542,1.0,0.0413216126982526
66.84424712138073,0.8647043393967612,0.8105400795763287,0.912146351156062,0.0687252103464852,1.0,0.0496017081745985
79.33874083947903,0.9036334923672452,0.141629000204048,0.5625188641223718,0.0798010374670431,1.0,0.0188947553106651
59.7120294483411,0.9176379828041076,0.392267453619664,0.9071979084398544,0.0594059044434145,1.0,0.0177822537484742
70.01552030060701,0.6542319218659216,0.219283426992355,0.8674222508062406,0.0663613595872141,1.0,0.0100886386962774
71.75618213689656,0.8892764731494665,0.6045070213736267,0.5721020542846863,0.0796405733155634,1.0,0.017721078789164
56.877671291594325,0.7477793891644595,0.6586735196268656,0.7375316297495218,0.0482735628586756,0.9642857142857144,0.0237493548655952
56.93908664859708,0.7773355562309145,0.7660365310090355,0.8914308604097155,0.0591762418049072,1.0,0.025058165125952
44.59122728104473,0.7290548435468384,0.9129598419464654,0.7530083774691569,0.0676730292517394,0.9642857142857144,0.0234426392396381
56.00624193022279,0.805320137613584,0.6859045099180565,0.9224843658224542,0.0476025420540037,1.0,0.0257805456035503
56.81506397155215,0.9055464542302928,0.8097856527613452,0.8786098292616462,0.0547748503604725,0.9285714285714286,0.0371977604758515
56.34438026781167,0.8291656567973775,0.8730672667704514,0.9013973254365948,0.0515164608534319,0.9642857142857144,0.0222171701501495
57.24187046248053,0.587379682366697,0.9061455387413424,0.9196139985738064,0.0746881557358562,1.0,0.0262342912108897
58.351624720683375,0.6140882957042432,0.9002438867324947,0.7703504398122061,0.076391687740313,1.0,0.029645519632643
52.811220730632485,0.9766011466381976,0.902313029879259,0.8883801697892586,0.0828260286946099,1.0,0.0247786743002617
57.284916610537415,0.8972906544401664,0.8108099368202617,0.8720005402604036,0.0570856063386528,0.9285714285714286,0.0354809006200736
57.53722669783396,0.9008097628758736,0.7099888814822916,0.7805080805585944,0.0530573140392161,1.0,0.0336515106255994
59.16954947138309,0.7895585763397819,0.9047608528656892,0.8946310486705403,0.0842234304154073,1.0,0.0260353886727913
75.1493161098552,0.7396008788972086,0.1226671227073427,0.9027083615967676,0.0792846741978974,1.0,7.146418267728011
79.37255255175026,0.9706021194941618,0.0196430935795286,0.8870887276666116,0.079985741191603,1.0,7.65292135818939
78.68838098001443,0.9900082878173064,0.1430475984591679,0.6006129936250549,0.0796285781060179,1.0,7.499859593389342
58.03433189796053,0.8265008648544825,0.7048751089727796,0.8241550142548831,0.0565409203009006,1.0,5.1966328931361545
71.5830265752854,0.9545976938698004,0.4009619974441235,0.9014330152735376,0.0799207192648257,1.0,6.284683782147051
57.6400509343761,0.735626354295949,0.8057158119154161,0.7079518742197191,0.056049905750647,1.0,0.0999644929896927
80.00887929108515,0.9644689054654804,0.5638652125269529,0.9291328223934152,0.088336721120193,1.0,0.1484906417433177
51.730592314853496,0.7107684397606042,0.900681143057155,0.7030888953202357,0.057955040886327,0.9642857142857144,0.0747356256308102
57.990028912314834,0.734953592420795,0.7219292210072933,0.6069336397677366,0.0497166443012013,1.0,0.0930818208638461
57.77517481577372,0.8125868163838826,0.7774159577120863,0.2275709092914472,0.0497568592720573,1.0,0.0743588084708517
56.35051888743954,0.477444367694689,0.8022271792973648,0.6747022921796354,0.0488371930976975,1.0,0.0891249449370008
56.74672979927144,0.3057029644873205,0.815565864551228,0.3825786364896923,0.0485604448196556,1.0,0.0841590954732428
77.37409824990878,0.9616853625260292,0.2180557640686689,0.8420242248951477,0.0797382788743395,1.0,0.1014044755281177
58.57844406707087,0.6641246399219732,0.2548080333559705,0.4286218492171381,0.0398428119409611,1.0,0.1618416574660573
58.093599937066,0.8987479468663128,0.789573053319685,0.6327528675511913,0.0582177218701442,1.0,0.0497017365314636
58.27248956919285,0.7537694839465011,0.145308920337361,0.5780342842531407,0.0380184017894089,1.0,0.1008084377615503
57.67136428782354,0.6569809767043776,0.442081322168897,0.3753728416487926,0.0395234388056011,1.0,0.1713271438727951
60.000363384835886,0.4267618356142867,0.0749634719222085,0.3175782771778776,0.0459824795325752,1.0,0.1493019365292337
59.6516022735597,0.4209140738765302,0.3183140098404892,0.6029895386362313,0.0476942561648766,1.0,0.1510515673782765
59.52243829237784,0.3206575138339194,0.0317026775790421,0.2571129347960175,0.0395203499877874,1.0,0.1356569393475358
81.04826454973518,0.9232882114347032,0.3928464947039301,0.8860878835738055,0.0971230581218533,1.0,0.1928200511533642
55.73866363638956,0.400723445003357,0.901895975804484,0.5553096963173126,0.0581543421149349,0.9285714285714286,0.0907198612012268
81.06642768101645,0.7504037997973421,0.3841389260282203,0.6293368206208477,0.0896277982896732,1.0,0.1763094232010212
58.52680759368219,0.6040961740705488,0.8550077001765862,0.6138526969080882,0.051793382093298,1.0,0.1056712573509818
54.75172987944647,0.9592397708527876,0.6289324148799815,0.8117451805126409,0.0498450514072394,1.0,0.0681627601107715
60.63094710836083,0.3558117857104601,0.0759153294745487,0.2377434730626984,0.0481474612136376,1.0,0.15257888398787
80.6496999411211,0.9087741557897452,0.4026865536855353,0.9360940029997984,0.0896975308820389,1.0,0.1883140399031157
60.24051942302206,0.3933591576448023,0.359214706980962,0.2192953402883966,0.0499319395460166,1.0,0.1312829020404108
77.4625198833459,0.8547938888604458,0.4033062060383865,0.6225275865378415,0.0798623250695347,1.0,0.1493711415529121
57.53157415124609,0.6388914727972694,0.266058943272109,0.6574431713966458,0.0387046692043439,1.0,0.1769327300528489
57.09010596735097,0.5131670038651422,0.7314937626483636,0.3856501464781338,0.0480593871606934,1.0,0.0879311025691913
56.39844121760913,0.8681717311411459,0.1505350354133627,0.652288898632225,0.0383173544807248,0.9642857142857144,0.0976738582699765
59.0631049257337,0.208436171115027,0.1905101230103877,0.3953870744269039,0.0397378830667248,1.0,0.1449576338471685
78.07082509395264,0.8287873779137821,0.2095271397488579,0.5702664107424715,0.0796162173248127,1.0,0.12736794451078
61.10115684673169,0.4630273807522043,0.6067365034511383,0.5497898062028556,0.0598012384602492,1.0,0.2505613420712051
72.31772439020803,0.7819040093594702,0.8455872624092191,0.909483697065642,0.0899520447682937,1.0,0.0769744817530477
69.51179672593992,0.5438612315717077,0.3073598308518395,0.8827068977584194,0.0699548628418643,1.0,0.0959326869556426
61.42004090423979,0.6108618494619863,0.6113692877119716,0.4908711051519127,0.0594098591144302,1.0,0.1935103370321983
61.72080484335249,0.5936605602834425,0.6252451569304582,0.4123364050454316,0.0598862033593088,1.0,0.165826494822873
71.65004376556507,0.4947010633914517,0.693369027709264,0.6674388235299245,0.0786617805035112,1.0,0.1311124372579676
62.185743655717005,0.7184452449881558,0.5153041457745055,0.7530589566146507,0.0599262412126995,1.0,0.1138900426563092
65.35625518795054,0.6828404693783924,0.511206129897304,0.6854180686715885,0.0597369634260491,1.0,0.2218837940803085
62.04583931451789,0.5683208084461091,0.5313772200322419,0.8170460857928721,0.0593255030532793,1.0,0.1297270805539666
67.32678569821076,0.4778552991241556,0.4164400550216008,0.6971560147632005,0.0591722432438873,1.0,0.1667362582475317
69.59246562061067,0.1308958477698215,0.1653519765437157,0.9190222152155064,0.0664329441361935,1.0,0.0815564640596698
60.79407575883259,0.6118213157642134,0.6161285740445515,0.509541680372424,0.0597765426600591,1.0,0.2248443555217685
66.24731318968406,0.5985748706385337,0.5574134947122186,0.6396930104407348,0.0591937356126509,1.0,0.1920823020779608
62.54775347733841,0.6201449515215832,0.6001709773142695,0.3857855443215486,0.0598815330903139,1.0,0.2451943629655409
66.5094757977774,0.6652962428326681,0.4004185381002787,0.7311418696845621,0.0588609465972739,1.0,0.1436731307087649
60.60646876125107,0.3150706670895042,0.2564621488762983,0.9017157443040708,0.057140053657572,1.0,0.1030092283883977
65.36882818884827,0.6783249686377352,0.5656061647980807,0.3632810621844275,0.0596314494651721,1.0,0.1973753445615742
65.34479470941817,0.6378701839445726,0.5764404147471482,0.4009703624758411,0.0595716210154949,1.0,0.2018678251908275
68.75031294452819,0.205291246836114,0.380799661204612,0.9063282941659224,0.0696892776359503,1.0,0.0825961929494864
65.30356394167747,0.7169096295717106,0.4219042093433367,0.8224224316347216,0.0591599995725859,1.0,0.1240478937369992
67.07981826941511,0.8237915739140842,0.2270414343715768,0.3131640848713745,0.0582315935413118,1.0,0.1098446883713134
71.72064703540919,0.1268761086553791,0.0481961801528857,0.6423666234278201,0.0699448835980815,1.0,0.1680831465504346
69.14996763444879,0.8236574296273409,0.7072626088639163,0.7976237827282406,0.0697508788844078,1.0,0.097391461939004
71.10016882618214,0.5068186137685896,0.707856094458461,0.5866988827322704,0.07887628845127,1.0,0.1281414784676845
71.12076431543858,0.5854338149374694,0.7008178314257877,0.6471479446581553,0.0794509620039662,1.0,0.1375821498898921
72.04543042048998,0.7809121540143138,0.606355749493255,0.5645268387627442,0.0799496396194683,1.0,0.1279369274457226
80.63754515300974,0.6210291732486699,0.1991347340211565,0.5048212029590475,0.0794276979832995,1.0,0.1980704018723222
77.6538178423487,0.776304603276759,0.0968202038610044,0.8351777327564333,0.079958444199444,1.0,0.1451155790494287
71.59123282639712,0.8086136088134888,0.5255511542292397,0.8320447292989763,0.0771123614539743,1.0,0.0670782037277152
68.74925983898432,0.3809874593182757,0.8196479008222222,0.4540579265320009,0.0695701179863427,1.0,0.099012074500377
68.19648458665873,0.5099316161972833,0.8016884858319634,0.468384980187251,0.0691205441461487,1.0,0.1199207722238693
80.4633912943077,0.6327015385675799,0.238859414501938,0.6088672130594982,0.0799234960710668,1.0,0.197998789702512
69.5103234229822,0.4990588968091876,0.6035503723530755,0.6981171126569367,0.0690191381035806,1.0,0.1585651711439896
67.77477468528922,0.745515711198191,0.4468819568823775,0.5503547727508173,0.0599722153673121,1.0,0.1824811761654902
78.8345882891801,0.9780783386216934,0.8366089172864989,0.8690676789732409,0.0892038629702814,1.0,0.0899431654440156
57.61594777085347,0.5612379663953251,0.4071117996822291,0.4750032544275557,0.0394452518731493,1.0,0.1857177915596113
78.41924374126273,0.9046391318648146,0.3620532102290482,0.7955003437564949,0.0798425486670691,1.0,0.1320016309147919
59.320026759164826,0.6451599535170184,0.6381896056247344,0.5625069674376917,0.0579541937668605,1.0,0.0190269315052924
76.74658673698882,0.5754519413789712,0.527286435992254,0.7148740178253595,0.0786696520271078,1.0,0.0216312895228485
58.59331792746588,0.9435293640234844,0.6363194979393633,0.604045668833689,0.0561938883282183,1.0,0.0185294450873607
56.02592953850129,0.6997743571132224,0.8334081481601674,0.236703888462315,0.0492863420285492,1.0,0.010345596624068
74.66260109626556,0.7031711063933315,0.3552885719163952,0.9131526439239336,0.0792779303769278,1.0,0.0136392658104604
77.57405520589273,0.4090788242186042,0.3139985779833145,0.798161020573631,0.079871587512847,1.0,0.0220066353982284
57.147963127543534,0.673976225935725,0.7078128715274506,0.2386316816466557,0.0447639517587062,1.0,0.0177607916142223
74.0710213455595,0.7225160611044925,0.5033408051374685,0.7538016711862455,0.0794299412588595,1.0,0.0215655175663877
72.27438652631427,0.8084133535823588,0.4204839378134971,0.9206822367054228,0.0768656350026961,1.0,0.0184336021234793
71.11823918277956,0.6855361278928516,0.5180445220372469,0.9367536109637348,0.0798495897551952,1.0,0.0085495394866684
59.59071572770828,0.779764807107511,0.6051297808810251,0.4339124188254443,0.0590456221962663,1.0,0.0221399122997889
54.510913476604216,0.8188713398723205,0.9020868176472716,0.4703010338920985,0.0669396759961215,1.0,0.0095842255639463
69.95437133169412,0.9759947722973554,0.8125535606055125,0.9294523089811756,0.0898184431330329,1.0,0.0184221135022938
58.73759321374936,0.840472937705191,0.914866573509056,0.6143570703207296,0.0789584900807751,1.0,0.0100466036867722
80.81304527143875,0.9159165210268538,0.6868255141049201,0.8064083339298714,0.0889000348485809,1.0,0.0283343117208012
58.036339571305646,0.7674475647963935,0.4041434720768359,0.7873145378560237,0.0453159341412037,1.0,0.0085294645335883
59.21561371173403,0.7109298269597747,0.6098918380066055,0.5303537551434149,0.0585155997975772,1.0,0.0209233219262715
77.26367201414728,0.4162230705166637,0.3600038184441368,0.87555083705987,0.0798008264260094,1.0,0.0159308447113323
79.11582415078027,0.964290958276766,0.6326083205587972,0.904258202965346,0.0865768619577168,1.0,0.0221668378292662
57.235886449579226,0.8835223518689477,0.6029401297085365,0.6625044811131395,0.047307646771144,0.9642857142857144,0.0201312518790603
58.44899226298927,0.7976933250709917,0.6140799872240101,0.6460868009162416,0.0477671209860037,1.0,0.0159178553174998
58.01364825898297,0.8725849278769711,0.6206967162678476,0.2276842026314225,0.0433574694201459,1.0,0.0149627803766863
50.64571027805796,0.6089093048725154,0.9041788342380768,0.715818686004448,0.0593737904822899,0.9642857142857144,0.0072262531928504
59.15282603244093,0.5581570552846669,0.643446526448143,0.6532858732124113,0.0591837193393286,1.0,0.0193980667736672
58.00364224069199,0.8458038693735705,0.8139438191790669,0.4361552439174306,0.0547065256537274,0.9642857142857144,0.0116457011131062
44.106910813551806,0.9672099122675792,0.9014675310955408,0.8607577674918317,0.0681663309388286,1.0,0.0133698411155053
57.715784350697206,0.9821224927861976,0.9074221478579084,0.3141946801519959,0.0689618249078196,1.0,0.0108363859205341
59.0489278953918,0.914401492943513,0.6634617684404531,0.3752653656510024,0.0586313660788219,1.0,0.0183696271322085
59.45220240277446,0.7938921080981287,0.6051057459827174,0.4337197732547387,0.057530636380534,1.0,0.019801593251317
58.62346730643385,0.8755673872245779,0.5576191778835567,0.3693477758213004,0.0493668376964939,1.0,0.0197372951641434
58.031752735350565,0.9879122087276412,0.9077078679965254,0.4682137813475375,0.0763006349385521,1.0,0.0170075123729568
79.48858509541944,0.9490348839174284,0.7115624407161466,0.8147570466919939,0.0892034761557902,1.0,0.0273897373558201
58.22593729468591,0.8737199752787042,0.6064850439516964,0.8071630508398553,0.0549740542718718,1.0,0.0150623061031345
58.61549735321161,0.4825276569961452,0.5081856186943222,0.6257866718388398,0.0495980699066914,1.0,0.0370598986192644
78.63571534432032,0.552323346016044,0.1517054744934644,0.8295134007211562,0.0797266273590741,1.0,0.0199861051376453
59.63057748825717,0.6446928781425009,0.4489980025855496,0.5621330628815407,0.048047114175824,1.0,0.0193971489644567
57.69395195297042,0.8529416531199213,0.5910202397245484,0.73715817944949,0.0497643620288474,1.0,0.0186826212068174
55.873148059242034,0.9007379236300616,0.8009534977504529,0.756073100936682,0.0555803948873422,0.9642857142857144,0.0205686690660738
57.627765771968,0.9022617815796522,0.6123593254501016,0.4367920741615352,0.0486641188837137,1.0,0.0171520919067462
58.8952751452237,0.6005106598528437,0.5035663987624747,0.4406351242149607,0.0497334393647591,1.0,0.037924857731353
47.42711214562745,0.8405911028178515,0.9142723998298504,0.6968488846697748,0.0699829576619486,1.0,0.014139920803926
55.83871642685265,0.8252720820359785,0.8261290241935441,0.2381931724964715,0.0485323324098077,1.0,0.008826962445048
59.19579892312646,0.8913034554928245,0.3958551286602521,0.7018394430486294,0.0494712003395784,1.0,0.0135877286401858
56.40042068862255,0.9777689898412248,0.4004138865455697,0.8121672695201326,0.0495659569981219,1.0,0.0213487434028094
58.760376196597406,0.9259478502850366,0.4523493638101457,0.7254130191201549,0.0491363097615112,1.0,0.0133828336410242
58.09368340212789,0.7930220131697875,0.7191700689377148,0.6790216995445963,0.0515852632939882,0.9642857142857144,0.0149380516963556
44.60305022210154,0.917158319083161,0.9009936836745566,0.5847444444635985,0.0621004726222146,1.0,0.0145360517889252
56.80370075068258,0.6124566093247032,0.8060053543432871,0.7200683011299865,0.0574635741268903,0.9285714285714286,0.0149890509543389
58.00554556814452,0.8728599742730342,0.4619187045299971,0.8105890300821798,0.0489971383433802,1.0,0.0127637115940629
54.41976162732615,0.9818547917429148,0.9049260568452367,0.497386936464467,0.0606351092507896,0.9642857142857144,0.0129059494993575
57.46943044238757,0.8459350214219207,0.5101684563429567,0.1972071198165969,0.0396390488053165,1.0,0.0146829047414259
60.129469810919296,0.2250207656622168,0.022950245966905,0.3472964993326592,0.0490635883599025,1.0,0.0156296528030035
59.06878859928829,0.5188516456499944,0.4319213475377688,0.7502931423916734,0.0492849729738497,1.0,0.0184251622027044
55.67103924887212,0.9250470704191558,0.7245042762262982,0.834353497958358,0.0512559059175618,1.0,0.0070575123593361
58.19520077942426,0.911844163886512,0.5203171784162683,0.5836469572321211,0.0496285314240021,1.0,0.0172273228334849
56.15986076634745,0.7543947456022461,0.9032892648962726,0.4163177837322217,0.0676393339467057,1.0,0.0144855040278956
59.1079564744697,0.536700540427596,0.9000873822770787,0.5288906995783859,0.0760634132001411,1.0,0.0143802793443371
59.11035212176812,0.9020004845949948,0.6256135889880863,0.2020215260845765,0.0576365996664338,1.0,0.0081746828445829
57.598234001581126,0.7931309576544202,0.7192544873763368,0.7602034471026492,0.0527246282679777,0.9642857142857144,0.0185384451379171
56.51061891296548,0.9004465804450543,0.9091958685220723,0.5142571024716535,0.0799705755654387,1.0,0.0113228269995314
79.69368915229937,0.9729273180926854,0.3119990915478366,0.9088673918319584,0.0879665061478906,1.0,0.0226024844772673
77.13244030628925,0.969808631166042,0.8016292072338114,0.8398798050371014,0.0898876210894705,1.0,0.0273428765424356
60.04226343104137,0.3126363670673331,0.1377451923661997,0.4424493835440199,0.0494094527970813,1.0,0.0238373470025564
57.56644094862932,0.2445986250604673,0.5129409171671899,0.8390735507090982,0.0477540802450069,0.9642857142857144,0.0189816663426389
50.02209588755538,0.9198369050642417,0.8014890697332007,0.507824558033307,0.0472877701514717,0.9642857142857144,0.0139625708489684
64.76873881165677,0.9547595364742558,0.1142766819331356,0.946890826684265,0.0587933398778798,1.0,0.0100265285453508
58.518518905218606,0.8838476257379462,0.067336161153492,0.8516808539120576,0.0494456338660775,1.0,0.004364397108599
77.72552179023452,0.3989063601130203,0.434656310181536,0.4138778134561834,0.0798188446448863,1.0,0.0206031105442665
56.84908578121464,0.4354218149962918,0.3312734342682252,0.7232264832515318,0.0397938499757764,0.9642857142857144,0.0195951044738259
50.68684760454731,0.9095929287732124,0.4310147717056486,0.7379489658956547,0.0379551697603172,1.0,0.0122937258960356
66.57798842147571,0.7626074650243243,0.3152771975357113,0.6300106274024148,0.0597047383417723,1.0,0.0234383820601613
63.96158972328229,0.7401915435942954,0.4597807762260422,0.7198356642877044,0.0580077443989448,1.0,0.0283224365336649
68.51627946419666,0.4409516838380041,0.3382585718624885,0.7118105910504791,0.0593351910215754,1.0,0.028150581160877
66.54544755649957,0.8711528262622091,0.1025422470360241,0.6356019032318502,0.0583769151721682,1.0,0.0134305058277362
59.13688281013354,0.4551730700690666,0.5357522731264015,0.4062682385308898,0.047160848995491,0.9642857142857144,0.0350372544461972
65.08233978023011,0.5912688419098291,0.50741527933074,0.5030065701443955,0.0583905823350477,1.0,0.0395721685901804
57.19325094586299,0.3984454697702468,0.3377974404805052,0.7213309682246356,0.03736494013046,1.0,0.0189435362574116
55.32602603129728,0.4225124486541263,0.9043919819229376,0.3587526825856241,0.0665626790468299,0.9642857142857144,0.008855904251265
69.07470148576091,0.8056576170552804,0.4000062730128353,0.7277835437788922,0.0694519554896965,1.0,0.0186132450019374
71.27968464756131,0.8203504230396329,0.3045441379754754,0.4070500616751437,0.0699721058783804,1.0,0.0138866161573764
69.67895388034962,0.805518279950854,0.3992392730198535,0.7271018202474316,0.0694123240498717,1.0,0.0187283636349999
54.69818167737632,0.2058179601003651,0.2069125641157901,0.9039212110134428,0.03949155572408,0.9642857142857144,0.0113590180587185
62.237062213969885,0.8546328412538274,0.5137152693078962,0.3234515055719221,0.0579372680550992,1.0,0.0173876712383712
65.47330834367142,0.9297006716568388,0.1883141866608124,0.3852250735887271,0.0572403164241379,1.0,0.0098993219020602
69.52130001058536,0.8447159766369486,0.5672198715936623,0.6912037482638083,0.0690241788673462,1.0,0.0135776789699825
67.43374452632168,0.5978771432100278,0.4179233830408129,0.2366148347313611,0.0587236884085559,1.0,0.0371135262716856
57.73241638162566,0.2354677502048778,0.7450314183630712,0.6784683883711351,0.0488600412713445,1.0,0.0154806659951302
67.0074902406315,0.4916218060908854,0.4148198943756464,0.5444227530281003,0.0582305013468788,1.0,0.0347827132386457
58.31311740797688,0.6612717152770584,0.7562980485709762,0.7614481749978205,0.0574110440516649,0.9642857142857144,0.0161934484004581
68.04638621221396,0.6258264331597859,0.3706766892304393,0.5977650015885957,0.058891410521921,1.0,0.0353579920980265
65.61307334898673,0.4366103529784665,0.5013868742758891,0.7113545745127846,0.058711120472091,1.0,0.028266434991483
40.55648273252741,0.3077231615713988,0.9050985515860788,0.9211766068069264,0.0728310573122893,1.0,0.0076131107840123
65.45712546916319,0.9519084359574204,0.8163732266927514,0.6380978628137349,0.0686138481473111,1.0,0.0111146104593029
64.72227476904408,0.6573551164662891,0.5528905780237796,0.7363618216064318,0.0595849088276353,1.0,0.0354914835163358
66.61412294450051,0.690875231573653,0.8114470047692844,0.6287588166236098,0.0693246278074549,1.0,0.0250944897300879
69.04553881520638,0.1632261215625487,0.1479255908023533,0.4594146432546601,0.0593643810239137,1.0,0.0294369538513386
67.76581198168894,0.4443119831435058,0.4049447599002806,0.445083567967553,0.0576380325301609,1.0,0.0310949017778871
80.60195235609842,0.9757794068910888,0.4849061705354459,0.2601336858496431,0.0856584540677324,1.0,0.0195805672656645
57.67099381111776,0.5191477492730646,0.3664703174484953,0.6694314385573841,0.0388997506641065,0.9642857142857144,0.0272247700636973
67.59794279681228,0.485810563098399,0.8151624992772588,0.6376439044890131,0.0698248518644823,1.0,0.0130856971372621
62.80712892416196,0.4287657097318229,0.6028889979316022,0.3039329728107323,0.0598843983705808,1.0,0.0351533228210175
67.32884020813137,0.2478896885502698,0.504696917276062,0.2072562865093314,0.0594712876283375,1.0,0.0293820279936838
67.8997288538748,0.0838041141853032,0.2360766920363573,0.911412612085758,0.0620212700786568,1.0,0.0100954927941121
53.84472732634482,0.9142279818067092,0.8202637204479243,0.3546616242015614,0.0491565381543072,1.0,0.0127491696498986
70.67202273986484,0.9241025609192606,0.4454999677897623,0.5595711532215516,0.0699134087067744,1.0,0.0083590671612971
58.23521044689294,0.242074727233589,0.0974718083552541,0.5250698837276238,0.0392168633811963,0.9642857142857144,0.025981357517537
66.17798300500823,0.5370132817199103,0.5317633564867604,0.4152240708862991,0.0595656558226429,1.0,0.0323600483185713
52.12444071981896,0.8641211814810708,0.9115548077014152,0.9391132674748398,0.0777664569796543,1.0,0.0282092034445067
64.86525993693806,0.9189682045298324,0.8556394157476157,0.9116610358825468,0.0768910571319315,1.0,0.0333541682836447
70.41546247560586,0.3408598017338589,0.3183772141014718,0.8792055514123513,0.0687133622559268,1.0,0.0105020427042738
65.0725577858931,0.7415261880506677,0.5439749157169607,0.241675650661032,0.059884761207829,1.0,0.0245768094766538
71.07238124731582,0.3557141778694599,0.4036455769035861,0.1637394425014564,0.0699152512221687,1.0,0.0226990802759181
80.25080498278726,0.4486599965030485,0.7227054093423728,0.6198015551391121,0.0893684314056172,1.0,0.0257692860871819
80.14752606228576,0.5644204894221109,0.7044098812536134,0.3077406269498661,0.0884485520210364,1.0,0.0308750122579837
78.55769428182646,0.8858994195015696,0.7031255886410883,0.912747818908706,0.0897253827876828,1.0,0.0245485192079031
80.748088774064,0.7359772722670014,0.2519727624308714,0.3212667760019259,0.0799598895561869,1.0,0.0317440003924264
80.54637534044448,0.8053217697597701,0.1065542947275468,0.910702588520244,0.0894485228376688,1.0,0.0259499305015953
80.06488442195837,0.7837156675328844,0.5122927699367478,0.9185996616271308,0.0879851386776449,1.0,0.0347194735239014
57.819558491699546,0.9417099914886896,0.5184541239871869,0.6281428053920317,0.0479100511274805,0.9642857142857144,0.0132080184336682
80.62989971823826,0.6206393895820379,0.2208803583884965,0.9001237726259417,0.0895376280784169,1.0,0.0291670848206047
81.06466325632377,0.6536401365174823,0.188238326695495,0.900345623591591,0.0945467691041436,1.0,0.0273002629503956
59.026488707650046,0.2603216496258558,0.5136239085582368,0.5673394703047656,0.0471328146882669,1.0,0.0271664854250402
60.1573689463324,0.2887714298016651,0.3708259201681493,0.4034796710992905,0.0479955960202334,1.0,0.0247411434413554
58.71102799792263,0.5478640230738447,0.283451128975258,0.3745731929030361,0.0389575853751371,1.0,0.0277215986346748
58.04761393204377,0.5672252787451154,0.763877582291046,0.3034441454691469,0.0573674835990484,1.0,0.007882104059663
81.04872767762919,0.1048440182445412,0.3372850531858311,0.7391845706613104,0.0894226391172916,1.0,0.0294192456996876
78.74835306129243,0.6851743628823075,0.1851084112377465,0.6918696967638416,0.0797657673587162,1.0,0.0226615655229014
57.77800171383885,0.4894934449596738,0.4565911115943786,0.5520551572405649,0.0380915777370363,1.0,0.0308625970399258
54.69218116848566,0.611183287756743,0.6041154441033726,0.8416566784303293,0.0394559178095793,1.0,0.0131295402768428
57.20164922454052,0.5683492309456623,0.4996357963358884,0.5521339186722065,0.039545516801925,0.9642857142857144,0.030100858307077
79.51665574268958,0.8130646301717406,0.7278732000333861,0.8276159413235573,0.0895135215393357,1.0,0.0326460702439455
76.85360859288984,0.9186931371905778,0.3094698966397464,0.8714573917470932,0.0798075600340767,1.0,0.0182828266286718
51.3404871785572,0.9871943348440196,0.909382399556674,0.5721535658338777,0.0783495795613682,1.0,0.0072938632843443
55.5811020582796,0.6314786364873622,0.4796825518201614,0.929002258411894,0.0473105178369192,1.0,0.0132884003069395
55.12311161915824,0.8245803288784951,0.4763659862720315,0.917577019813099,0.0438190435757967,1.0,0.0079287491687725
