0,1,2,3,4,5,6,7,8,9,10,11,12,13,14,15,16,17,18,19,20,21,22,23,24,25,26,27,28,29,30,31,hydropower reliability,atomicpowerplant reliability,baltimore reliability,chester reliability,environment reliability,recreation reliability
0.528083410423535,0.954746349421138,-0.3466035146974819,0.0476540301563895,0.3845655706265181,0.0501380490999725,0.1303584481174713,0.8597363526759456,-0.2059435200011556,0.6011588397499769,-0.6571396772158988,0.1577357062504808,0.2121101437408077,0.8644831653341858,0.9996759319942804,0.0311387309648961,0.920982327585652,0.5111182541062665,0.3493556684867074,0.3974146652165286,0.577889456457702,0.3476968859110544,0.1455089742241399,0.8655634034033419,0.7064894398362059,0.6098549399645308,0.722559030666315,0.9860259041500742,0.1750929009451388,0.8241687672106883,0.8223043071102077,0.343347824779511,9.165300816022206,0.0116221699909199,0.0062438377181502,0.0031247515284662,-0.4068434616302909,0.9642857142857144
-0.451815858754701,0.2117196507352196,0.0397020035004171,0.6536205110018007,0.1255350376517359,0.9530307863253892,0.1128985342328825,0.1492476306188592,0.2832303785188419,0.3165768812492627,0.8770771520937386,0.1299002323688406,-0.0846863083047633,0.6737363437900138,0.9389961738566668,0.5219009000689792,0.380126287117007,0.7762920626979588,0.7869602149821939,0.9136729664942378,0.7214362996512742,0.1276023688406794,0.9914444089666796,0.9306820434785784,0.4352669881392835,0.6592975368913645,0.8342924830775176,0.9168838982430364,0.7230334277180315,0.0905934654394012,0.0678285133787121,0.3662806660557136,38.199469718720856,0.3795507941874362,0.2243398938538061,0.1767082920209768,-0.1098888188527871,1.0
0.6825423904199963,0.3696805067258264,-0.9931016769059996,0.2132030142618522,0.2339072074996946,0.5729825035842382,-0.5917786107735303,0.7543712582315689,-0.9420670077832476,0.1547607397369883,0.0368137923721314,0.60455919776875,0.8346291257329526,0.3840212158058136,0.6255224663850669,0.4722813671640038,0.3021022354393923,0.95266914504276,0.4957402778779873,0.7073399087433643,0.2923696097584687,0.8846434731392365,0.4766327239135907,0.0468499687305912,0.0672974443300234,0.352721002154683,0.4276233392845168,0.1112440299227517,0.8489195680622397,0.5567389725478771,0.947898826874922,0.6509229387360641,25.994218745292745,0.2892613873686653,0.0795053380244468,0.1583035205029181,-0.1311364496210448,1.0
-0.2963110959846498,0.3467629772122899,0.2541411938472546,0.5003748826063735,0.9928632420897074,0.4143707580542725,0.8657505675569064,0.4506673749002069,-0.5492509695488055,0.5356229642780048,0.3468151640456069,0.3003851789826012,0.1738917333600611,0.4370195117633212,-0.95728166680923,0.0648974048372759,0.3798606304016004,0.7006720096633601,0.1583054441931479,0.9625618613090576,0.3630006117556391,0.1077995946412199,0.1866912002748888,0.920550992041559,0.8451601535041988,0.6620859721797083,0.0586132552905882,0.6421250334185737,0.0229927928209623,0.2348359503073336,0.06753000288117,0.6708176689900864,20.879311074660126,0.1293514122583608,0.0305147630026786,0.1598692176582723,-0.1368910245458909,1.0
0.8049927943852817,0.3509842674516442,0.7300548376468106,0.9305158479108404,0.9760192942999616,0.5857522410812257,0.3135648364632173,0.5523461379528316,0.5771338552702179,0.6874916279599714,-0.7927335888619633,0.4101268308201354,0.7069409454409097,0.4212596535029616,0.577129359657063,0.8445913864918744,0.7724500302043694,0.7272525679850225,0.3330557570044247,0.5023278415273661,0.8369178258221227,0.4351734112330155,0.5745068603144675,0.0496948331850061,0.4374569886899112,0.4999503088856258,0.1579839728547526,0.3869394123566776,0.0766064916801713,0.9681808584508976,0.1400323562294793,0.718253684545712,41.37549734655073,0.3652145504127735,0.3621584088896026,0.2955473444426251,-0.0986135379540708,1.0
-0.4659084178408381,0.9807349615115626,0.7218768537859304,0.5320990815477477,-0.5137921919175017,0.0951207982888884,-0.1469360308999669,0.3351142090144879,-0.5727598312397753,0.9255718444806788,0.2325079505621901,0.1173774385479476,-0.0710464494250004,0.3268086637247355,0.5847172460389416,0.5737329947999181,0.0171516387492346,0.531199624319076,0.4803405675327401,0.2608774446763889,0.4364268312973588,0.2606647472736118,0.1325256630188298,0.29694181655378,0.9937659709668588,0.0607605118008555,0.5715920803425513,0.8191906573637822,0.8647532133186486,0.4608499820806202,0.7118095485360382,0.4747305513567829,21.77129143808102,0.1136244216440784,0.2068757038551526,0.1639985732407367,-0.1597607231101843,0.8214285714285714
0.1352968707134543,0.1527079158099633,0.6414499707221775,0.8025781263793843,-0.4652417424976802,0.608241796337174,-0.5929940416482147,0.7903007836592129,-0.7357524324418836,0.1969784207087693,-0.0621025662296039,0.3218815085058988,-0.1220437982202067,0.1222159740783814,0.4094775001029405,0.1605915853214718,0.0955020836316465,0.5389194192983293,0.8267841750613144,0.6608767274696429,0.7293198374151496,0.2602732262631446,0.3637462154245795,0.5999156365072394,0.3065058035392413,0.3669331381910191,0.7722013924917421,0.0845504767156495,0.6462924762821077,0.2952868098422589,0.264215577101038,0.8106715934848863,17.881625811124756,0.0244468692926197,0.0819570916739352,0.0874424796882388,-0.3838951746942903,0.8571428571428572
0.9805739084344516,0.2427111500359776,0.8830962771491784,0.5714706376167686,0.0400015192550571,0.3594843372145024,0.6078675017467439,0.6920256725748865,-0.975546901638521,0.9067146907571184,-0.0024468049328953,0.2402967040973759,0.2121150082614995,0.4281884625333813,-0.3031561042943418,0.383314673671201,0.9536462613350396,0.1941654660251219,0.5232599331797919,0.4574654691168868,0.0586885709053618,0.5423316469456624,0.5633617387314964,0.689758773629181,0.5836111877769936,0.2503743713190022,0.1046496619353344,0.7909353637666692,0.852787247641039,0.2915611248217975,0.3804284068109383,0.7773182874990493,25.603995040432373,0.1532820318806528,0.164558430214776,0.1974047475697227,-0.1262969181510497,0.8928571428571429
0.3067450776885403,0.4661480143499877,-0.9497853939716204,0.7562094740607387,0.0708484415462027,0.926522014525344,-0.6327372118855117,0.227589567470145,0.2119752206318854,0.4638948737297815,0.5252196382796437,0.1976977084469265,-0.2785887636869664,0.7285562845063812,0.7244906927242416,0.5343940785777151,0.688576294166873,0.1300147639507219,0.494475190505269,0.0252930180300167,0.2156589243230415,0.8084112970208548,0.4177938003022713,0.1682098663872054,0.4209063517038273,0.401697539384928,0.8282336536722057,0.1975706471733649,0.4673396068107246,0.9158322442498944,0.5019555674271843,0.5089589417709901,39.53697745693939,0.1462347549352805,0.1415405750388461,0.0891488722452059,-0.100662351057619,1.0
-0.3490901622145339,0.8458765267255479,0.1208661767980239,0.2228631544216747,-0.3198034703943742,0.5049498971660463,-0.3202752137378113,0.7712632382492571,0.2677308643806497,0.2747265364290314,0.9903210104522416,0.2741141698314212,-0.2663918136337053,0.5017110764614914,0.6833860643465615,0.7787196569530139,0.7012516340230046,0.5357101021104864,0.3578218400946416,0.2348169004408743,0.3005072046279212,0.5478856501142781,0.0399492035152457,0.7651318939347241,0.8079371876216107,0.2630566568930186,0.4566505034908101,0.9636111228804016,0.1749116292879684,0.4046472272096412,0.3628312846398651,0.5802112573713385,41.171393709659455,0.2647397116728648,0.1059079320889677,0.2143553394460357,-0.1190295465301441,0.8928571428571429
-0.1676905082090509,0.2688165934470099,-0.6297788696952615,0.6315988518821548,-0.7241862017769172,0.4156635680211913,-0.5342513830038651,0.3786870873334766,0.2543189868957056,0.4133902156828988,0.3567759831821733,0.2102716075742301,-0.267344377721169,0.4626081631013984,0.4953764032473342,0.4943602533567859,0.4859739944382621,0.5620449649655226,0.7333403851184327,0.2231637087464802,0.1911811822871566,0.4306625852671183,0.6475580028947411,0.2578820361199326,0.2886477253303992,0.9922138220424478,0.7996392749156052,0.5945363440314039,0.1679381643554692,0.7005865536510311,0.2092138784890337,0.3470562273754199,9.681289609150513,0.0238316402526741,0.0241791891001482,0.0089048397852596,-0.3720926165010564,0.9642857142857144
0.3000144544262682,0.8518193012701646,0.9802547943078426,0.3172990965838558,0.53348994795903,0.0116002544285424,-0.3825688643067992,0.7437748108929945,0.4517797828408401,0.963587326887851,0.9305605922460088,0.7858719847042345,0.7020162638893976,0.2420530846248989,0.2513226830745168,0.9549605838522768,0.7416075410715857,0.9677707219755723,0.2215110800506048,0.4962708399028747,0.4318838953753752,0.4026243607680284,0.7236185369228029,0.3199692776237276,0.2096597277139555,0.9374554534621816,0.1601095062188621,0.2476090258889476,0.1037673865164063,0.4667562362149767,0.770996731414652,0.2517788503743733,63.179998545692335,0.7566362910187455,0.6246064514153394,0.2929432187120595,-0.0936948929591006,1.0
-0.6733011063343728,0.11769688804215,-0.9533105452723304,0.7057837116268251,0.7182252830440667,0.2196656135762564,-0.5248612604139375,0.0129800870945211,0.2897168936978682,0.3007460778906798,-0.726255391615926,0.6468735585798162,0.1994671035005637,0.4473885514326741,-0.6939734232063557,0.6386706625953511,0.5556893112719441,0.4329010185355701,0.1646715879870595,0.928834220072079,0.86317055762585,0.6898028785376858,0.996002337185831,0.580361488674206,0.344777444184001,0.1163484670728784,0.6076857004451232,0.5194882615908716,0.4364371014559682,0.9926348490441296,0.839482546456112,0.1148314459915482,6.892881932975861,0.0006107415088746,0.0006317518621582,0.0006909934170232,-0.4527090569675407,0.7857142857142857
-0.3722498700714436,0.8796569994647027,0.7647438874839052,0.8500182332267072,0.8402585713457247,0.0051815426899159,0.73336579655166,0.8429058569854397,-0.3251351131144435,0.1679921885412808,0.5711132560062953,0.8636492317221283,-0.161651069774255,0.0502402129128659,-0.696419011634636,0.3014130255082866,0.6613685311330928,0.7836524194790707,0.102323311029482,0.0742045732498342,0.6316173343554654,0.4533875182653989,0.5078791321953781,0.9188280201475464,0.0138623391792941,0.6555004955549377,0.3812884154815764,0.5554245346625657,0.2075789801062185,0.8198914486074665,0.4027114279208521,0.482214494207585,8.506447968679002,0.2720232642614655,0.1168879150638188,0.0344628948973828,-0.3574431483008999,0.8214285714285714
0.6910986560313588,0.603722440172606,0.7431174079728284,0.8142309409394398,0.2839108937537455,0.2410011246095965,-0.0024247906681136,0.975725975637857,-0.9790273305373776,0.6604810354899904,0.8080718043091883,0.7105494267455821,-0.0460047483994667,0.6396130680030623,0.00530801028228,0.3615429177466864,0.9691025729501792,0.9079598759919372,0.2320493563495749,0.0790864878468707,0.7925564162459273,0.4700118848354224,0.5697695536260164,0.2053301757112002,0.9732765145921816,0.9180810409695284,0.662057311071046,0.9623310819354114,0.0879530749377429,0.6035275436464426,0.1071503295653485,0.8574639527645534,15.98346136529342,0.436268312161193,0.2669587556195433,0.1924563151695201,-0.1231692543732305,0.9285714285714286
0.1881146375665117,0.4895303127284908,0.7754845794781098,0.4844741646979427,-0.8448915120194478,0.7076244179992202,-0.2646916508406762,0.8092492231478108,0.547670615033107,0.6636503467559625,0.1815147707865743,0.2579243370297061,0.2378323757217535,0.1079639292307063,0.8344663558555379,0.21273993172234,0.0526098015032889,0.2241852444194471,0.936452889587602,0.7188269462627036,0.2865742201742312,0.8582268238817018,0.8211850393453807,0.5019751148379274,0.3288807228752601,0.9444562561333094,0.1399837224238317,0.3088566147601183,0.6722553581734751,0.0844649808058551,0.7766052898052274,0.5968432708019891,43.82970956954986,0.1813214697411725,0.0713928879785651,0.2719399100257842,-0.0994600581047331,0.9642857142857144
0.8381573592450899,0.3889326924403711,-0.9055273324771728,0.0068325715769556,0.2091840725340865,0.3328403995163106,0.7542949151609919,0.8557453997759787,0.4228388515063539,0.0093196730784054,-0.5051953021329434,0.9959587625142292,-0.5423592529175727,0.0453480291413079,-0.3117732896796035,0.4870518582554271,0.4366428071170606,0.8732744630849703,0.1926276303387117,0.5712422906679446,0.2733245390301797,0.5986366002721805,0.3697214431637309,0.7926503366437618,0.9373259978016094,0.7378366999623205,0.1684542349847454,0.2679707719782704,0.4241226102891098,0.0700246682887655,0.9288697059818622,0.5715251983389896,34.62131200166854,0.0951031742692669,0.1235899119656686,0.1109579208619186,-0.1176214075612358,0.9642857142857144
-0.7211738039358886,0.9673180378037034,0.8589120041607392,0.7785816061937868,-0.6382334311306292,0.7286242067052622,-0.4267969981497723,0.4084598044099777,0.2617536023223454,0.1920863246873162,-0.2918405245323725,0.3964762017222163,0.3826371141183555,0.1310227077009622,-0.4342653480242875,0.7886303036623319,0.6542279211860418,0.9913036786458208,0.7425216873067023,0.4663484335129125,0.3265455522027659,0.7280546425861492,0.9750021480402552,0.4191633620326621,0.3762991610303114,0.4602060152419082,0.0713425256560823,0.8985998215146773,0.2030408640525134,0.5965829814027475,0.895063107091866,0.123352941454066,16.056456908792846,0.158840747697484,0.0885457798980016,0.0749446169391771,-0.1788672583413345,1.0
0.922000205663306,0.5789008827852703,0.5719398452655489,0.4367882893519457,0.7467845117619376,0.2894603604593222,-0.7061400219647205,0.7325784336305783,-0.3050771328378183,0.323020999483749,-0.7831552982392509,0.8148062546283208,0.571933836632617,0.7839675534666243,0.4061438976491505,0.8329682599056405,0.7596695132213653,0.9271144790256836,0.0778880339573968,0.6201641819338564,0.0319561193235475,0.7375203491125197,0.5056599497668095,0.4329555590324049,0.1182833030357708,0.4048145416155259,0.5733685641420224,0.8269371630182812,0.5257296590337056,0.0108712489494353,0.8437237949259139,0.0325021509606707,22.40867871320344,0.5805400224838104,0.1595205149025851,0.2937554287989578,-0.1069484792907919,1.0
-0.9901364739605428,0.1730761177134512,0.0507199044797739,0.4376427791156946,0.8939629708987653,0.2310471439292937,0.6730018018168897,0.9576286586480656,-0.2360508657269886,0.1111789639862143,-0.3225640794145969,0.7529014373223161,-0.4628175773763685,0.4941498211232199,-0.5198583954083924,0.4447285757634517,0.7996046804035281,0.8729544122182656,0.230538720312216,0.5083923690456227,0.5359184076484881,0.67535246882788,0.7083542873449301,0.684911047196895,0.984101652761698,0.120863249420654,0.1056210676879207,0.5271709634025213,0.3399818031406485,0.1140122742571936,0.0491100088694079,0.4683742339754648,19.060969619544267,0.087332404007081,0.1096016878681101,0.1960460707099262,-0.2365769202065088,0.9285714285714286
-0.8723465627474207,0.2143208452796794,-0.4042979479837902,0.1723253625371618,0.6592339502823743,0.063858557932508,-0.2736222349357649,0.5515117533613624,-0.8040955356728312,0.0806079510756558,0.3934880068680317,0.9298022817205368,-0.6685929540248183,0.1106548681509541,0.3941977914016223,0.7113376748054017,0.7014024560380995,0.9948012488625556,0.903338151885633,0.3328838090176579,0.8632943014556952,0.6968100097510979,0.1432462359172964,0.6835903131664091,0.7189456502627131,0.8590426282463879,0.8202973917644206,0.0788510344611124,0.852310849000018,0.0093978996688068,0.6332481803642533,0.6072690430594992,7.027147165813409,0.0004486158647808,0.0003813418312096,8.199041985984525e-05,-0.4455957722176842,0.9285714285714286
-0.2545053005007713,0.1819220854798064,0.6041726399620713,0.3028365528351853,-0.0508485010069434,0.4227191424082749,0.9896026284789678,0.8572227529512586,-0.6884807046098083,0.6450151583889426,-0.4156256146521049,0.886581530754132,0.2192157056424089,0.0542293132183627,-0.596243534846469,0.2159624861924909,0.3145553063327647,0.7589694230245555,0.9690944211333942,0.8519520575633893,0.6306629710506707,0.8967517964288617,0.4544997136844066,0.7465225586275849,0.3151906403911271,0.5825154720783431,0.719438844452592,0.8574943241687508,0.0589315307695623,0.94221168610999,0.6821873280847844,0.5875476955459343,20.04418470996864,0.2575119889422602,0.0923752357982675,0.0578701043513463,-0.257266623617309,0.8928571428571429
0.0910298201598929,0.5961209793633865,0.6645913009755249,0.6242844843542078,0.606320085068877,0.4878711990723806,0.9055574847173872,0.4597606996654625,0.8005923094426952,0.8428945279752147,-0.5454668164715002,0.8779239215384235,0.2562776602559029,0.2692648449873472,0.0791033106842955,0.7018843263791357,0.1587316103992316,0.3911661201264983,0.8967984315732883,0.7337685883386804,0.927505662127417,0.5915230856339556,0.4154940633607976,0.4893532227602825,0.633206969503802,0.0264904853933023,0.7273499520873321,0.4445188153448537,0.7634284485222318,0.124528932777602,0.9329554668736968,0.3547146598979952,54.19014450470336,0.4892980765735671,0.5723875587823583,0.3283519028232648,-0.0888286074457277,1.0
0.0781631292116211,0.2891964436397205,-0.939926182897746,0.6536357538927619,-0.5799826089005378,0.2572769749796092,-0.2056034747335451,0.6415781537746728,0.9776224208074428,0.461533010062625,0.9869700152033374,0.9925719941586278,-0.5146489288531135,0.0726451128713413,-0.680197955540764,0.8419027314789557,0.5995547289462685,0.9174626648558604,0.9721691074362716,0.6544238205879963,0.535204782203361,0.0676310315833348,0.0235100630567813,0.8052942869277137,0.6719697138652216,0.7630117418529349,0.5656524680218609,0.6738937592389419,0.6387228188088844,0.8951756504920998,0.1117500186969603,0.4944504196475903,21.413282886479507,0.1652233687468614,0.1228872052699843,0.1504255609889391,-0.1438406010402994,0.8928571428571429
-0.5489859143682883,0.2133352121483031,-0.2602933803973632,0.4317376457041878,0.4792892160248494,0.6200307331937885,0.0214689218724586,0.3801586230208694,0.250893636334208,0.3822791896865655,0.5946086468115548,0.6438120590981726,0.389436669220923,0.3732221224183939,0.0357944091953819,0.7212432932753541,0.9566709942813114,0.5287713180122423,0.3207853587006097,0.6892762868762891,0.1195384992089325,0.33461118908421,0.0326998277124422,0.5527993211169583,0.2538340154806886,0.3917587900568082,0.787527433207309,0.6354021469629932,0.0369711347196292,0.4427478660500923,0.00670686471595,0.8231933906304401,30.86539199623413,0.1294112961429295,0.1449542227929683,0.3298464047589977,-0.1115331589552197,0.9642857142857144
0.637133857602302,0.8343877440325277,0.545136447346144,0.1202504223595209,-0.4560414408603752,0.0980997712765623,0.4889121022432985,0.4637812715490603,-0.8141579260092295,0.935994303944614,-0.8485521787624188,0.0449161720341751,0.8003554884814046,0.4528364809173736,0.7101717324243098,0.5884226262569551,0.1365253039732276,0.4810731308419684,0.7613965664534091,0.0175165351791074,0.7772202348223455,0.3505585430803477,0.5135423126916262,0.3211569094707113,0.7884788198089582,0.483641033085047,0.4517089903874437,0.0629241108233682,0.7280718316621522,0.1733690874571398,0.6040195645524429,0.0050193374785609,7.491516468341063,0.2181875242832756,0.0622358359913231,0.1445681534541031,-0.3729861787119588,0.8928571428571429
0.463483975778594,0.0098604695443736,-0.1253794751271462,0.9162757955380212,0.4421812261777731,0.3286445629017541,0.6580193180732918,0.6589735017697691,0.9160179329135996,0.8207991037243145,-0.833667958698022,0.504891340821127,0.4698053291224593,0.8437909342426475,0.5618126298191346,0.7874322636527509,0.2247275152172113,0.4438496172111292,0.2260068001186844,0.9306665052314894,0.9889130508867195,0.3809617336919801,0.3550954520378101,0.2643367059084134,0.1164969648734101,0.0576444148877121,0.0948560136822949,0.9499461360358328,0.7020252982618246,0.2755517421526933,0.9653795988060528,0.0595264465874326,19.474077887458037,0.6913180892690658,0.3452765615124301,0.5807545917041573,-0.1139655447964162,0.9285714285714286
0.4035413648578363,0.0935928554280087,0.3448059132268024,0.922931909863761,-0.387324827540471,0.7640149491518108,-0.0656080152433624,0.7141898646032117,0.822915969096649,0.1102555154271404,0.959689655687694,0.689582589293556,-0.913562207492184,0.5156153631362176,0.6956168140890115,0.5788882645018463,0.7875810053134288,0.6220113558596349,0.1675397592515335,0.8696141787676342,0.7283904454522291,0.7553268691496838,0.1512559429684964,0.3419899708458844,0.646325722503372,0.7064828243470347,0.9301203127064664,0.3393027424304831,0.0663260861156241,0.3748476333575302,0.228310424409953,0.832684515087541,18.99120016039165,0.1590989277356848,0.1016061091043853,0.1463782123434077,-0.179561670940764,0.8214285714285714
-0.855779721530646,0.8107617240823076,-0.2461667909842682,0.7695525551519908,-0.2567713734767971,0.4911395373302428,0.955678179535099,0.5992728868152365,-0.6907417762425141,0.709976890555689,-0.4044268722450364,0.3550140061329664,0.2012291244623423,0.9091107396604712,-0.2197935262571995,0.357168615959708,0.8589676596930429,0.0028633731965161,0.8824510944316476,0.8161070917018612,0.7092255340006337,0.425449279182476,0.8092297767511739,0.6335085697978761,0.1167546666973682,0.3465326523633036,0.1700866027424142,0.0715122339689728,0.5556908456570983,0.5024082568098852,0.0588227494030936,0.0220068656532381,21.26061821231161,0.1126843126074045,0.0657954415874095,0.0932643246494599,-0.25798055456966,0.9642857142857144
0.5460097734748335,0.4750137575702288,-0.4567855310188533,0.3709891423263241,0.5332144572838575,0.9403300656888156,-0.6503369329507909,0.5729358277780123,0.6101132644009248,0.8418209829689971,-0.9638824872671918,0.2439344535475964,0.1824980467060695,0.2564499369524542,0.6403354015174465,0.3281313501074935,0.6243722561293445,0.3165730506996869,0.0584525559746902,0.3086931170219014,0.3899441472229576,0.7250255991092356,0.1256731920413747,0.3497930504690957,0.3792831824385654,0.374171850630026,0.0496011645340739,0.3489196866288589,0.7955226729715927,0.6248527825544861,0.3534894420102927,0.6688683615479206,20.78898934862085,0.1268902375899117,0.0665463579128741,0.1392117739012591,-0.2754411102309553,0.8928571428571429
0.5828454011785162,0.7405765932467523,-0.0953767384618728,0.530988662446286,-0.3821242885600493,0.7053967742562208,-0.537239920784534,0.5610025839583956,0.0060446120607606,0.3515648272066082,0.6239401473268129,0.8668479095662655,0.565438090899141,0.6055388330459757,0.3963956330251856,0.6529350631615221,0.7021696920225944,0.8253940424341247,0.3604835979462346,0.9435137679298464,0.9993237132293528,0.3341771456685692,0.0121041368886369,0.7829377258254041,0.3686589021436843,0.6004267094786183,0.8669846013648081,0.1662206166861307,0.2321063931340073,0.9320513874549696,0.8006462697025153,0.093903574732442,15.763870617754929,0.155169306503124,0.2323333958704463,0.3249787757832398,-0.1271697149799678,0.8571428571428572
-0.2257078846030777,0.710311972466044,0.5500894397630258,0.9949015839042554,0.0234333183597497,0.024811498470266,0.1886828508107698,0.2128028546985454,0.688301553150982,0.2764953360848701,-0.358046076548475,0.4408513170581264,0.3584544634160154,0.4553693895030849,-0.4490737791304364,0.233236736579521,0.2257230812783351,0.4429703857911583,0.9267857284576329,0.0563278948090626,0.1197633155958225,0.1777193404801179,0.29128395861093,0.2913419649569143,0.4012930265295186,0.912312336593024,0.5491430575489973,0.7029309614002046,0.13820154376076,0.5753683672975173,0.2178646236494728,0.8228554900997335,7.27624703334769,0.142175700673541,0.0754352080309779,0.1769511552987029,-0.3803090786571196,0.8571428571428572
-0.6132127579000151,0.0388420137025865,0.5115683443943786,0.822613226482307,-0.354394853664971,0.2749052478504288,-0.6973626646335707,0.70523348682859,-0.4835677567084864,0.5942834157171202,0.4557503240783367,0.2302767433740253,0.7872138947516647,0.461301871060224,0.4865322106308101,0.6678866952518715,0.0152538162198689,0.048703986626635,0.7364990416707821,0.3694959531863174,0.5016508681779678,0.1669888735552591,0.3776836003714506,0.6870938867279518,0.266765737224379,0.1533336880420092,0.6543223874350709,0.0368811399194956,0.6531529363498272,0.9168242190844808,0.4392798755923951,0.5116483941990634,23.608029895520342,0.2629712818483105,0.3015080981604802,0.0891307704781801,-0.1078564262704585,0.9642857142857144
0.2194193023485329,0.6036394254099356,-0.1751961369572052,0.5213546619738043,0.5360936130488281,0.0848817388780005,0.1056833696334318,0.0181348298209043,-0.0958796050090602,0.4530741386510742,0.1598971525275385,0.9970316184162078,0.4236662617765212,0.5703884784135103,-0.8662999870055952,0.4699467328635446,0.9777061300365204,0.7907264977322225,0.043882788348202,0.7335257605383814,0.0895771017505514,0.7364584917012004,0.8823753106924062,0.5561191676191406,0.6495574516105201,0.4479970752952783,0.9964758783736856,0.1266002333841891,0.8631753928117925,0.824081252221514,0.1031672721107659,0.8288220113110439,7.940302216265545,0.0813838993881714,0.0321185813834228,0.094245490348282,-0.3698591292173747,0.9285714285714286
-0.1402038847524713,0.6346244368159368,0.9424997969691388,0.8225449048172983,-0.8741288802125133,0.2324240357378827,0.5709373570742999,0.5964085181879532,0.9480292930171984,0.778767025899218,0.6753033844295873,0.3348628555688355,-0.2656265038533592,0.6270477929783839,-0.4572579281046982,0.335330186488008,0.5990284451381762,0.679199131420139,0.2640903153887671,0.1393628482167855,0.3001292938070937,0.4685228843405495,0.522807511493934,0.4214387380454327,0.904969416785384,0.9532845499814472,0.7190021736173031,0.2522614868516885,0.5731593786480635,0.991223557735836,0.4589566402831758,0.6482368816571468,25.013970284607662,0.4097494915558978,0.2337194651407473,0.2361842850159624,-0.1032521302072057,0.8928571428571429
0.5218452513571619,0.6052937705476236,0.6934240472524287,0.8277811962040803,-0.5441226801942594,0.0635019346596903,0.7855344277308995,0.5310415248163056,0.9901018729680248,0.9315640928718728,0.9540077237479868,0.3823199634741632,0.8244571504713585,0.7095780864415161,0.8458221299570929,0.8387512988992664,0.9617230620809888,0.2144200282933103,0.1013357254984193,0.0815419636819777,0.9484021537565184,0.1102739420983959,0.5992496259502464,0.9647158551441468,0.8913036929814627,0.2905481150100171,0.0218363167467674,0.1102752857065062,0.9750565550052238,0.8271366593029995,0.0484253816811417,0.531809960840336,43.23068745917483,0.7541203846459706,0.6776268169563539,0.1756544396759971,-0.0974784394679635,1.0
0.3916136230062115,0.9554336553049778,0.9169809692183464,0.2652353256234617,-0.3722404296352308,0.2857863728612647,0.7742359465327242,0.9568243356041698,0.1347941408149704,0.7903989674701706,-0.9886273768027088,0.6375885875328466,0.3505664208627312,0.9537249575747072,0.8941846983495527,0.4609470202764044,0.294643157203841,0.3204355880863457,0.5233418799707922,0.5375955385455439,0.341470924477595,0.868358129993717,0.1464789778528588,0.6603621190550033,0.3072392480966787,0.3326239524388062,0.8762709813094532,0.0808418445850703,0.095877147030794,0.1074555281883373,0.3916043228610451,0.5866569896619486,65.57553835565479,0.4922912372427028,0.2426536308502622,0.4442572748343413,-0.0837435957643273,1.0
-0.4434617248611792,0.5516675820854108,0.911452934866591,0.618835926953273,-0.7543009516015711,0.8830986100559015,0.1616298794041826,0.019428601054624,-0.8564081588599457,0.593711798407881,0.4381860645994397,0.1119270937261137,-0.0379282049530447,0.7643168739065797,-0.3223097319843089,0.6377070422844403,0.2829584776270221,0.7615006279441848,0.98182658014845,0.5585078483079431,0.8870166949967384,0.678625895428397,0.2945716871708794,0.6814947275877938,0.3129651481720481,0.2982055990077384,0.871932501412705,0.9221121937970342,0.9998609414682024,0.8381013726029304,0.339639257694056,0.0059785843160461,11.1755336374733,0.0343606450942386,0.0422823812860816,0.0543493055556992,-0.3508245377311986,0.9642857142857144
-0.7730411835112392,0.9058699780493764,-0.4464332996708977,0.1270750798653755,0.6830933606819776,0.1360090762474601,0.1086605137587402,0.7127289502240844,0.8209670064066146,0.8840073688383155,-0.4600903327009769,0.1164748844311884,-0.5260239113029428,0.977792465551756,0.8721943730641142,0.7717064341119302,0.0837544172699651,0.5385825946633755,0.274845348934456,0.4904052823155851,0.4996467969418648,0.5532007787747779,0.3339994575915073,0.4284177685969217,0.1387282664229783,0.4759642503055592,0.770414309748441,0.8561581125961075,0.0492550192673789,0.7769248962753396,0.5974101502941082,0.0564442037260449,9.69346150199562,0.096152407596733,0.1378240082672381,0.1287405908095982,-0.2345733233828157,1.0
-0.2664010791965676,0.5424181098086751,0.5222893328817173,0.4042452377355122,-0.3109470179250431,0.5335286460811994,0.6587877797506094,0.818377627468786,0.861765733023135,0.5682706308575222,0.184693231109071,0.2141130281087342,-0.5125525469598011,0.0233993633625221,-0.780041629647859,0.4070651344800108,0.3654034312185467,0.906643907069504,0.1418995377561197,0.0177237921522842,0.3988363168696794,0.7535054260032283,0.6970490022560716,0.1874426804768321,0.0707032114373182,0.0421118560406533,0.3758950743682104,0.7204350672713824,0.3363280933996286,0.8307927098709899,0.15095025472083,0.3786829534592323,10.2129930841707,0.1559524196422434,0.0904782506984368,0.1080279061155455,-0.3470850546961155,0.8214285714285714
-0.784229519348971,0.7343653620482327,-0.6206954034086631,0.0193124370135894,-0.0415643823233415,0.90984551042665,0.8120402279881438,0.4403072653851726,0.5967233884989074,0.1936968279726588,-0.6807959928322946,0.9583678711410027,0.3422695412007706,0.172791032563407,-0.3252853130809934,0.7728009764043559,0.0575119424008854,0.1866567288014683,0.8036820404691287,0.2362218664064732,0.4191767027376051,0.4303232580120671,0.4762108945169394,0.3097505086065926,0.2484906765170775,0.8009655523303048,0.758993516857634,0.9466349836864294,0.0418399410351337,0.1578977304975899,0.852621809858683,0.3124485966341146,27.219277767467126,0.5409340976744003,0.1948966578575042,0.129204100312067,-0.1002906028433562,0.8928571428571429
0.5855527375504574,0.3032374483560756,-0.2127721361530561,0.6698928309482417,-0.1474189561553704,0.5250731611386948,-0.9278798918049308,0.8547552668120406,0.2378096955968973,0.2561446397542101,-0.0502886138046207,0.6388892807447407,0.8658949962320608,0.0219332242586471,0.852133605098498,0.5883400736089128,0.0411013631247223,0.36546520353879,0.7246477958155867,0.1124752986186463,0.5885466375589431,0.5607307324362585,0.5746389478053076,0.0266333990197906,0.0191488583460054,0.9648951524619906,0.1650161577039965,0.1861054344993683,0.5691502394096528,0.0181412461486614,0.732213008072028,0.7640550076944905,12.667352990270771,0.0306800588415499,0.0327096116503118,0.030562932529856,-0.36380644732749,0.9285714285714286
0.459672694311261,0.1201412469515339,0.1227737515083637,0.3403069484007543,0.1598195106727031,0.3576106281041912,-0.5786576577984284,0.595738268717208,-0.7680637426124692,0.133968257639012,0.2407557873716033,0.7397794617199155,-0.7625996213004138,0.0679397748556781,-0.1484221296323633,0.0923535302984343,0.9436577637874234,0.2943922005666438,0.0136200429503375,0.483836072484339,0.5386908436763946,0.4315630363530955,0.5755995578002884,0.0736027090661195,0.15800737649125,0.5963425402424074,0.0337740452488157,0.4401884642257276,0.2386988882936829,0.7562247022390647,0.5234476848228689,0.6008301833058666,6.845907989584043,0.0013175383854158,0.0004470873231306,0.0006245763069309,-0.450686486194724,0.9285714285714286
0.0498159669559674,0.0832983497812005,0.9821758880761332,0.2842467545535859,0.2936680778762695,0.7620371686380113,-0.6852768840756289,0.7560336455243387,0.1652162513314952,0.055318770891707,0.8943244915919846,0.3671077397817061,-0.7579334961591968,0.060911112924025,-0.3084621976834305,0.3610976918172491,0.6345965459373923,0.8963589155788859,0.2091446876344509,0.6506055881267961,0.38059426371418,0.4162561308044462,0.1229176654191623,0.7523194277799945,0.850174009704006,0.6261010132700778,0.7363330700449368,0.6031250137526339,0.5270388481676117,0.5837656220564634,0.1274716842269292,0.2388416346548888,16.70032668554274,0.1218217031752681,0.0636843845798415,0.0838324243582264,-0.3720588403285246,0.8214285714285714
0.1709189938427995,0.9994469034328972,0.9739956795649962,0.7776100707633762,-0.225938292644255,0.9724182191824428,0.1944607177078849,0.7524696491429304,0.366463766649741,0.704932896732757,0.0025179460437281,0.0145658240485112,0.2647516221018176,0.6643486521413937,0.4170578879282411,0.8461843506735617,0.5018346340812031,0.5922420109184505,0.4093886625725651,0.9957028488708656,0.0920933186320765,0.930627960458632,0.525745284900076,0.4096415618625739,0.991265125908346,0.8549083622727331,0.7928253293505862,0.599569610239832,0.786369319208801,0.7710133813627144,0.5890440480219836,0.0717081978892111,62.5011115771333,0.5432280460963775,0.3691851872719178,0.3665169445361498,-0.0843386565196822,1.0
-0.9956529931110184,0.4502044887935773,0.8377405639748388,0.3639224586693332,-0.8432924247850755,0.5551480083220791,0.772465515760689,0.7592926850880606,-0.7275276602694105,0.1911786836770582,-0.2061273051268193,0.1478167523759156,0.3296352957699746,0.1456999328600181,0.838504857608162,0.9462329642855816,0.2541140443875426,0.3075999998510276,0.8485999057923436,0.3697316695736524,0.6857068887977663,0.3572012201400162,0.7895872146259031,0.5495149149960834,0.8212676146633211,0.6211121650875564,0.2597287124226982,0.7204451968778757,0.4758659545823197,0.7626410635422066,0.1480951027276607,0.0516920073177394,7.982337040984733,0.0826076264880357,0.0985026173279269,0.0266210907575403,-0.3927670453254657,0.8214285714285714
0.1956174015840737,0.3113897865944607,-0.7990432101860996,0.5579150269516316,-0.1181824718943478,0.4461078222827863,-0.8857948978176278,0.4455925060242262,0.1482510294845749,0.4011588245155174,0.2796108059783864,0.3192579651969965,0.07484184801622,0.6052274625672989,0.8147216069216545,0.5247787709517512,0.4023074690264631,0.1263764609962403,0.8344127357796226,0.3203381691525085,0.0935648563517282,0.4866222851833213,0.2074642806280556,0.0533189186142446,0.2557100015720518,0.0318273736525028,0.5889462799401697,0.9075209348276472,0.7254725055668906,0.4020003270469604,0.0180922822244772,0.1399018226890254,17.59666702108894,0.4329271392424763,0.2239778038778147,0.0118472168368928,-0.1222719749260993,0.9285714285714286
-0.8620719513932658,0.5897043343208298,0.0959075673744214,0.248285260702658,0.8751234429319774,0.516714228221606,-0.5914695708575772,0.1088332877507015,0.8874535818590874,0.5667672375601661,0.7823943140303922,0.977940178486488,-0.8207604389289622,0.1542762974375104,-0.5907073591501333,0.4301619781206862,0.5891725068218773,0.64294001847129,0.3205979541804773,0.8412474970653143,0.9606802001964876,0.2859668623443304,0.938956809191205,0.5762784164195467,0.8085227235209592,0.8945433790320161,0.3416920776806212,0.0905439138857164,0.5169464006042459,0.1308928861190644,0.4659406401607309,0.8265038345840089,9.54410546804739,0.2311678449312514,0.2715007110202417,0.1026094594501556,-0.2442409400297966,0.8928571428571429
-0.9802969720081552,0.5674729757510715,0.3009396457634743,0.7790346385727687,0.5015015781533934,0.5683197085730813,-0.2704816943483081,0.0943425618405284,-0.9609190296155664,0.624371505190188,0.5281776922831272,0.6886541972563118,0.8247061996092029,0.6036839434218588,0.6865512262995586,0.2558357963515674,0.12069028134928,0.2115919722849043,0.6627471496773173,0.981169877452806,0.1997414177180271,0.990581055936554,0.1004474398468349,0.4525893993694209,0.052159894013951,0.0398211182871925,0.2875235128392848,0.4056219642100573,0.3352872560482154,0.2248507517826082,0.8981958461231778,0.1243455239901001,8.966524971025045,0.2478288724754327,0.0582220780263853,0.1838045759477833,-0.2407833638113299,0.9285714285714286
-0.4458055822304623,0.5694124625204159,0.6911794093944164,0.7845655513338279,0.0763946936953359,0.1895080603428092,0.4818259109689489,0.9026620307225524,-0.1511573427909511,0.7294530022712574,-0.3983476064621305,0.7443689666675836,-0.1330540475449211,0.2525705923269273,-0.8302075126097714,0.8978551798466325,0.9929136288374948,0.0186451733500956,0.1850124559815007,0.0598739443793406,0.9187150058574102,0.659418130916361,0.2090849846265793,0.9895593644187284,0.0810547386008317,0.0677733588136926,0.9640726031216312,0.2409196792702792,0.2160451593229403,0.5436147451251597,0.3102751860905045,0.9574601297555748,23.121729675131263,0.245843680761702,0.1045565452162568,0.0562265882601998,-0.3623210372912344,0.8928571428571429
0.5498744000882079,0.8373453718384211,-0.1169176698475462,0.6558885264305058,0.9491622027325866,0.1561063002541515,-0.9283404863960762,0.7371828453461907,0.8407468690208764,0.3153178238391709,-0.414048853391048,0.3834133754048399,0.7999401066072171,0.0118003721323804,0.4735269885255819,0.9317239587985484,0.7719947696725277,0.7412786664114325,0.50394942233141,0.0221734878743138,0.0747991636573081,0.6911291016163714,0.053887541901573,0.507198611138235,0.1919204563776337,0.4006583368192481,0.7096008778558461,0.3058257224776325,0.3594262379806152,0.514023289622861,0.8672609178490908,0.4282880868249102,7.689207751336114,0.0759430792203803,0.0314891651765701,0.0290962025767341,-0.4273491302739802,0.8571428571428572
-0.9033494951532663,0.0153176883953325,0.2038354351283318,0.873678162959257,-0.1806917391255758,0.1054260616655389,-0.7504896065720341,0.644062119132044,0.0412467810378462,0.8063072269474564,0.8453187116270673,0.6279071925188298,-0.291313874513577,0.5088899089329957,-0.0047214552189518,0.6278281635010146,0.8626749158169444,0.3865599905739458,0.5368782004305473,0.8525543105388946,0.4869758798715449,0.7266777834586651,0.62007057199065,0.666562918326414,0.5974621963867769,0.3530092487583677,0.6672788270030428,0.1173142479744397,0.1019284946419905,0.0786555174069824,0.8107920941080676,0.5008164720180878,13.1146608307481,0.2980549149160637,0.1580255552799009,0.1913227025300681,-0.1988729380825907,0.8214285714285714
0.2815436069606933,0.6586176588276651,0.4206100354532112,0.4945007642542464,-0.7388537220730542,0.1036367067190555,-0.4743656209732059,0.5228648491202955,-0.1091902608368948,0.8407822048560896,-0.2606057092448473,0.5552185222453773,-0.2010533946706829,0.431713108941092,0.7837893753030036,0.3614273151130793,0.4698290014169356,0.3996347052357195,0.0812560172788302,0.1973742439559382,0.9590635504828352,0.6766211965684165,0.4371784141384579,0.7446695080958494,0.9086485147145276,0.7873488764269495,0.3356915767673594,0.096473418804822,0.1202902237172736,0.9311729464538454,0.3520614738166038,0.9464816549094682,27.0446060161026,0.1074126995556671,0.1074029080147985,0.0801604110564867,-0.1310434883252397,0.8928571428571429
0.9731004643275428,0.388605089322302,-0.2147310381988441,0.1178777549409784,-0.3256874264042946,0.0666392276403097,-0.4322979053943954,0.4329016904443976,0.0912748355929322,0.1045029378323753,-0.0090484049870513,0.9959858726553974,0.4077096747333388,0.899174384151169,0.3629260836674237,0.1714613038123189,0.4553711707408008,0.1999102830101443,0.6087902743369953,0.0497101458032023,0.601249157838303,0.7806939240932137,0.3679593811649364,0.7226142029223133,0.1423580500644325,0.5475354620308437,0.7828106341902711,0.9629213543178806,0.810484933632623,0.4881579974555103,0.4443123312337808,0.4585141503217523,11.260091315242423,0.0100564686122064,0.0199646304439078,0.0271055886032972,-0.4042427436178759,0.8928571428571429
0.1723598742503618,0.1745638667173675,0.8716716085081464,0.8368939487620222,0.0556970670260708,0.9385432542029614,-0.8812046187109739,0.6460359733899458,0.0281419625087326,0.4790896373519573,-0.4982390556296865,0.5457474780698263,0.4522512452792182,0.7561425753560889,-0.2507022926584101,0.0088815866223248,0.7392293466432514,0.2350514365607457,0.9864725465659588,0.5308019953046594,0.7663286377935761,0.0388121745755324,0.2059282406845479,0.6492088278670831,0.0742684937592635,0.4163170143192145,0.8648027863721733,0.8933227747011007,0.841706151574207,0.3132844422273142,0.8306791097540408,0.3434381232001603,16.824099058401867,0.1490655510886691,0.0668301712232361,0.1040292113044678,-0.3606239961623231,0.9285714285714286
-0.795086646166381,0.5343938176552784,-0.2750822102951329,0.804342473815453,-0.2052423213707479,0.3220264241461592,0.6885546259035031,0.5809581290788953,-0.7595886339355162,0.1130524696129906,-0.8848978116426489,0.0870842269601123,-0.350879589144131,0.463072973450315,-0.7701536048456572,0.6396419369032711,0.9479455410029776,0.7132487604554139,0.6356914702828823,0.2891094514180966,0.917974051840086,0.0246035412207528,0.7506521754061707,0.8771534808946028,0.4435157812920993,0.2983361276853674,0.216510334097819,0.1615050143340785,0.0927763048599028,0.9765936389664824,0.2390138695987057,0.5018166820733084,13.757500235918608,0.0668449924002633,0.001937757443404,0.0406235687368465,-0.3864900643071192,0.8928571428571429
0.2531881819520092,0.6473140711030861,0.0923040891299846,0.4449139054439983,0.1747018306674588,0.3997309706157069,0.7892464102801329,0.769763832730191,0.6761001705492029,0.6221774901082346,-0.8482339115840807,0.1809634637168994,-0.6342548463137028,0.4958474292622531,-0.036902735668743,0.6807665020089765,0.6138775201079298,0.1595022181368526,0.084789476224845,0.9729088058513669,0.580789872589954,0.4472150827620055,0.5030610214157434,0.0770899384833323,0.7040824119092375,0.5058753232171572,0.5737761875822726,0.7252523689776248,0.7953765785431769,0.778982709608647,0.9111104290683756,0.9336409342943076,10.048777163826369,0.1797910591869571,0.124964359343037,0.1344976914186458,-0.2798342673630907,0.8571428571428572
0.3180936843723008,0.4539460504417891,0.9305695245796652,0.7130001349056795,-0.0477811287988778,0.406145750283076,0.0264764076070402,0.7400589934271035,0.7127538616615261,0.6816375749459006,-0.8593337000567891,0.7862174035072529,-0.0486874402781589,0.4335877394792795,0.6209031452842868,0.3560053285046101,0.5030979528427202,0.5432617686166737,0.7045074727960315,0.4317898357296356,0.9933507628812588,0.3918077728179573,0.3556462721388854,0.5386356124318384,0.1963220324492778,0.9140133693279394,0.993975173707817,0.1589993186721344,0.4276464300763999,0.4547545098792281,0.4487496475229804,0.2917779574515896,44.92884481891871,0.3499558178741951,0.2093209296281928,0.2467740026273987,-0.0972685038737159,1.0
-0.4987081857149,0.1248005999881762,-0.8376221038315335,0.6887781254253315,0.470548223563821,0.631448527060513,0.1554576040484805,0.07796752153587,0.3018291232204033,0.0354681573100293,-0.4489285462232408,0.3000822833494077,0.0815876079855955,0.276038885991968,0.5414434884183261,0.758848256557499,0.0768312866043585,0.8279911897711426,0.4144190278287529,0.8846156046713572,0.5312289398941527,0.2033933098461414,0.6121092409969755,0.8097028322853815,0.2777215994406609,0.7433752949924403,0.0221626827986576,0.4801840570417439,0.519717794097251,0.726348394735799,0.4890152173231626,0.5927767502161791,15.644297525390126,0.1661361604767483,0.0763104173720246,0.0887257798724715,-0.3327533985395296,0.9285714285714286
-0.5146149837075522,0.5148529867552586,-0.2113078641152297,0.1755016659658009,0.8826274075470906,0.54321884700946,0.9671568226858192,0.6535299634274344,0.7828175585671266,0.4219667482525193,0.7204702551396012,0.257583196761034,0.9549954733718392,0.2865120051493958,-0.3872960282546072,0.3664041556469833,0.2681974032959388,0.7661737884975114,0.7846934545604576,0.7493836355263673,0.6732838425912788,0.9623530440110992,0.1710789930835589,0.2222161522437695,0.0628648048171122,0.7839010290134412,0.3996823569171576,0.4531404211002813,0.1022701485852786,0.6174690621166993,0.5485509887225171,0.9424962501399174,22.97853063888701,0.5048330459343522,0.2729476344221206,0.1379038722953044,-0.1118208477343718,1.0
0.5930756438337699,0.0276402535237414,0.3694287511817324,0.4760294267811948,-0.399834173807484,0.5087234993569003,0.6885766977274013,0.8770526534246477,0.8828462064483269,0.2590682429713391,0.8078076317139153,0.6931587381990723,-0.4273691100501313,0.172001223663173,0.3213688398897136,0.4202428295126094,0.6222688987436918,0.8189441690593054,0.837676402162408,0.547092047010069,0.6147875836580403,0.5986508840464464,0.8907713838260083,0.4181312821000587,0.1292645638859497,0.8727694822802001,0.4354184956235164,0.5849311417513922,0.1723213445438821,0.5410262010097976,0.4509123801655543,0.0417962766581576,27.07725376768544,0.1266428961269147,0.1319267532921316,0.1044137036075176,-0.1355012582232636,0.8214285714285714
-0.8555685013604968,0.7555647877211974,-0.6625363330197795,0.6499888112857458,0.7557656930102981,0.171460435672159,0.1637948240016082,0.6910495638096746,0.9102476373157768,0.9955808989612592,0.9928178596156808,0.987052914611418,-0.9745792395525964,0.3825800102479151,0.1916413881922491,0.2368808856445651,0.4734946060815189,0.1095057396983599,0.3472352744851139,0.1397451854579988,0.603624396836841,0.1449820332917354,0.2766061109686791,0.031379760704611,0.9623060380144632,0.990988943892576,0.0443410351737576,0.1011316285566845,0.6524261324707025,0.2621318167122828,0.7574403902238663,0.8408535023803864,17.66528949245499,0.4312818613543509,0.5284289578015914,0.0461647666630247,-0.1077173927080708,0.8214285714285714
-0.2249740944545537,0.9151020961534578,-0.9417027002847098,0.5635074519860834,-0.5387598922187449,0.1041088808180802,-0.6555769542851779,0.3749512154775462,-0.4496908839726858,0.4809614608917287,0.7701217622641412,0.8255363697517637,0.847557219947692,0.4527189357507036,0.5889155389114313,0.9569050480921084,0.473482167102788,0.3649273263685429,0.3320132479747518,0.856996863129542,0.4095782746722582,0.9185465332597456,0.067336667329284,0.8094496084926301,0.1882357539063845,0.8671986451342323,0.1109924295319767,0.7240057555083868,0.9671066616529828,0.1305103160623419,0.7835431103715849,0.6226641594110089,22.60816516770396,0.3363436543422317,0.0579023692160002,0.3205197868302403,-0.1070284300937682,1.0
0.4318692165677738,0.1004243050393066,0.1019557209630159,0.5809629006450967,0.7041860342062587,0.6447626074888494,0.4796542565537751,0.6580288685411937,0.6233605350274196,0.9244568542448712,0.9580675755561944,0.0988202119222813,0.2634582572559703,0.3892643267197876,0.7570690463758514,0.7516330975644615,0.1817225051248553,0.9602599642542142,0.6188350867439794,0.3054895253828993,0.347171541899819,0.4262390494199864,0.4169916303199256,0.8395947608348328,0.4565506917015258,0.8958404756332121,0.1704737693807815,0.9198062571252617,0.3017462781540357,0.7069892600309302,0.5086879127350548,0.9763085843632846,62.05700660844848,0.648925796500128,0.3663303102442467,0.3739308190123788,-0.0873800688170107,1.0
0.1403862831500513,0.9900831055539178,0.2236830062803285,0.8498078335553919,-0.6901653050636822,0.5578969087054015,-0.0223612086281546,0.2084263784632637,0.2609003860495673,0.6187349027566459,-0.276701951581445,0.1561020274151003,-0.4907221395060108,0.5589964052939583,-0.5860542125953518,0.8687527829483567,0.3633294114387397,0.57602327051276,0.8112405015425881,0.0012144329931802,0.3637135204977633,0.341635074836611,0.9854316005193888,0.6856787408674593,0.1105443836451223,0.3905091228171063,0.1867300225764351,0.8666315484855588,0.8159938949517019,0.0122477432008351,0.3923292657471434,0.8208394869474043,6.932102915791064,0.1493447495325975,0.1962525454911333,0.1627429835653502,-0.4385631852435069,0.8571428571428572
-0.2996692252663497,0.2367998799114818,-0.5368540050976893,0.226910399095114,0.5661649320851234,0.081982273434484,-0.2302442829576381,0.4654116347017292,-0.6296273628404727,0.0206305215964849,-0.0618733199326604,0.1646213908845525,-0.7570763949522137,0.0106945396227435,-0.976155352605242,0.4366881619780181,0.2463818012575064,0.0177149195981802,0.4753309737922625,0.2273062191289799,0.6168957805416365,0.5722869606657794,0.1416841092489449,0.1643365946965759,0.982719750277638,0.1185662369454757,0.5231219616472061,0.06062340313417,0.2026208236547526,0.0330595282238365,0.8257745932492379,0.0739257186793655,7.030604204631175,0.0001480707675614,0.0003672029730915,3.5212534198913106e-05,-0.4470176814972116,0.8928571428571429
0.9302592411708764,0.1910181725241799,0.6724093150134001,0.9546298030832032,-0.5899741098911471,0.6766540175794306,-0.4294230025486252,0.2235439233161626,0.9416300331356386,0.4316421684115891,-0.9435637486528676,0.4366954887339019,0.9493876145054624,0.6509135908335166,0.419293112647864,0.6030299832065331,0.9625352142714256,0.0099041991074727,0.3949602203184948,0.6816052624757547,0.2221634159047798,0.3841268260538404,0.8953221017389891,0.4202157570837183,0.1555778837688229,0.8192708468953043,0.1316615322256411,0.4490033383882653,0.0409900340344301,0.6506177510033796,0.5539673888240043,0.4358841091370788,26.33127047605484,0.2441389192932402,0.1178388959992121,0.1452438028729449,-0.1234769592158562,0.9285714285714286
0.3109215790462729,0.8718329892107378,-0.2543887649057634,0.1369842048361844,0.2193069203986708,0.1123431811003844,0.0298969134666695,0.8643339847997984,0.230135813892756,0.3750441392433258,0.9616865679612524,0.9366203495230808,0.1969587434945459,0.4644876863141001,-0.7690920209020986,0.7965908472126076,0.6595328817762839,0.9648885396062808,0.991306916639486,0.7090136710306573,0.5334920649904662,0.8667566917806435,0.1740514702458606,0.5449424807580416,0.8478406888387626,0.542772343554842,0.6551615294088005,0.7584519247083729,0.6828734604334326,0.1403007437260341,0.2050513390493996,0.7056217760841521,33.96452016955336,0.2732041560918921,0.1407617933206422,0.1901143717390873,-0.118088505334903,1.0
0.854168888880805,0.4143835141778662,-0.9647172973669148,0.0596000275424687,0.5974729161489227,0.0613749291307189,0.0078940337505011,0.78036861622785,-0.4213780658769985,0.6533014198935497,0.231763024986159,0.7665541885627856,0.9038760515760884,0.8243522575401194,0.604237484998563,0.9140211935265848,0.610983708884735,0.1879417755369253,0.0850225213511242,0.4314998013734248,0.7278431988152454,0.4429401228185319,0.0874991423751282,0.4748323614889072,0.8175026976668979,0.1608097360000517,0.3579298877961772,0.3333842311165368,0.9375585492388157,0.4949012458460348,0.7264209598926074,0.2068606874047666,25.48927371702332,0.3369609587941052,0.2815942357636053,0.4394442801596226,-0.0980575297419153,1.0
-0.0501820126433603,0.5546410528913486,0.8294115973463903,0.6406758764498101,0.0750135704671461,0.592038892660079,0.5706703610449995,0.6982804887551954,-0.5707963644297376,0.9858699248773408,0.1534277715184522,0.8484511208485536,0.6718820265822385,0.157674427817217,-0.930901602449124,0.4847001017106174,0.4852511175478022,0.7585138205286567,0.1857402442349381,0.009572095718181,0.6157138326394751,0.1819499809291451,0.9353680309609718,0.3428824523597445,0.0690271359752208,0.618571346946122,0.1220973510541711,0.2286636331536355,0.2390514235229521,0.7979127924170737,0.9958587414038657,0.8024596538972506,30.62955144398247,0.4939898036629448,0.2186818767167344,0.2575547846793252,-0.0996138497734252,1.0
-0.3843864905324452,0.5779578771750392,-0.4687639291636485,0.8078960514329893,-0.0655655579974792,0.3325198067374114,0.7935051924165137,0.7924119898695275,0.7192273898749051,0.6658137355569159,-0.6290803677731216,0.3899285200718041,-0.5211412662436052,0.7931287877223899,-0.9816317794849116,0.7905476817951573,0.1667763675050825,0.3061419920958926,0.6286784916754126,0.6749145697726233,0.5123965188595846,0.556215195448374,0.5888863209509851,0.6003058073162648,0.1083009539887168,0.301870958131248,0.0204990279237413,0.5668022276384451,0.2945029570402588,0.2421563159441291,0.2744568069724159,0.9412593709117076,14.510225495612293,0.19182153348178,0.0921360445553712,0.0981617513159972,-0.3540427939404811,0.9285714285714286
-0.4709502558139162,0.094845495025998,0.1745994545035103,0.9214850015464916,0.6596908147890885,0.3665520280981087,0.442478771595824,0.7790998007562381,-0.5293740346125808,0.7564937169770944,-0.0723007731792768,0.3415412999111084,0.42311048466191,0.5601300739873901,-0.1836024058581773,0.2600407548088905,0.6518108085544736,0.4947957829326155,0.0833786371933383,0.2716289101508293,0.146310433582358,0.504804287806996,0.6881312302632929,0.2138970784450919,0.5162186269981601,0.8000906579566565,0.1059940372782454,0.7979141789425473,0.3946181802182668,0.1908427806175352,0.5828856905649138,0.0086313441592617,16.28199858379562,0.0477714043074586,0.1076206335165967,0.2087664449188374,-0.1239396390128939,0.9285714285714286
0.2332728834863822,0.0607877302938122,0.7066350803483215,0.3249458018653115,0.5161347657212731,0.0173700873025638,-0.0061606870866861,0.8922924729566443,-0.0414804983641157,0.1585595468950662,0.7423451291741341,0.6730890149999417,-0.3586974584938602,0.4685680599044285,-0.3108276001310683,0.340594713725638,0.182362825802582,0.1393037088093528,0.9358127235946676,0.2936197841855877,0.3583010622805869,0.5829860210480681,0.1162902279032676,0.9836019975008876,0.9288175998791244,0.2690994377462592,0.290313671437519,0.3912417628132599,0.6959111112465582,0.4789903263454705,0.7629759153062,0.9591230328914137,10.954993861145535,0.0915334015663478,0.029440185865419,0.0533064676073123,-0.3689317546077285,0.8928571428571429
-0.7294806772403504,0.9529350500830196,0.3062774692831993,0.5763046511128542,-0.0344565684471929,0.1390166959630647,0.1088004101281314,0.9791046818632728,0.3436761481547352,0.4624083918883744,-0.4970384007684258,0.6515738875471758,0.168666225369207,0.4090076317763645,0.512237619541333,0.5470410156281464,0.0127275857684291,0.8056839639980067,0.1973833834165129,0.4356513849950313,0.9363275863017836,0.1184517458958925,0.6317923163779618,0.8565651995218915,0.24328029664908,0.8454722392515783,0.5764917959470508,0.696830660703999,0.3762992185699872,0.3013482275180439,0.3725846971691714,0.278628414383656,18.806703905875025,0.1757474892185329,0.0849777122567081,0.1018070871691389,-0.1885116930837005,0.9285714285714286
-0.204372505200113,0.1427037460384652,0.4302862786973196,0.8608775207992695,0.074308964479508,0.433588832703365,0.5026184484686569,0.8184375807356499,-0.8915510787552186,0.0661774441998059,-0.7249400606855017,0.3437082482415847,-0.6824049576943838,0.1953642144390325,0.745832479654261,0.350504744077412,0.0550648166705279,0.0667984625804721,0.7788284115777311,0.2268051242328039,0.873806666260821,0.6012083527995163,0.5320864536393631,0.9168255902055148,0.6970905393908453,0.13441328674108,0.1325571902416554,0.9737477815166532,0.8683668712004449,0.4953516406612799,0.3778928872120294,0.1372547476280867,33.43011692641317,0.2011185725256322,0.1695392814961373,0.1149652696944407,-0.1132692982852444,0.8571428571428572
0.3439424105303068,0.2439901136755002,0.2495140064933028,0.7919173561153467,-0.5422054030385546,0.6396872045966803,-0.4166108656221265,0.6507450902117846,0.2069576881268451,0.7575175584673262,0.4969034713471041,0.1019293753800636,0.5338322739763959,0.1498598076248025,0.3828844078884388,0.8960540383422256,0.7390299268586003,0.7171198131513578,0.1246577091219655,0.9297288190367672,0.0629655332927419,0.4583739210166934,0.7820701541618941,0.6755605792283755,0.6693577626322263,0.806153323331718,0.1692016661157452,0.021290557839303,0.0806955626021521,0.3859861103357525,0.3554680568868191,0.1652346878667485,26.90200199897952,0.1546590634773523,0.0992181754073857,0.0718489057410691,-0.1407664544473003,0.9642857142857144
0.0656479978269624,0.1674542032791206,0.0031779210457956,0.8421049708119377,-0.6899310563878536,0.567906841811555,0.6534561834847636,0.7793347712656368,-0.8889537379444339,0.7104216678298083,0.1028549455037568,0.7751607974082704,0.0724253356700852,0.2672629549150762,0.935570754467426,0.2561024418727754,0.1588323036707446,0.9531077570513804,0.9846713451755116,0.665354685602262,0.0560607270496537,0.5581375565169562,0.5223807129639773,0.9480634856708656,0.4799821573253335,0.1656800878439067,0.0293413294435066,0.1653365481853428,0.0445765271890578,0.3225430183611524,0.0583230073823037,0.4918597852706714,24.81331184321349,0.0832427995297415,0.0934804726519016,0.0706896845853491,-0.3213971303724056,0.9285714285714286
0.1259370298386088,0.4136343573557527,-0.6720998670018703,0.1289367168545019,-0.0359606018054992,0.5164968194653042,0.7166995470652553,0.9159061506487676,-0.0787783215100852,0.3611646973431243,0.03099535937282,0.4872694716791871,0.7139257579039173,0.7995147363422389,0.7014261209974557,0.718923140666968,0.2907417588380928,0.3925861040603436,0.3227155820192677,0.0577954396526594,0.9498133403223094,0.4553615372699287,0.3665738994898543,0.9114014858222792,0.3885959426538762,0.4443331497015126,0.2566766174081726,0.4040531235415884,0.70182433799716,0.252593001572118,0.0668032079244194,0.8871126620147254,63.50998001206252,0.5905466497616287,0.2512276873423767,0.2128394253097682,-0.084251168984777,1.0
-0.0211305898382778,0.662853213622331,0.36287982476196,0.1575199566208593,0.9362160505962632,0.4524199613910593,-0.3285604026503324,0.1222058823431101,-0.4215243050501462,0.224239902905917,-0.1326418929218822,0.9791218319494068,0.2888730931434777,0.0299157832601819,0.313031864531885,0.9275347001883508,0.4167437462503033,0.316202916091569,0.7737365186816918,0.413156465589145,0.2347225945509006,0.2737886335375546,0.6300637337442315,0.2564075231241941,0.373988966253032,0.6420620715540972,0.8278977293260622,0.5116058032260571,0.3847500900084393,0.4291559268714007,0.1317414743258061,0.0898153772209894,7.094311206711023,0.0144459421855209,0.0095434092033251,0.0025169894776378,-0.4499704646263618,0.7142857142857143
0.7214410879480762,0.1817539650120393,0.9435422617550492,0.5317906455677622,0.0708296730015345,0.941707836606849,0.2164477419377752,0.4286446129979037,-0.5230435450262996,0.1934387095331293,0.8367990795732225,0.123899267228886,-0.939407877004388,0.7694240428532947,0.0315231809788794,0.2156868809250033,0.1301782009905722,0.2218249198434124,0.7823676084722343,0.9731899487314302,0.1289363153160136,0.8134691888779721,0.2501914442668403,0.3789534486816137,0.9497069845010996,0.1767377753849661,0.2424455231080191,0.5018899455795132,0.8402325136895203,0.8125988646801641,0.2971392236542144,0.4147993385302806,19.785380010494688,0.0326965974784028,0.0616986856291787,0.1726921820946866,-0.1610604208532845,0.8571428571428572
-0.2530574307329414,0.355316327089781,-0.6488942465071537,0.7100037424357052,0.2577257502885139,0.9224094929845092,-0.7951047900615251,0.4636628419158579,-0.0713137697037442,0.6911393096989199,0.3057741306228261,0.984037771371728,0.0343928187499178,0.788965709714349,-0.714774502803641,0.6590563162778749,0.2985739846693906,0.6138653131917253,0.0622071382951918,0.7013703852786005,0.1020886625091554,0.3334843139062309,0.6810635806748172,0.7450862130561696,0.37016232599476,0.7752834275142928,0.8586421931237201,0.0512743178030025,0.0345014201943905,0.9002124109174504,0.5484625235537662,0.3561508119442033,7.325063184486563,0.2594873261306086,0.1102551630259109,0.1565708946585454,-0.3697982509664182,0.8571428571428572
-0.6372929918073216,0.3913848545325979,-0.7154826080615586,0.3669618261643491,-0.5071443707179368,0.0088094781489596,-0.6853971237456311,0.981658964587242,-0.1992674061016519,0.1362491931971605,0.1128603295435917,0.4067786962336133,0.4490336386639915,0.1682367086522632,0.8579456003400705,0.1031628933470074,0.3848356194366653,0.3089221554664183,0.2958304436001076,0.3967242403074926,0.6351003205764854,0.7163437789900798,0.9262207171922836,0.3842425844103537,0.5101954070934,0.1312915451606561,0.8630660668767526,0.3374297394843706,0.8141169654479419,0.8678675231842797,0.5080608494944495,0.0403471687271256,7.396963209279041,0.107219502730621,0.1153341174336232,0.0553257652227855,-0.3812576505616824,0.9285714285714286
0.3342099331036905,0.2173328865458283,0.7068811077136212,0.2592657429769197,0.498919973665515,0.0536815817320269,0.1452262376639168,0.4259591974648564,-0.7450183471382321,0.921710185626215,-0.066140766627128,0.7398526524966321,-0.6230028509631869,0.3172086143097122,0.7607911250339889,0.5196327988765751,0.966473536627798,0.683429670596638,0.9825263245445096,0.346484132376012,0.5194097189062685,0.9060790880470352,0.0480511196421813,0.5411036986016742,0.017201613028424,0.2374572852415647,0.4218399208268593,0.2492680659212791,0.0732689710051582,0.07822573049364,0.6682879075902683,0.8696851780492728,13.867751480726827,0.1993800950737373,0.0910557103370223,0.1245410588448227,-0.2371016370912207,0.8214285714285714
0.0570116080732083,0.8693547935424916,0.7753703572100423,0.4991695181922168,0.3944359013193765,0.8402282525561852,-0.7449911470530979,0.053140688828399,-0.544462148291732,0.6028323099259568,-0.6085388659327415,0.4414702424292309,-0.8571201500700316,0.472535705605501,0.0483153982388901,0.2186890774493149,0.9724997829552194,0.8466119018662963,0.5707789853508342,0.1088503948117768,0.9733405363288284,0.0944324390160773,0.0791855145816373,0.1669319924377028,0.8465882165277275,0.9177832332634128,0.40862989734161,0.9229567352822292,0.591563871930575,0.6311788813552198,0.0154900375102309,0.3231343056055091,14.935055198939738,0.2938195522578078,0.2360012800339686,0.3886902716953436,-0.1144249911722319,0.8928571428571429
0.2095503954722111,0.1778463960872408,-0.6785281786235022,0.0260166706661552,0.1948940771769121,0.2214409864580131,0.5106524844372822,0.7483712318127801,0.4575752926446015,0.7834213427373212,-0.1006826388169426,0.4242410029495068,-0.0389259905221508,0.6358165715808236,-0.0147528842486353,0.8788276361790234,0.4120564732877331,0.6920709985089206,0.8071192883309006,0.9768403532584796,0.3365886526790859,0.5256323489292728,0.6795077338727901,0.8279959756802802,0.2143836681916436,0.7338322413922187,0.0115943931196259,0.9226563898164424,0.7376106768569862,0.1696504010610015,0.5557914803975255,0.5680606444834826,22.93458620756629,0.2065784392426223,0.0829669069429665,0.1472307428232186,-0.1949723909668314,0.8214285714285714
-0.1266597197196173,0.0125505118374467,-0.7345726481295738,0.8052076449179636,0.9063642456312968,0.4485263851438962,-0.6759503240167111,0.4653558074748329,0.8296167176656635,0.4147512308218861,0.8450555427957565,0.1023948178128888,0.6015814498096221,0.0867537870594703,0.0790912048747016,0.3905238066723372,0.0771764403236934,0.82425348465459,0.7098327097716578,0.4632726952770511,0.2313176805858244,0.253878748212658,0.104120435979332,0.9793672295690458,0.1780321200154233,0.1761069222757603,0.7010865084233548,0.6645108838684763,0.6675404867443541,0.3638012419237533,0.1001909007331129,0.3536876255880595,21.095153192617254,0.0974448586885997,0.0499664071301309,0.2059146845150471,-0.1385898758167943,0.9285714285714286
0.4166205638125706,0.8174115096013247,-0.6831805151731998,0.0382584258347363,0.2687845609938775,0.7065048121687322,0.7899723660373841,0.7292295179513729,0.9368671973597408,0.9582720752707058,0.7036373372956526,0.5982399271363804,-0.3572428973059582,0.5920618452602439,0.3860002241339837,0.1483124630814928,0.1348807451928811,0.1316114972542861,0.6486628778799961,0.5953830291345347,0.8655772783865087,0.4250495747309638,0.7397748888636019,0.6907853932820802,0.452817290518491,0.0338401843066522,0.7127775463795571,0.6886917253232369,0.3367772420291437,0.0712404201042882,0.1681680079882864,0.5114265838200659,55.522272344476974,0.7809385905684507,0.5367406254551174,0.499851407218474,-0.0884986549958823,1.0
0.059959658578949,0.1473685219264711,0.0924052387990226,0.4222987707347873,0.5762044765478036,0.7159479582564489,0.8693001853170448,0.4634885664065176,-0.4365083806428407,0.6243183835817047,-0.580232559179652,0.6670181226619404,0.7473615892158769,0.1789950087405207,0.6384837768793001,0.1741499810207822,0.9238962655732472,0.1363927352576489,0.6836128746354353,0.9960571930944944,0.0917083638510951,0.7629073472346498,0.2794428196223688,0.1750829778098136,0.9400810824656468,0.5815146815497886,0.2313794893601135,0.4605046887444702,0.0976132302961528,0.0373697814749369,0.5585124373841257,0.9192910259983008,17.73918559222363,0.062048293542645,0.4289570159418258,0.1594811716118603,-0.1012780183425922,0.9285714285714286
-0.3413057633899128,0.1240862024246726,-0.2197104478053224,0.9601272703077712,0.5784538130769368,0.4500246953678475,-0.0728101996369718,0.2855827694568411,-0.5313744046897269,0.30878570657059,0.1123273881978497,0.9802494760906854,-0.3870736252360018,0.728743223802666,0.6610936864325379,0.3243941309204488,0.7716275588733786,0.0617787141301441,0.9772235595025196,0.5917483878721611,0.2795970135754237,0.5009338747090303,0.4802436850441662,0.6102542056752014,0.6922965020906114,0.588157003991021,0.8500529578523307,0.0998546869701667,0.7546120412281941,0.0417289782918937,0.9007608914769276,0.0427603887609548,7.062449946814782,0.086126733997662,0.0073011461527936,0.0532562877079649,-0.4125960686318023,0.8928571428571429
-0.9540364209280334,0.45729374646291,-0.3218235998518246,0.8688089169386969,0.2960970237827336,0.0302964700730099,0.334519617928239,0.7883913634118541,-0.996246337367274,0.6177054931478302,0.7050553055420206,0.2404159678713738,-0.243751660198491,0.615856701682577,-0.798678037533846,0.7331416162090001,3.0711854590581567e-06,0.1601208290585839,0.4126926727021779,0.3920523872420186,0.4073845160515063,0.2960322537849446,0.6993080990080802,0.4513737829037714,0.430441038903098,0.1836560650644397,0.0530895504295673,0.3691609985890157,0.2076557299937004,0.0634005420297658,0.7008226775650341,0.185478486098739,8.375510047097011,0.0239395302011131,0.0158570804536553,0.0150265829268662,-0.4312657231365774,0.9642857142857144
-0.9694047454002264,0.8986387905231641,0.5231377034404692,0.3338808458365658,-0.25026206213722,0.9342364559364154,0.4854295730996398,0.58125944163601,0.9544649421930572,0.2566596714127083,0.9257897829560856,0.4937795125540863,-0.9949383827876654,0.9994457354767422,0.5919045862421728,0.7733126741068835,0.7988001037463632,0.4395518130041261,0.3393173347921864,0.3124136578659446,0.8967883459585531,0.2070442247952563,0.5294092886649584,0.0515197493764689,0.0117886466657737,0.6062523122100298,0.581877706035559,0.62158374267028,0.4973702296373606,0.2185437453557235,0.976825332286929,0.154819435599034,31.473866857505207,0.2664506438117691,0.1850533681483966,0.1993101774354172,-0.1177680250905526,0.9642857142857144
0.8556466820751276,0.8912657864108845,0.0449652762478949,0.6531627810374653,0.3020185095527703,0.7219164052562047,0.698718081185036,0.5577049246267517,-0.5024973691580046,0.0248889571530859,-0.8619940735235321,0.233628387359315,0.7947724093892996,0.020547401045327,-0.8568568767941109,0.3074926133209661,0.0956431042700572,0.1194779940050779,0.3918161272984489,0.1715988424983076,0.2337558135564649,0.9528510203379014,0.3241135347858402,0.0322895754650058,0.8344384778854939,0.8006107045407475,0.902462044677544,0.9737476562669606,0.5619184694937606,0.8305843633502553,0.1660531178083536,0.03862632286747,13.632246914012622,0.1538454438066656,0.2630711063213298,0.1740953793933105,-0.1424055554558973,0.8571428571428572
0.2530038557612621,0.3050421894716048,0.9243367460456242,0.6328009179150897,-0.647734187011221,0.6952288244766879,0.6550866644024542,0.6665508585715326,-0.9023138590041232,0.0803740262057388,-0.0766506105102082,0.1101079423817041,-0.6638093497255979,0.7862348120767136,-0.6893590098693774,0.652289188868864,0.7877023924090732,0.1552440851016889,0.5329862857379247,0.5794310328279716,0.768001681538352,0.5563926477627626,0.3385188419580868,0.6903412722519271,0.4642925570070388,0.903394804227384,0.0861145418739125,0.817982663477312,0.1746643423168388,0.1519378852825765,0.4959078628414834,0.205346990397769,33.567432025205186,0.3119977041786401,0.073703580285932,0.2098810761970237,-0.1146214956886577,0.9285714285714286
-0.4570177734801088,0.5419065944744416,0.4162606874540204,0.958595711147743,-0.2618426626154975,0.5327915951705398,-0.2505554106105863,0.5500903186325748,0.6830199055618982,0.9928062363216612,0.8570814910534756,0.9383085490615656,-0.891220563811497,0.2413006512039086,0.8920340765929551,0.5628688113018914,0.1447411064167936,0.6212680126015702,0.9354403775856178,0.2312457216821336,0.3533403768585191,0.1730172681225742,0.9770270434693455,0.2039190699946996,0.2584994584150549,0.0790412151698293,0.1014505077722205,0.0158700998640359,0.0039769124244067,0.5274194798699328,0.2977381864993427,0.367737424525461,12.139880204672489,0.4642529693387604,0.0898688215323352,0.0802635066534107,-0.2302881152095215,0.9285714285714286
-0.6708440038599959,0.1205119208380797,0.4280983679034005,0.1861029412229201,0.5841980549347996,0.1734474945589389,0.968530518896466,0.1105730219542934,-0.0649933924307351,0.8583845270227206,0.6418650004427935,0.7846961691214652,0.4100325657967223,0.9287593773883348,-0.626890138043031,0.8507520043297495,0.931692778444777,0.0966963335688401,0.6021569197652334,0.8702865364102408,0.8728157583473353,0.9856454372200056,0.2739504600548482,0.7073023152105121,0.3218236794175277,0.3348211490015116,0.8954803582792581,0.2310615625838831,0.3251896679513034,0.8382331908702332,0.634248267010477,0.5450769742067542,21.35290811136716,0.1860785625067393,0.1709229479508437,0.2562221202380637,-0.1115874970340858,0.8928571428571429
0.8668462102283807,0.6250417548543782,-0.0462352560516194,0.3284378925199754,-0.9601489522110926,0.9925624160719,-0.8940807269320694,0.4196195557487565,0.2882555198458367,0.3388741023929094,0.9844331689462852,0.332762145017131,-0.6586304710834825,0.2041954632668918,-0.7277704535402136,0.6243970865271565,0.275681984177263,0.2633767236650259,0.2121861293943127,0.1677526766465822,0.2884544100389384,0.123049537167327,0.1957326410946077,0.5057042795923862,0.5608168729975412,0.7573216659458638,0.3445292546524447,0.4225092205720113,0.3828404686383068,0.1439496370413037,0.8551126266089538,0.6744926892037315,27.01450147812367,0.2611379927981297,0.2863344258054149,0.110670329064338,-0.1170321311831223,0.9642857142857144
-0.1558439817185741,0.0101889072966775,0.7721829299868352,0.2247778563669275,0.5691416171885679,0.0415872425174758,0.777708280052154,0.7847699959766122,0.4545434983048741,0.9114765967811328,0.8230570409507549,0.4823058310451701,0.2427928831407608,0.5643307329403722,0.8010354014408545,0.2153825393435939,0.1672121768524187,0.0733244271323573,0.9203141746506716,0.7958742496875265,0.2548460786572137,0.5809238419225319,0.7737163111509521,0.6721672074400982,0.82667182341879,0.8285742524984797,0.3169472539591661,0.3852894892551656,0.152922966382313,0.1179831109826587,0.475827847308917,0.0738130842028647,35.28365646769806,0.831944669174273,0.5313620058161435,0.2632524501350661,-0.088728192891112,1.0
-0.7134988118482164,0.4881702684327138,0.3110797072178797,0.3531024733629494,-0.2199069065966472,0.4199425830057293,0.6510547565716462,0.7797057841786252,-0.6914780503314666,0.6942757988085085,0.5593444176820244,0.4373189570319189,0.8392980932266261,0.1068390786348461,-0.7119062633555329,0.2895175894205256,0.2836918144817844,0.9803666277055274,0.2338827686214087,0.066832198107396,0.8179691987791714,0.8190877278561878,0.9919312171192994,0.9989481582635684,0.313833768244718,0.4800779075472771,0.3972608218884754,0.0240039075062806,0.1890784934228141,0.0607559519551107,0.7839248802669919,0.1804723594412209,27.826599017614544,0.1569288972944078,0.0663798376250488,0.0775899121518126,-0.2868677210823457,0.8928571428571429
0.0849563039383127,0.1228739958260525,0.6277249982218376,0.4301503567515949,-0.3996967221211778,0.1000947753377815,-0.1575964760311672,0.0342874157780114,-0.4928724478445636,0.2697752315417679,-0.0850951011061076,0.9639475013529638,0.5505931606236689,0.7842918685129451,0.4605664831515561,0.0664206301616414,0.2677640189559351,0.2724310077201892,0.1707657131440407,0.1544625421377803,0.3821963671064987,0.2893073311927544,0.5048132058097181,0.2313722151880429,0.2812117290200299,0.9554782723076908,0.765819643439013,0.2135854059989744,0.2174790697097862,0.8121077927702937,0.9428855047287554,0.2353286606836413,10.09249321773474,0.0566398354630349,0.0151581422319979,0.0097400275504437,-0.40393912844622,0.8928571428571429
0.8961938485331449,0.5646115109341737,0.6882494277491575,0.2928361637092131,0.3978495250548006,0.0050920752701724,-0.2402869033751342,0.8178126142020636,0.3552372082185544,0.2536416315230767,0.9687898235355,0.9116077097979016,-0.985006310232581,0.1057671946023437,0.6748479920925585,0.7662967324091492,0.3268487485883014,0.2808708486674763,0.999555962257325,0.0394258982060613,0.4785415642191676,0.6166869016864369,0.341160281812271,0.5580926294528947,0.6421938467813749,0.4174594587293292,0.8345075273114626,0.5289200332417499,0.7626421344295186,0.1771026633263859,0.6513168658081823,0.1087726802757866,34.095627068045445,0.2489886112566671,0.1937980987114841,0.2772467982751597,-0.106739568502484,1.0
-0.9359514460192104,0.7848539683386053,0.8257887475974675,0.9940516343942524,-0.5571868645735327,0.3262339970986883,-0.1279820182730875,0.5204562016802612,-0.2495682802937768,0.3183034762269187,0.0039840327773268,0.5533092733405789,0.7289957556590743,0.5234871121921018,0.7536899000390154,0.0344543194505649,0.636167518729411,0.3487616863022786,0.1456900705275494,0.5505761023859171,0.4498225924919452,0.1104757137670211,0.3555886251944593,0.4921299782270799,0.0248110317847839,0.2412043720756286,0.6857471395084292,0.3389836666762522,0.0200251984434519,0.2409855791244946,0.1291367619485299,0.46856802862652,8.997119426003213,0.0596005709395453,0.0249649028442558,0.010676531106383,-0.3631056655402011,0.9642857142857144
0.0434144341554589,0.9999746774617344,-0.1169108278484245,0.5553855090863862,0.1794234841261781,0.8844663301939224,0.6598260148719681,0.5991749944208831,-0.7273324467734792,0.229657029176316,0.3456420332604548,0.8359131396646998,-0.0430822966073096,0.9081020613048914,-0.6354006209514862,0.6218560110126761,0.6619758852137873,0.7243728774497756,0.6747766290222234,0.0790525129088521,0.88891124542389,0.1674970843227299,0.1617924845682654,0.0069609614748791,0.9483347686779774,0.40987519802734,0.5734051872545096,0.2396701055780877,0.0338268371082005,0.7131473715971429,0.1533819482920404,0.1517142345231441,7.389626711009494,0.371285939318546,0.0698390117937985,0.0904337324605584,-0.3246094307451907,0.8928571428571429
0.9487167493911856,0.6957883152298943,0.4044068330784089,0.7804363324094643,0.9764520313891852,0.3478426759794926,0.9651877824682856,0.4706842600058196,0.2268092634327914,0.7884971309780598,0.7660039867211479,0.707158316534914,0.1672900351471555,0.2799484576420649,-0.176188442829251,0.8840547704827069,0.3192627131011896,0.3510578910083314,0.6773190669067284,0.9561673776224476,0.8736001544095763,0.8338489227448245,0.9898901666412738,0.0547820309543443,0.1020000050179409,0.7360391436811633,0.1570507211884054,0.5591567247673198,0.0429108944920311,0.1473731791122013,0.2205404995475537,0.0650359788429852,62.229717215978944,0.4879299479473606,0.4886168972828076,0.3882199602589906,-0.0941974467990867,1.0
0.1989204175591301,0.3705056019921735,0.7562306157657506,0.445442514625073,0.4994757525469508,0.3933858495276454,-0.8029468560824371,0.0453527853479251,0.2345797077887932,0.0240491463625409,0.9545963970116962,0.420051044944194,0.400888984499639,0.051079121438327,0.2275380304012242,0.2990746045621322,0.7597463459036345,0.7554778856726952,0.5783758267174259,0.0746227026041825,0.9122015887271384,0.1450725210940873,0.1257623242312232,0.2620401494979809,0.0063830557455779,0.8798633362009203,0.6139582963529021,0.9147377746117598,0.968562411449092,0.6010403493346593,0.5308987365184952,0.4201965029594368,14.227209776083344,0.2033434043176943,0.1636276029219728,0.1704457464701237,-0.3389485145097644,0.75
0.6546856137641759,0.3441057313203236,0.9018114645335392,0.2694061624449546,-0.6967511685618304,0.5413144073458753,0.5200162626048097,0.4039980755259711,-0.6547353220524361,0.8471836738690285,-0.2238601293167745,0.3050328051357379,0.7726848603587761,0.2748159003913809,0.1724240291394621,0.5997864775923919,0.2812831148843987,0.5668282380300222,0.0220839077230063,0.094516621012195,0.2467166470974719,0.5491871247355723,0.2378025547367179,0.7802784023956595,0.1126738593321237,0.6475315962009107,0.5943482176018984,0.1775890323710631,0.2771131290049045,0.5659897878467149,0.60527671643078,0.7235411739036273,16.90797111553834,0.2722430431829029,0.1641635332149191,0.0566598208988048,-0.1372352574863093,0.8928571428571429
0.1529706208648922,0.1889857095771427,-0.6112889095171075,0.6617546232709357,0.8153338943316255,0.4569454232373949,-0.6383664293066023,0.573413254753617,0.3594068736085478,0.2797978617973183,0.9776517455302268,0.9267992575124236,-0.2914642332885837,0.2842214660994524,-0.7355281335244868,0.1840976082542345,0.540625053816496,0.8695343038378907,0.6764698372109877,0.2081263505847592,0.4369293585352558,0.0417154474825329,0.4620152749183861,0.0492568490520183,0.0720408582713186,0.3754450432058774,0.1577464667872441,0.6888659407332668,0.9427547815059204,0.1789766644129385,0.0107410933058116,0.6383837262092529,34.553785246544265,0.0242193228974297,0.1222869761178975,0.0617223117658978,-0.1347256090125224,1.0
-0.216379762719848,0.1288356001878885,-0.3199293440723143,0.7027224663543583,0.8171520224182398,0.349472913102827,-0.2661521556812991,0.6595808778273556,0.697531470603965,0.2609534319168508,0.8853771316526802,0.0559379516814255,0.5962312256261804,0.1619799660801414,0.0295740710065604,0.2078965603861245,0.72277957994216,0.1724758646451563,0.5095107322934934,0.1318201530060634,0.2275349222630022,0.3377494610654215,0.4970126168195299,0.43273940970013,0.8252784413846547,0.1672044481086319,0.6204086810397034,0.0139427415032399,0.4766660128097387,0.500115829341984,0.8315407607231362,0.3168688532639322,8.691995050221452,0.1934222712222887,0.0633466276603021,0.1096091468930225,-0.2808179907138867,0.8571428571428572
0.9252864742597152,0.7390634826618192,0.9995353666287968,0.74081306842681,-0.2730484940429172,0.6875596887193484,0.3752067390096532,0.5688185551274618,0.4977092817327802,0.4601203617203833,0.4262615299327548,0.8749979681605234,0.8571296657611809,0.6051639463353878,0.7086199887973064,0.322078995417524,0.3976172482542046,0.9028287475217504,0.1329271097091126,0.9065138814216682,0.1155354441292498,0.3771813961428744,0.5784807887797819,0.4699699103794407,0.0393647060747864,0.449916957766866,0.500650161378728,0.951814961946022,0.5954952949203243,0.3248967096312771,0.5919837481520265,0.7110588205405323,55.825273537447536,0.6777813072200591,0.5159999087104286,0.4308751540138147,-0.0959043729537868,1.0
0.8448844452373792,0.2521121498182231,0.8546709280092326,0.9918980913512476,0.5477567848971661,0.2766727654026236,-0.1193616279826226,0.6892221447753366,-0.7104433547334834,0.6185626210961309,0.6152111056640994,0.4811691189638429,0.5439912237787246,0.0378043799102316,0.4795907860800612,0.9449266443050792,0.1586070607199554,0.3164356094347799,0.9539689679595592,0.7383197236504965,0.8386300665648371,0.0803328268003631,0.2049040664841862,0.5576701442048808,0.5018443266973517,0.3736511109355866,0.2753059534751052,0.325039427979339,0.6653855860512597,0.1756656793796892,0.9743328252705276,0.7763447075689685,23.78424087518545,0.1000187347021588,0.1524264319589912,0.1827232515649065,-0.1418666070807448,0.9285714285714286
0.2581524730003215,0.0319764547351103,0.9993283280819896,0.8703258798306196,0.2516188998965092,0.9900347833030804,0.4595787416112344,0.5978279620523222,-0.5993048577300963,0.3010913819730798,-0.3870671968053489,0.1813032797117526,0.3944073807738639,0.6169045626312473,0.4860030454770665,0.9922321285895256,0.0780126028486399,0.678614483220478,0.7108943485337869,0.2054548464164484,0.6384819126911163,0.3774374879283536,0.1542937854527576,0.941180001393655,0.4022653770688985,0.8539942347964747,0.688943922784871,0.0978193530312518,0.9307441198077548,0.7841231770958235,0.9210562407738364,0.8465527213689321,62.75172482787057,0.6808430604849488,0.2875115928000423,0.3210910354186078,-0.0853168039884949,1.0
0.8358973441245716,0.9749472990750444,0.2933516257462176,0.8047681099113546,-0.4807541320983559,0.203637790272847,-0.0061588156845773,0.8071353360389422,-0.0900121941469285,0.0127701736486851,0.1437774624975905,0.7376119804635318,0.530054588137747,0.1374382623505095,0.1368195468330548,0.9963610814413444,0.2021775023771478,0.9865919809864636,0.6267281486861129,0.0382482582350987,0.8851233473096831,0.866197762248058,0.5715336298849163,0.679780256017652,0.1921066455271761,0.5757727389069419,0.2226024244553115,0.9455735274737488,0.0200437934892704,0.009351058525567,0.7026275143484605,0.9500080767316142,14.321358291182934,0.1095950475837195,0.1973155935286977,0.1981852596855458,-0.1915395243253441,0.9285714285714286
0.701581197223361,0.8290373892400039,0.7811772477282077,0.728642574726614,0.1076347189030406,0.5727305216783178,0.6882005746753332,0.4216097844877621,-0.8009359453494003,0.7121854697454416,-0.2868411199028597,0.8981809335114852,-0.5613305828567794,0.6962637775734777,-0.0218924385809657,0.9953042906865016,0.9931557288080336,0.0593888027792427,0.4459849896471921,0.7857250177080782,0.1653002149328434,0.5730827902624923,0.4968674581463271,0.160762338382815,0.1890382763049198,0.2316920689233336,0.6401991005569636,0.2512786622031149,0.6931391584983752,0.6597624778245539,0.9901395336951851,0.0541718676254123,65.72083119939417,0.6720271622400199,0.2461334673366141,0.2817490600024845,-0.086554416731077,1.0
0.8837306932570503,0.71321895675822,0.8417342611373746,0.1878274891285469,0.754101039135501,0.7981409788950072,0.2798798756397296,0.035531171239184,0.574656280842095,0.0020331125343271,0.5952439557346212,0.5336187107679552,-0.85684119399697,0.7415420010604108,-0.8419933648171598,0.7236959929935883,0.2334186826122473,0.9275880449340732,0.0483939053351248,0.087757069279058,0.0519547704521738,0.326508945343186,0.8661116994832457,0.9977748216018446,0.8821032706008066,0.5702534439933364,0.1200514166213383,0.1556792388201541,0.920988578541838,0.8219006673167125,0.6212640356846386,0.21304481665881,12.052496202547182,0.1035596424062905,0.2303438013282088,0.0203622883105337,-0.1754963784997888,0.8214285714285714
0.4755729438635139,0.143083279789927,0.8349481501639429,0.2613248231852569,-0.7987372315572288,0.478489997548567,0.5117577828169952,0.1340488215497469,0.3027735254226638,0.1974405046950728,0.9311494689401756,0.757553722869126,-0.6371301029915526,0.2355362335266031,-0.1529443877601357,0.5537367060831049,0.6801240127847796,0.9015974428878506,0.6783467632555594,0.25145631064302,0.0602171555248587,0.7831718844753461,0.4502032120201813,0.3035324493122029,0.7370527361239242,0.011606445196604,0.515546873310023,0.2624705347739462,0.0636899681335997,0.4454630612111502,0.9845137295118094,0.3893583346783829,25.75808712163663,0.353162680487212,0.1050330472411947,0.1380856496253242,-0.1741476617920069,1.0
-0.5523204203194967,0.8801384648788868,0.7043052804806424,0.656086603014871,-0.9306944375590958,0.5306098198936848,-0.394133778402282,0.3894161178285981,0.5031616903318912,0.2512331443787877,0.8401323019172025,0.8983189592666676,0.0090951237891947,0.9852953234338416,-0.1633928318943291,0.2502768366867045,0.8817587684343732,0.2536135348526416,0.5943078825884398,0.2611487624423328,0.15322488050409,0.943850801765707,0.109749780784322,0.5243739158536442,0.537298329794309,0.3553324063124686,0.4763796663888067,0.6542081588195575,0.0485109265993553,0.1027240202441697,0.4069018515950955,0.9400933127008196,24.81913618677588,0.3998684194936628,0.1349284053855269,0.2422060109066658,-0.1129031400874384,0.9285714285714286
-0.9006821060232828,0.7061637274373277,0.0553294689897718,0.8158883950948147,0.7270473087548979,0.7525635544241283,0.5885030976640866,0.9029074015144244,0.8278543197474291,0.8201306752374626,0.7918205827293858,0.3481500863310368,0.9930037658737882,0.893033796561665,0.6257308819173262,0.8493312547502089,0.7464203182296857,0.574259879404607,0.5180927188838393,0.9311741353278497,0.2868493669877876,0.6448342600520215,0.933979215570715,0.2655042715537561,0.1567637448549373,0.3105712827499252,0.4419040752802782,0.5075438740455,0.2332818153044766,0.241883325110162,0.1465078696348057,0.4707861130546141,50.8821322647898,0.4835032482990793,0.4881138653461163,0.5709640537349582,-0.0937537634035442,1.0
0.765395901065316,0.6879956798304914,-0.8857614091585218,0.2696098788535909,0.2146500653712355,0.2216982445700017,0.989688941286222,0.0488885251676763,0.7999076690448312,0.9362163823922148,-0.230321397192988,0.3639506710434143,0.152319313899071,0.2482174564210509,0.9884233155174028,0.6451423745907183,0.5153037213270387,0.2666577097136408,0.5818489710637982,0.6079957030615148,0.7311567113770581,0.7271943767609923,0.7322334034218412,0.0861801000966765,0.4798511510119492,0.390834193644601,0.7925598550775137,0.2250766659805725,0.3179845008530704,0.280177292771512,0.3157602916323028,0.9376273695311186,37.02729447888829,0.0949726314323139,0.0626153845768446,0.051365458139288,-0.2518098000202647,0.9285714285714286
-0.4601425935354806,0.4397381563017458,-0.2939280521148004,0.4263938019969938,0.6732249924558553,0.6933166049213264,0.4482816971250476,0.8894393636454426,0.1579612550421087,0.0946167627939457,0.1002250871578704,0.692087636170348,-0.9544960014323872,0.2708813414879301,0.7333487630962574,0.553748880859956,0.2204710928999796,0.3176644681209633,0.5092975397084651,0.8839528240561879,0.052887126234239,0.4982930735752221,0.2026934593837229,0.1360834974428513,0.0303571045423668,0.5135288059372425,0.3921399036102713,0.8398196281744786,0.0995178258083305,0.1478912522824215,0.2287358416375438,0.4803351753101692,15.911011693243582,0.1235239458731455,0.2313357813768314,0.1161968370391681,-0.1271327390963546,0.9285714285714286
-0.2039569647845127,0.5618280904463787,0.5229134807533249,0.8481261012159376,0.2303124146735884,0.7190922881929022,0.5979499141368951,0.6262158773641807,0.863732680446953,0.6304413130528413,0.9098814620103712,0.4830571072868739,-0.5126149539201863,0.8650705707464156,-0.185576082409316,0.3777406451130144,0.5424598666691824,0.6414785427514369,0.4865313559793301,0.7368607445054591,0.4440156949967804,0.8309804076934078,0.2212590646499643,0.2006422347523236,0.9369626268285184,0.334961418483241,0.2699763248333928,0.4383762356147839,0.0071882540033774,0.1667581925081371,0.2707649979236699,0.9568659833698204,43.45377679291057,0.7693704629476369,0.4585125088926518,0.3704619988360434,-0.0910214292159195,1.0
-0.956189428091056,0.6781111725522931,0.1323317379782269,0.7678934908573972,0.2256496212895051,0.2007541516680794,0.9021523384732693,0.3618767207529347,0.8375059044721183,0.2073489245591471,0.4520871323108899,0.7441598212524747,-0.955417646604778,0.5966053534791359,-0.5401915515663398,0.1990552491920579,0.3776376303145952,0.5164837117654064,0.6687243886708294,0.4294268679826958,0.6747424103078833,0.9614356381023283,0.6488730078868425,0.5495914329367304,0.3201288599888841,0.9036773640013224,0.731077067112111,0.1140859310055129,0.8406501564461831,0.7257117430190757,0.7202260735475932,0.8781104885996774,23.71380898271359,0.2132597051611792,0.1712248331327698,0.1493974795434251,-0.1649717245573047,0.9642857142857144
-0.2705019070454444,0.1361055467122575,0.9059135872896786,0.9211301411984896,0.2421700672052578,0.323151964980247,-0.5566939910465236,0.5543487287466572,-0.0221048235969003,0.8636982031126401,0.8786014519616436,0.8712570689265636,0.6264283086445863,0.6571457532635211,0.5859836683750121,0.7750169812894608,0.5964756846166994,0.0866074473145298,0.2454379307064838,0.7752098517943186,0.9588050740472988,0.3403713787102255,0.590509340484823,0.3545247498201666,0.2833331989114526,0.4844598877761522,0.6476039272530711,0.014954726714477,0.6864653273063885,0.8043478928295107,0.270535158718924,0.1161786933997521,18.507290658953497,0.3787392433749318,0.5188581992648006,0.3751250057964363,-0.1002197010678595,0.8928571428571429
-0.3860865361980456,0.0901710258144951,-0.5795160781554223,0.6759613066088693,0.3562748566772507,0.7336747279001455,0.9834874382059586,0.3024999663385159,0.7109975448599475,0.5308025800749883,0.713297565077287,0.4566710314729841,0.6412949604023104,0.2775591651797723,0.943343170711187,0.5972624221152908,0.0743778435336103,0.8038782695580455,0.1752996316280936,0.4588591975238512,0.0375474841032191,0.9201733394218988,0.4386695458259608,0.3674549407313422,0.7831186736043498,0.2189819046930149,0.911535494686122,0.204350973652572,0.1674958967890085,0.6327076007592723,0.8109111229826774,0.5818641509270597,48.151381445050106,0.7205645024937656,0.43616672722731,0.5697211907040651,-0.0938977228440791,0.9642857142857144
-0.5680931172199708,0.5522967639376466,0.2460597452596618,0.0593817884423441,0.2944099561906794,0.7733558739063416,0.920603601178552,0.1671449777429506,0.624270954758418,0.1507666959906304,0.4598215843897979,0.6104757752354952,0.7909450923838424,0.8063510540973305,0.9952274177579776,0.8817384153169363,0.7199393380452641,0.3149846022461826,0.706860892145653,0.7704198723940855,0.7543459141984208,0.765269113153742,0.3818517857922826,0.8625313441714427,0.8238450386664882,0.8126828210480199,0.7214060094192535,0.6395664105001232,0.33739593525795,0.3108626765440252,0.7326413641983495,0.977505426829156,57.90931075172205,0.5279614367816007,0.4456613430689377,0.4113175352949889,-0.08979362685527,1.0
0.7239314658292333,0.1562892510831874,0.8508812657314413,0.7013313293451849,0.3526492556310554,0.6733279402839243,-0.6253306033734309,0.1793657381183702,0.8020589144649242,0.8916283407169233,0.0793392549824787,0.90957020592144,-0.1592323714911889,0.3237643134281117,-0.4858148348544533,0.5984089293167467,0.3656615892817213,0.8266078900556824,0.0761822042082183,0.3451288672241878,0.096948740617791,0.8770418776053441,0.1277605757307315,0.1962688289003313,0.5055119258105398,0.9070970743407152,0.8628697712666432,0.0691837894002357,0.5803921152290301,0.4978429014001156,0.6621011046828285,0.9856943903689828,14.609666785913276,0.2611809402612927,0.1831518660216377,0.2103480608466625,-0.1917245382482598,0.8928571428571429
-0.8704475556074187,0.6839821011324898,-0.5635829726461594,0.8687814283308248,-0.6564503180492061,0.6365221269292285,-0.9320677726268038,0.8412851533652124,-0.2234217490443939,0.2889513077815083,-0.4398040192256753,0.7677428893157017,0.8950903077879726,0.2276562091578703,0.8382052035707299,0.4056725626322472,0.6835070438561991,0.7750141864880191,0.389839001135785,0.6114600010016396,0.4034370971846116,0.8772796078383394,0.9857405791181784,0.9143678248839512,0.3208116672458232,0.2004997193322888,0.0156882749661552,0.247148411947857,0.5079516753154355,0.9308985725680736,0.9518696505383628,0.0196562947470337,7.121155806197849,0.1205172321084296,0.0999578603391873,0.1262688007739199,-0.4050068043481592,0.9285714285714286
