,,0,1,2,3,4,5,6
100,0,8.073009342084584,0.03250969092504144,0.02181188726209727,0.029344529262084054,-0.41725106263149675,0.8214285714285714,-0.7630894981186752
100,1,8.486411113317008,0.02240163665599139,0.012607593008188561,0.012657989759432295,-0.40805150095060455,0.8928571428571429,-0.769281902005858
100,2,44.992592230637165,0.5508129285217577,0.4338605826490821,0.3187334677060486,-0.0848477016462197,1.0,-0.7974371128372255
100,3,9.165300816022206,0.011622169990919909,0.006243837718150222,0.003124751528466204,-0.4068434616302909,0.9642857142857143,-0.7748140447142334
100,4,16.54194223534527,0.17370211388761433,0.1651868719428552,0.06772678625732825,-0.11171335885570438,0.9285714285714286,-0.7859516744528028
100,5,38.199469718720856,0.3795507941874362,0.22433989385380615,0.17670829202097688,-0.10988881885278713,1.0,-0.8026656486173496
100,6,19.51277792362735,0.1371699634332645,0.019027470973460348,0.05562173882808638,-0.2575122078226412,0.9285714285714286,-0.7986982414646971
100,7,17.656910223913705,0.024072245191585146,0.09476697245939647,0.12090236608504956,-0.20048636911312692,0.8928571428571429,-0.795489439590917
100,8,10.621400278244714,0.07693030914716874,0.051381360581608616,0.04309112165466093,-0.29955518731620673,0.8214285714285714,-0.7753525822937906
100,9,25.994218745292745,0.2892613873686653,0.0795053380244468,0.15830352050291813,-0.13113644962104484,1.0,-0.797465402794153
100,10,20.879311074660126,0.12935141225836086,0.030514763002678632,0.15986921765827236,-0.13689102454589092,1.0,-0.7975107794505703
100,11,60.084563397145594,0.5451793014655983,0.3713658111911843,0.3213808892655154,-0.08608451964546768,1.0,-0.8070527446105782
100,12,41.37549734655073,0.3652145504127735,0.3621584088896026,0.2955473444426251,-0.09861353795407089,1.0,-0.7989082911919995
100,13,21.77129143808102,0.11362442164407843,0.20687570385515267,0.16399857324073672,-0.15976072311018436,0.8214285714285714,-0.7912403595285114
100,14,17.881625811124756,0.024446869292619765,0.08195709167393525,0.08744247968823887,-0.3838951746942904,0.8571428571428572,-0.7929995579871487
100,15,6.794286712592209,0.00041838469987695267,0.0009400055540879733,0.0009133843040051877,-0.44885885293519134,0.7857142857142857,-0.7631067223649664
100,16,15.592366226773837,0.15324090439970636,0.05827016631932059,0.08188889289496372,-0.2963896151609784,0.8571428571428572,-0.7838682457164591
100,17,16.816423203266844,0.1560665604142613,0.07154721932832074,0.08226202373836863,-0.2610764509721252,0.8928571428571429,-0.7864704373335284
100,18,7.064958934073199,0.0019946198801872547,0.0016627398085488894,0.0017894693149811416,-0.43234666735518307,0.8571428571428572,-0.763823227132703
100,19,25.603995040432373,0.15328203188065284,0.164558430214776,0.19740474756972273,-0.1262969181510497,0.8928571428571429,-0.796166375796713
100,20,7.110743115351645,0.06337301082467911,0.034567902726618034,0.04397886097668067,-0.4246653346476098,0.8214285714285714,-0.7466683742187988
100,21,39.53697745693939,0.14623475493528054,0.14154057503884618,0.08914887224520597,-0.10066235105761909,1.0,-0.8124831381050838
100,22,6.895473312731188,5.356403200203301e-08,7.763677057799721e-07,8.743683593085762e-07,-0.45205153276292465,0.75,-0.7652422089737205
100,23,7.407968279928742,0.013573366741351641,0.0065781206217612725,0.010621224268074762,-0.42054739490209037,0.9285714285714286,-0.7618042823291745
100,24,41.171393709659455,0.2647397116728648,0.1059079320889677,0.21435533944603571,-0.1190295465301441,0.8928571428571429,-0.8093976798674392
100,25,48.581954855061774,0.41351330993093455,0.13871679370372544,0.391313292935934,-0.08646210726056348,1.0,-0.8070671821343731
100,26,11.264884655840335,0.006491358332457556,0.011967169809349322,0.004275769923751956,-0.3536520608463438,0.9285714285714286,-0.787744818590153
100,27,9.681289609150511,0.023831640252674167,0.024179189100148275,0.00890483978525962,-0.3720926165010564,0.9642857142857143,-0.7755174869373519
100,28,18.196713247030463,0.1389700745683645,0.1167988194230632,0.14452802996510228,-0.14095162283060814,1.0,-0.785172580066768
100,29,7.179100620758025,0.027882948188337496,0.028776280416595777,0.09757943587831387,-0.40785889280994264,0.8928571428571429,-0.7462428134916207
100,30,6.861290688008588,0.005992326718429614,0.0025748530191711406,0.004136752557634485,-0.436498112920878,0.9285714285714286,-0.7585284819737834
100,31,23.016980008344238,0.40648213192727084,0.310659478777454,0.3419296233864363,-0.0937635978555325,0.9285714285714286,-0.7738503527810576
100,32,6.994386966639927,0.02189518264324882,0.01909332652318873,0.01917108516669027,-0.4420854092016071,0.8571428571428572,-0.7543610428550801
100,33,17.589180610407094,0.1407291990422866,0.08877329785808195,0.13555800190225892,-0.16653804758514645,0.8928571428571429,-0.7871521033546861
100,34,63.179998545692335,0.7566362910187455,0.6246064514153394,0.2929432187120595,-0.09369489295910068,1.0,-0.8028681673528496
100,35,46.3085095556241,0.46134401466214603,0.45198349256523,0.35175900084632716,-0.08651135169698168,1.0,-0.7982722292739883
100,36,18.374775491200932,0.14292359850094863,0.09453436185697338,0.06132711086646551,-0.23856062939215075,0.9285714285714286,-0.7910089290930304
100,37,18.540646120695182,0.10370490438845323,0.05590925415225457,0.035593360295053694,-0.18311795965604613,0.9642857142857143,-0.7990793856922869
200,0,8.073009342084584,0.03250969092504144,0.02181188726209727,0.029344529262084054,-0.41725106263149675,0.8214285714285714,-0.7630894981186752
200,1,44.992592230637165,0.5508129285217577,0.4338605826490821,0.3187334677060486,-0.0848477016462197,1.0,-0.7974371128372255
200,2,9.165300816022206,0.011622169990919909,0.006243837718150222,0.003124751528466204,-0.4068434616302909,0.9642857142857143,-0.7748140447142334
200,3,16.54194223534527,0.17370211388761433,0.1651868719428552,0.06772678625732825,-0.11171335885570438,0.9285714285714286,-0.7859516744528028
200,4,38.199469718720856,0.3795507941874362,0.22433989385380615,0.17670829202097688,-0.10988881885278713,1.0,-0.8026656486173496
200,5,19.51277792362735,0.1371699634332645,0.019027470973460348,0.05562173882808638,-0.2575122078226412,0.9285714285714286,-0.7986982414646971
200,6,17.656910223913705,0.024072245191585146,0.09476697245939647,0.12090236608504956,-0.20048636911312692,0.8928571428571429,-0.795489439590917
200,7,25.994218745292745,0.2892613873686653,0.0795053380244468,0.15830352050291813,-0.13113644962104484,1.0,-0.797465402794153
200,8,20.879311074660126,0.12935141225836086,0.030514763002678632,0.15986921765827236,-0.13689102454589092,1.0,-0.7975107794505703
200,9,60.084563397145594,0.5451793014655983,0.3713658111911843,0.3213808892655154,-0.08608451964546768,1.0,-0.8070527446105782
200,10,21.77129143808102,0.11362442164407843,0.20687570385515267,0.16399857324073672,-0.15976072311018436,0.8214285714285714,-0.7912403595285114
200,11,17.881625811124756,0.024446869292619765,0.08195709167393525,0.08744247968823887,-0.3838951746942904,0.8571428571428572,-0.7929995579871487
200,12,6.794286712592209,0.00041838469987695267,0.0009400055540879733,0.0009133843040051877,-0.44885885293519134,0.7857142857142857,-0.7631067223649664
200,13,15.592366226773837,0.15324090439970636,0.05827016631932059,0.08188889289496372,-0.2963896151609784,0.8571428571428572,-0.7838682457164591
200,14,16.816423203266844,0.1560665604142613,0.07154721932832074,0.08226202373836863,-0.2610764509721252,0.8928571428571429,-0.7864704373335284
200,15,7.064958934073199,0.0019946198801872547,0.0016627398085488894,0.0017894693149811416,-0.43234666735518307,0.8571428571428572,-0.763823227132703
200,16,25.603995040432373,0.15328203188065284,0.164558430214776,0.19740474756972273,-0.1262969181510497,0.8928571428571429,-0.796166375796713
200,17,7.110743115351645,0.06337301082467911,0.034567902726618034,0.04397886097668067,-0.4246653346476098,0.8214285714285714,-0.7466683742187988
200,18,6.895473312731188,5.356403200203301e-08,7.763677057799721e-07,8.743683593085762e-07,-0.45205153276292465,0.75,-0.7652422089737205
200,19,7.407968279928742,0.013573366741351641,0.0065781206217612725,0.010621224268074762,-0.42054739490209037,0.9285714285714286,-0.7618042823291745
200,20,41.171393709659455,0.2647397116728648,0.1059079320889677,0.21435533944603571,-0.1190295465301441,0.8928571428571429,-0.8093976798674392
200,21,48.581954855061774,0.41351330993093455,0.13871679370372544,0.391313292935934,-0.08646210726056348,1.0,-0.8070671821343731
200,22,11.264884655840335,0.006491358332457556,0.011967169809349322,0.004275769923751956,-0.3536520608463438,0.9285714285714286,-0.787744818590153
200,23,9.681289609150511,0.023831640252674167,0.024179189100148275,0.00890483978525962,-0.3720926165010564,0.9642857142857143,-0.7755174869373519
200,24,18.196713247030463,0.1389700745683645,0.1167988194230632,0.14452802996510228,-0.14095162283060814,1.0,-0.785172580066768
200,25,7.179100620758025,0.027882948188337496,0.028776280416595777,0.09757943587831387,-0.40785889280994264,0.8928571428571429,-0.7462428134916207
200,26,6.861290688008588,0.005992326718429614,0.0025748530191711406,0.004136752557634485,-0.436498112920878,0.9285714285714286,-0.7585284819737834
200,27,6.994386966639927,0.02189518264324882,0.01909332652318873,0.01917108516669027,-0.4420854092016071,0.8571428571428572,-0.7543610428550801
200,28,17.589180610407094,0.1407291990422866,0.08877329785808195,0.13555800190225892,-0.16653804758514645,0.8928571428571429,-0.7871521033546861
200,29,63.179998545692335,0.7566362910187455,0.6246064514153394,0.2929432187120595,-0.09369489295910068,1.0,-0.8028681673528496
200,30,46.3085095556241,0.46134401466214603,0.45198349256523,0.35175900084632716,-0.08651135169698168,1.0,-0.7982722292739883
200,31,18.374775491200932,0.14292359850094863,0.09453436185697338,0.06132711086646551,-0.23856062939215075,0.9285714285714286,-0.7910089290930304
200,32,18.540646120695182,0.10370490438845323,0.05590925415225457,0.035593360295053694,-0.18311795965604613,0.9642857142857143,-0.7990793856922869
200,33,40.16754928779961,0.6430389550459273,0.21670699244112324,0.4800097736271844,-0.08124030385537587,0.9642857142857143,-0.794452861580116
200,34,32.46597371945251,0.3052141898795796,0.42698757449884484,0.4918445304147412,-0.08863171051109911,0.9642857142857143,-0.7863889932616244
200,35,6.995673135294443,0.15550912342217016,0.03974411173546285,0.037741220306149646,-0.426219171507662,0.8928571428571429,-0.7335212100790889
200,36,47.59034766390117,0.4837258332355526,0.15627683487997654,0.4495350542282739,-0.08632405932608567,1.0,-0.8040444877891914
200,37,13.141139239044925,0.05540554523326933,0.05955808970224447,0.04618500878244132,-0.3886716736780791,0.8214285714285714,-0.7821128773319241
200,38,6.890840687630236,0.06389690056707822,0.024130601138520273,0.03628153680090282,-0.43280678534626776,0.9285714285714286,-0.7437315766956151
200,39,47.73127058632304,0.4921054690191712,0.42329958996889516,0.3769748367368331,-0.10101491578997647,1.0,-0.7983067744390407
200,40,7.060916612634205,0.06351581187329532,0.03355130579519455,0.04270933707092214,-0.425077203075541,0.7857142857142857,-0.7475375386952938
200,41,14.008540120480424,0.2614790921806225,0.15072984592657668,0.1853243520317298,-0.13461201703684578,0.8928571428571429,-0.7640854786525954
200,42,48.436685149437004,0.47184251020646156,0.21363599222679333,0.36174511118634234,-0.08674518182871377,1.0,-0.8048768413084806
200,43,19.560500485877057,0.24626491317254487,0.13801428719774908,0.26608978560426777,-0.10652657013177583,0.8928571428571429,-0.7822806431599634
200,44,14.180669303130815,0.059906480600794586,0.017295083817410503,0.05221112826019394,-0.31539324422074483,0.8928571428571429,-0.7904016798559083
200,45,19.699532003092934,0.1466038179824879,0.12301918759363858,0.047540649669023466,-0.11518825973161054,0.9285714285714286,-0.7970996610011728
200,46,14.824504687461882,0.07417486361138763,0.03348755930575604,0.06596661217911562,-0.1684260043182109,0.9642857142857143,-0.7929352325614846
200,47,19.69207947719282,0.20728337478450773,0.09560627284709353,0.10776172622213646,-0.14062520240803686,1.0,-0.7902528737454259
200,48,48.201057426849964,0.4817867638334868,0.11007338927411046,0.3199028081982521,-0.08794379126832869,0.9285714285714286,-0.8085184164188544
200,49,8.735873466438619,0.011496764869781411,0.006262125011149271,0.0031963281820475177,-0.4152377284750011,0.9285714285714286,-0.7727903805064901
300,0,8.073009342084584,0.03250969092504144,0.02181188726209727,0.029344529262084054,-0.41725106263149675,0.8214285714285714,-0.7630894981186752
300,1,9.165300816022206,0.011622169990919909,0.006243837718150222,0.003124751528466204,-0.4068434616302909,0.9642857142857143,-0.7748140447142334
300,2,16.54194223534527,0.17370211388761433,0.1651868719428552,0.06772678625732825,-0.11171335885570438,0.9285714285714286,-0.7859516744528028
300,3,38.199469718720856,0.3795507941874362,0.22433989385380615,0.17670829202097688,-0.10988881885278713,1.0,-0.8026656486173496
300,4,19.51277792362735,0.1371699634332645,0.019027470973460348,0.05562173882808638,-0.2575122078226412,0.9285714285714286,-0.7986982414646971
300,5,17.656910223913705,0.024072245191585146,0.09476697245939647,0.12090236608504956,-0.20048636911312692,0.8928571428571429,-0.795489439590917
300,6,25.994218745292745,0.2892613873686653,0.0795053380244468,0.15830352050291813,-0.13113644962104484,1.0,-0.797465402794153
300,7,20.879311074660126,0.12935141225836086,0.030514763002678632,0.15986921765827236,-0.13689102454589092,1.0,-0.7975107794505703
300,8,21.77129143808102,0.11362442164407843,0.20687570385515267,0.16399857324073672,-0.15976072311018436,0.8214285714285714,-0.7912403595285114
300,9,17.881625811124756,0.024446869292619765,0.08195709167393525,0.08744247968823887,-0.3838951746942904,0.8571428571428572,-0.7929995579871487
300,10,15.592366226773837,0.15324090439970636,0.05827016631932059,0.08188889289496372,-0.2963896151609784,0.8571428571428572,-0.7838682457164591
300,11,16.816423203266844,0.1560665604142613,0.07154721932832074,0.08226202373836863,-0.2610764509721252,0.8928571428571429,-0.7864704373335284
300,12,7.064958934073199,0.0019946198801872547,0.0016627398085488894,0.0017894693149811416,-0.43234666735518307,0.8571428571428572,-0.763823227132703
300,13,25.603995040432373,0.15328203188065284,0.164558430214776,0.19740474756972273,-0.1262969181510497,0.8928571428571429,-0.796166375796713
300,14,7.110743115351645,0.06337301082467911,0.034567902726618034,0.04397886097668067,-0.4246653346476098,0.8214285714285714,-0.7466683742187988
300,15,6.895473312731188,5.356403200203301e-08,7.763677057799721e-07,8.743683593085762e-07,-0.45205153276292465,0.75,-0.7652422089737205
300,16,7.407968279928742,0.013573366741351641,0.0065781206217612725,0.010621224268074762,-0.42054739490209037,0.9285714285714286,-0.7618042823291745
300,17,41.171393709659455,0.2647397116728648,0.1059079320889677,0.21435533944603571,-0.1190295465301441,0.8928571428571429,-0.8093976798674392
300,18,11.264884655840335,0.006491358332457556,0.011967169809349322,0.004275769923751956,-0.3536520608463438,0.9285714285714286,-0.787744818590153
300,19,9.681289609150511,0.023831640252674167,0.024179189100148275,0.00890483978525962,-0.3720926165010564,0.9642857142857143,-0.7755174869373519
300,20,18.196713247030463,0.1389700745683645,0.1167988194230632,0.14452802996510228,-0.14095162283060814,1.0,-0.785172580066768
300,21,7.179100620758025,0.027882948188337496,0.028776280416595777,0.09757943587831387,-0.40785889280994264,0.8928571428571429,-0.7462428134916207
300,22,6.861290688008588,0.005992326718429614,0.0025748530191711406,0.004136752557634485,-0.436498112920878,0.9285714285714286,-0.7585284819737834
300,23,6.994386966639927,0.02189518264324882,0.01909332652318873,0.01917108516669027,-0.4420854092016071,0.8571428571428572,-0.7543610428550801
300,24,17.589180610407094,0.1407291990422866,0.08877329785808195,0.13555800190225892,-0.16653804758514645,0.8928571428571429,-0.7871521033546861
300,25,63.179998545692335,0.7566362910187455,0.6246064514153394,0.2929432187120595,-0.09369489295910068,1.0,-0.8028681673528496
300,26,46.3085095556241,0.46134401466214603,0.45198349256523,0.35175900084632716,-0.08651135169698168,1.0,-0.7982722292739883
300,27,18.374775491200932,0.14292359850094863,0.09453436185697338,0.06132711086646551,-0.23856062939215075,0.9285714285714286,-0.7910089290930304
300,28,18.540646120695182,0.10370490438845323,0.05590925415225457,0.035593360295053694,-0.18311795965604613,0.9642857142857143,-0.7990793856922869
300,29,40.16754928779961,0.6430389550459273,0.21670699244112324,0.4800097736271844,-0.08124030385537587,0.9642857142857143,-0.794452861580116
300,30,32.46597371945251,0.3052141898795796,0.42698757449884484,0.4918445304147412,-0.08863171051109911,0.9642857142857143,-0.7863889932616244
300,31,6.995673135294443,0.15550912342217016,0.03974411173546285,0.037741220306149646,-0.426219171507662,0.8928571428571429,-0.7335212100790889
300,32,13.141139239044925,0.05540554523326933,0.05955808970224447,0.04618500878244132,-0.3886716736780791,0.8214285714285714,-0.7821128773319241
300,33,47.73127058632304,0.4921054690191712,0.42329958996889516,0.3769748367368331,-0.10101491578997647,1.0,-0.7983067744390407
300,34,7.060916612634205,0.06351581187329532,0.03355130579519455,0.04270933707092214,-0.425077203075541,0.7857142857142857,-0.7475375386952938
300,35,14.008540120480424,0.2614790921806225,0.15072984592657668,0.1853243520317298,-0.13461201703684578,0.8928571428571429,-0.7640854786525954
300,36,19.69207947719282,0.20728337478450773,0.09560627284709353,0.10776172622213646,-0.14062520240803686,1.0,-0.7902528737454259
300,37,8.735873466438619,0.011496764869781411,0.006262125011149271,0.0031963281820475177,-0.4152377284750011,0.9285714285714286,-0.7727903805064901
300,38,57.68240531273277,0.8045704499798446,0.4106667115011137,0.4099149741637206,-0.09073442453771653,1.0,-0.8005814520588694
300,39,49.17754831188912,0.641744585920138,0.2165811285082622,0.5071182946287469,-0.0784661789335013,1.0,-0.8006369856543353
300,40,6.52005923121782,0.0014264260075504244,0.001632853495349302,0.0011369279881592816,-0.44732758136943057,0.8214285714285714,-0.7592339252383302
300,41,62.62818163792122,0.7559564621446249,0.6190922014907401,0.3474219944891568,-0.09429767397371064,1.0,-0.8015999661830754
300,42,19.807469912707933,0.2656904955251237,0.16413486801642188,0.2715686164039866,-0.10821954513781136,0.9285714285714286,-0.7797043090248739
300,43,6.8419144308174324,0.06414245627367612,0.02899951810421987,0.036330293608703,-0.432863384351286,0.9642857142857143,-0.7412121358405198
300,44,55.25140246776195,0.4334074538994924,0.26220339850084906,0.49737938299822854,-0.08499871619203045,1.0,-0.8057023074930106
300,45,51.97999491717845,0.5800200336217871,0.17683141074778663,0.4974502250257909,-0.08650805807781832,1.0,-0.8039262046585985
300,46,6.795698836823374,0.0006636130866064301,0.0004775000508774649,0.0004908169340786799,-0.45145948092249316,0.7857142857142857,-0.763012678722715
300,47,12.22839540101187,0.11337046945724691,0.05911039270183129,0.07022731832746157,-0.3399158855629965,0.9642857142857143,-0.7713700326564615
300,48,25.923227509444132,0.1431855698811083,0.18592773874220045,0.17455419568574146,-0.12029061360629273,1.0,-0.7961884206778556
300,49,15.346723015836728,0.06083157383036325,0.020147091155855064,0.052644413109886275,-0.32018806838382535,1.0,-0.790989759693385
300,50,27.018162433968328,0.0743314551018977,0.18263199460340776,0.12755449660743534,-0.11658516196458835,0.9642857142857143,-0.8034890781499969
300,51,12.118823127960892,0.04284539588011382,0.02574498901422768,0.03006518184404059,-0.3514606014885038,0.9642857142857143,-0.7829701524515175
300,52,14.60334680043675,0.11296034818854357,0.13470058493187131,0.18999801980331196,-0.25983211227676933,0.9642857142857143,-0.7686233407449187
300,53,20.14746079962333,0.06119365517411439,0.07558144002659109,0.06482158665730384,-0.1732530988108232,0.8928571428571429,-0.8017145867620658
400,0,8.073009342084584,0.03250969092504144,0.02181188726209727,0.029344529262084054,-0.41725106263149675,0.8214285714285714,-0.7630894981186752
400,1,9.165300816022206,0.011622169990919909,0.006243837718150222,0.003124751528466204,-0.4068434616302909,0.9642857142857143,-0.7748140447142334
400,2,16.54194223534527,0.17370211388761433,0.1651868719428552,0.06772678625732825,-0.11171335885570438,0.9285714285714286,-0.7859516744528028
400,3,38.199469718720856,0.3795507941874362,0.22433989385380615,0.17670829202097688,-0.10988881885278713,1.0,-0.8026656486173496
400,4,19.51277792362735,0.1371699634332645,0.019027470973460348,0.05562173882808638,-0.2575122078226412,0.9285714285714286,-0.7986982414646971
400,5,17.656910223913705,0.024072245191585146,0.09476697245939647,0.12090236608504956,-0.20048636911312692,0.8928571428571429,-0.795489439590917
400,6,20.879311074660126,0.12935141225836086,0.030514763002678632,0.15986921765827236,-0.13689102454589092,1.0,-0.7975107794505703
400,7,21.77129143808102,0.11362442164407843,0.20687570385515267,0.16399857324073672,-0.15976072311018436,0.8214285714285714,-0.7912403595285114
400,8,17.881625811124756,0.024446869292619765,0.08195709167393525,0.08744247968823887,-0.3838951746942904,0.8571428571428572,-0.7929995579871487
400,9,7.064958934073199,0.0019946198801872547,0.0016627398085488894,0.0017894693149811416,-0.43234666735518307,0.8571428571428572,-0.763823227132703
400,10,25.603995040432373,0.15328203188065284,0.164558430214776,0.19740474756972273,-0.1262969181510497,0.8928571428571429,-0.796166375796713
400,11,7.110743115351645,0.06337301082467911,0.034567902726618034,0.04397886097668067,-0.4246653346476098,0.8214285714285714,-0.7466683742187988
400,12,6.895473312731188,5.356403200203301e-08,7.763677057799721e-07,8.743683593085762e-07,-0.45205153276292465,0.75,-0.7652422089737205
400,13,7.407968279928742,0.013573366741351641,0.0065781206217612725,0.010621224268074762,-0.42054739490209037,0.9285714285714286,-0.7618042823291745
400,14,41.171393709659455,0.2647397116728648,0.1059079320889677,0.21435533944603571,-0.1190295465301441,0.8928571428571429,-0.8093976798674392
400,15,11.264884655840335,0.006491358332457556,0.011967169809349322,0.004275769923751956,-0.3536520608463438,0.9285714285714286,-0.787744818590153
400,16,9.681289609150511,0.023831640252674167,0.024179189100148275,0.00890483978525962,-0.3720926165010564,0.9642857142857143,-0.7755174869373519
400,17,18.196713247030463,0.1389700745683645,0.1167988194230632,0.14452802996510228,-0.14095162283060814,1.0,-0.785172580066768
400,18,6.861290688008588,0.005992326718429614,0.0025748530191711406,0.004136752557634485,-0.436498112920878,0.9285714285714286,-0.7585284819737834
400,19,6.994386966639927,0.02189518264324882,0.01909332652318873,0.01917108516669027,-0.4420854092016071,0.8571428571428572,-0.7543610428550801
400,20,17.589180610407094,0.1407291990422866,0.08877329785808195,0.13555800190225892,-0.16653804758514645,0.8928571428571429,-0.7871521033546861
400,21,63.179998545692335,0.7566362910187455,0.6246064514153394,0.2929432187120595,-0.09369489295910068,1.0,-0.8028681673528496
400,22,18.374775491200932,0.14292359850094863,0.09453436185697338,0.06132711086646551,-0.23856062939215075,0.9285714285714286,-0.7910089290930304
400,23,18.540646120695182,0.10370490438845323,0.05590925415225457,0.035593360295053694,-0.18311795965604613,0.9642857142857143,-0.7990793856922869
400,24,32.46597371945251,0.3052141898795796,0.42698757449884484,0.4918445304147412,-0.08863171051109911,0.9642857142857143,-0.7863889932616244
400,25,6.995673135294443,0.15550912342217016,0.03974411173546285,0.037741220306149646,-0.426219171507662,0.8928571428571429,-0.7335212100790889
400,26,13.141139239044925,0.05540554523326933,0.05955808970224447,0.04618500878244132,-0.3886716736780791,0.8214285714285714,-0.7821128773319241
400,27,47.73127058632304,0.4921054690191712,0.42329958996889516,0.3769748367368331,-0.10101491578997647,1.0,-0.7983067744390407
400,28,7.060916612634205,0.06351581187329532,0.03355130579519455,0.04270933707092214,-0.425077203075541,0.7857142857142857,-0.7475375386952938
400,29,14.008540120480424,0.2614790921806225,0.15072984592657668,0.1853243520317298,-0.13461201703684578,0.8928571428571429,-0.7640854786525954
400,30,19.69207947719282,0.20728337478450773,0.09560627284709353,0.10776172622213646,-0.14062520240803686,1.0,-0.7902528737454259
400,31,8.735873466438619,0.011496764869781411,0.006262125011149271,0.0031963281820475177,-0.4152377284750011,0.9285714285714286,-0.7727903805064901
400,32,57.68240531273277,0.8045704499798446,0.4106667115011137,0.4099149741637206,-0.09073442453771653,1.0,-0.8005814520588694
400,33,6.52005923121782,0.0014264260075504244,0.001632853495349302,0.0011369279881592816,-0.44732758136943057,0.8214285714285714,-0.7592339252383302
400,34,62.62818163792122,0.7559564621446249,0.6190922014907401,0.3474219944891568,-0.09429767397371064,1.0,-0.8015999661830754
400,35,6.8419144308174324,0.06414245627367612,0.02899951810421987,0.036330293608703,-0.432863384351286,0.9642857142857143,-0.7412121358405198
400,36,12.22839540101187,0.11337046945724691,0.05911039270183129,0.07022731832746157,-0.3399158855629965,0.9642857142857143,-0.7713700326564615
400,37,25.923227509444132,0.1431855698811083,0.18592773874220045,0.17455419568574146,-0.12029061360629273,1.0,-0.7961884206778556
400,38,15.346723015836728,0.06083157383036325,0.020147091155855064,0.052644413109886275,-0.32018806838382535,1.0,-0.790989759693385
400,39,27.018162433968328,0.0743314551018977,0.18263199460340776,0.12755449660743534,-0.11658516196458835,0.9642857142857143,-0.8034890781499969
400,40,12.118823127960892,0.04284539588011382,0.02574498901422768,0.03006518184404059,-0.3514606014885038,0.9642857142857143,-0.7829701524515175
400,41,14.60334680043675,0.11296034818854357,0.13470058493187131,0.18999801980331196,-0.25983211227676933,0.9642857142857143,-0.7686233407449187
400,42,20.14746079962333,0.06119365517411439,0.07558144002659109,0.06482158665730384,-0.1732530988108232,0.8928571428571429,-0.8017145867620658
400,43,64.43821648002599,0.7938500126380079,0.39742722980892264,0.6216104540751813,-0.08685990651016402,1.0,-0.8012734597910742
400,44,6.98586641857121,0.22809729056842798,0.06310314777556007,0.059688609519914254,-0.40894015782283777,0.8571428571428572,-0.7205732371748632
400,45,67.13540442150794,0.5965099975864535,0.4431920743820463,0.369086252103516,-0.09159963054942369,1.0,-0.8072119993024789
400,46,52.850244189742206,0.7181406628655381,0.4311506682909831,0.5599996788538849,-0.08725168017171406,1.0,-0.7957322318845343
400,47,12.743271081932397,0.18096267150251952,0.32506784142228506,0.4006272066269491,-0.2330301117189831,0.8214285714285714,-0.7328005202988357
400,48,8.158569667384088,0.15929299869021768,0.04382373026278833,0.05070468822086707,-0.4040858087031028,0.8571428571428572,-0.7449441215387165
400,49,10.336244594528159,0.0959642534430948,0.05183911061962922,0.0672959931868831,-0.386929974345891,0.8928571428571429,-0.7633769512188664
400,50,63.56856770916078,0.7551035099168517,0.6245188636479371,0.35612520710524365,-0.09181773801584675,1.0,-0.8018688848106601
400,51,6.818822358982007,0.00042122715277091293,0.0005014157711095572,0.0003857082648017306,-0.45119612711788903,0.7857142857142857,-0.7632818007111681
400,52,17.13147187299892,0.2167023813514918,0.09095001993428366,0.12310011684727407,-0.3192805723790507,0.9285714285714286,-0.7772571782186477
400,53,48.030039660442284,0.4697848871504021,0.46361357692062755,0.41293894553163585,-0.08623577858621148,1.0,-0.7975752088226958
400,54,12.685363155725307,0.24520992014548368,0.08656897298653697,0.23258999093186838,-0.13801961482961947,0.8571428571428572,-0.762424747056367
400,55,12.577259104232276,0.13727513998095514,0.17613338437517956,0.17029297810063748,-0.17490015752927573,0.9285714285714286,-0.7586607017015438
400,56,7.173614112775075,0.027767699982206486,0.05735548494633997,0.09761948869915302,-0.40868098071810355,0.9285714285714286,-0.7410413120098159
400,57,10.121283125765652,0.011247219284062367,0.013877790881036267,0.009527836725681423,-0.36775277195960104,0.9642857142857143,-0.7801167371969703
400,58,26.10236364470469,0.2877043196556287,0.07904313494203531,0.1776467252477984,-0.13219937979639448,1.0,-0.7969465341860046
400,59,20.156180464233795,0.40392069659779256,0.23389073966631155,0.28012031147370425,-0.10845125843440036,0.9642857142857143,-0.7717699139558725
400,60,18.799260137848567,0.23258112892013832,0.1569864064808682,0.1398431703903728,-0.15403776481445805,0.8214285714285714,-0.7828852081935017
500,0,8.073009342084584,0.03250969092504144,0.02181188726209727,0.029344529262084054,-0.41725106263149675,0.8214285714285714,-0.7630894981186752
500,1,9.165300816022206,0.011622169990919909,0.006243837718150222,0.003124751528466204,-0.4068434616302909,0.9642857142857143,-0.7748140447142334
500,2,38.199469718720856,0.3795507941874362,0.22433989385380615,0.17670829202097688,-0.10988881885278713,1.0,-0.8026656486173496
500,3,19.51277792362735,0.1371699634332645,0.019027470973460348,0.05562173882808638,-0.2575122078226412,0.9285714285714286,-0.7986982414646971
500,4,17.656910223913705,0.024072245191585146,0.09476697245939647,0.12090236608504956,-0.20048636911312692,0.8928571428571429,-0.795489439590917
500,5,21.77129143808102,0.11362442164407843,0.20687570385515267,0.16399857324073672,-0.15976072311018436,0.8214285714285714,-0.7912403595285114
500,6,17.881625811124756,0.024446869292619765,0.08195709167393525,0.08744247968823887,-0.3838951746942904,0.8571428571428572,-0.7929995579871487
500,7,7.064958934073199,0.0019946198801872547,0.0016627398085488894,0.0017894693149811416,-0.43234666735518307,0.8571428571428572,-0.763823227132703
500,8,25.603995040432373,0.15328203188065284,0.164558430214776,0.19740474756972273,-0.1262969181510497,0.8928571428571429,-0.796166375796713
500,9,7.110743115351645,0.06337301082467911,0.034567902726618034,0.04397886097668067,-0.4246653346476098,0.8214285714285714,-0.7466683742187988
500,10,6.895473312731188,5.356403200203301e-08,7.763677057799721e-07,8.743683593085762e-07,-0.45205153276292465,0.75,-0.7652422089737205
500,11,7.407968279928742,0.013573366741351641,0.0065781206217612725,0.010621224268074762,-0.42054739490209037,0.9285714285714286,-0.7618042823291745
500,12,41.171393709659455,0.2647397116728648,0.1059079320889677,0.21435533944603571,-0.1190295465301441,0.8928571428571429,-0.8093976798674392
500,13,11.264884655840335,0.006491358332457556,0.011967169809349322,0.004275769923751956,-0.3536520608463438,0.9285714285714286,-0.787744818590153
500,14,9.681289609150511,0.023831640252674167,0.024179189100148275,0.00890483978525962,-0.3720926165010564,0.9642857142857143,-0.7755174869373519
500,15,18.196713247030463,0.1389700745683645,0.1167988194230632,0.14452802996510228,-0.14095162283060814,1.0,-0.785172580066768
500,16,6.861290688008588,0.005992326718429614,0.0025748530191711406,0.004136752557634485,-0.436498112920878,0.9285714285714286,-0.7585284819737834
500,17,6.994386966639927,0.02189518264324882,0.01909332652318873,0.01917108516669027,-0.4420854092016071,0.8571428571428572,-0.7543610428550801
500,18,17.589180610407094,0.1407291990422866,0.08877329785808195,0.13555800190225892,-0.16653804758514645,0.8928571428571429,-0.7871521033546861
500,19,18.374775491200932,0.14292359850094863,0.09453436185697338,0.06132711086646551,-0.23856062939215075,0.9285714285714286,-0.7910089290930304
500,20,18.540646120695182,0.10370490438845323,0.05590925415225457,0.035593360295053694,-0.18311795965604613,0.9642857142857143,-0.7990793856922869
500,21,6.995673135294443,0.15550912342217016,0.03974411173546285,0.037741220306149646,-0.426219171507662,0.8928571428571429,-0.7335212100790889
500,22,13.141139239044925,0.05540554523326933,0.05955808970224447,0.04618500878244132,-0.3886716736780791,0.8214285714285714,-0.7821128773319241
500,23,7.060916612634205,0.06351581187329532,0.03355130579519455,0.04270933707092214,-0.425077203075541,0.7857142857142857,-0.7475375386952938
500,24,14.008540120480424,0.2614790921806225,0.15072984592657668,0.1853243520317298,-0.13461201703684578,0.8928571428571429,-0.7640854786525954
500,25,8.735873466438619,0.011496764869781411,0.006262125011149271,0.0031963281820475177,-0.4152377284750011,0.9285714285714286,-0.7727903805064901
500,26,57.68240531273277,0.8045704499798446,0.4106667115011137,0.4099149741637206,-0.09073442453771653,1.0,-0.8005814520588694
500,27,6.52005923121782,0.0014264260075504244,0.001632853495349302,0.0011369279881592816,-0.44732758136943057,0.8214285714285714,-0.7592339252383302
500,28,6.8419144308174324,0.06414245627367612,0.02899951810421987,0.036330293608703,-0.432863384351286,0.9642857142857143,-0.7412121358405198
500,29,12.22839540101187,0.11337046945724691,0.05911039270183129,0.07022731832746157,-0.3399158855629965,0.9642857142857143,-0.7713700326564615
500,30,25.923227509444132,0.1431855698811083,0.18592773874220045,0.17455419568574146,-0.12029061360629273,1.0,-0.7961884206778556
500,31,15.346723015836728,0.06083157383036325,0.020147091155855064,0.052644413109886275,-0.32018806838382535,1.0,-0.790989759693385
500,32,27.018162433968328,0.0743314551018977,0.18263199460340776,0.12755449660743534,-0.11658516196458835,0.9642857142857143,-0.8034890781499969
500,33,12.118823127960892,0.04284539588011382,0.02574498901422768,0.03006518184404059,-0.3514606014885038,0.9642857142857143,-0.7829701524515175
500,34,14.60334680043675,0.11296034818854357,0.13470058493187131,0.18999801980331196,-0.25983211227676933,0.9642857142857143,-0.7686233407449187
500,35,20.14746079962333,0.06119365517411439,0.07558144002659109,0.06482158665730384,-0.1732530988108232,0.8928571428571429,-0.8017145867620658
500,36,64.43821648002599,0.7938500126380079,0.39742722980892264,0.6216104540751813,-0.08685990651016402,1.0,-0.8012734597910742
500,37,6.98586641857121,0.22809729056842798,0.06310314777556007,0.059688609519914254,-0.40894015782283777,0.8571428571428572,-0.7205732371748632
500,38,67.13540442150794,0.5965099975864535,0.4431920743820463,0.369086252103516,-0.09159963054942369,1.0,-0.8072119993024789
500,39,52.850244189742206,0.7181406628655381,0.4311506682909831,0.5599996788538849,-0.08725168017171406,1.0,-0.7957322318845343
500,40,12.743271081932397,0.18096267150251952,0.32506784142228506,0.4006272066269491,-0.2330301117189831,0.8214285714285714,-0.7328005202988357
500,41,8.158569667384088,0.15929299869021768,0.04382373026278833,0.05070468822086707,-0.4040858087031028,0.8571428571428572,-0.7449441215387165
500,42,10.336244594528159,0.0959642534430948,0.05183911061962922,0.0672959931868831,-0.386929974345891,0.8928571428571429,-0.7633769512188664
500,43,6.818822358982007,0.00042122715277091293,0.0005014157711095572,0.0003857082648017306,-0.45119612711788903,0.7857142857142857,-0.7632818007111681
500,44,17.13147187299892,0.2167023813514918,0.09095001993428366,0.12310011684727407,-0.3192805723790507,0.9285714285714286,-0.7772571782186477
500,45,12.685363155725307,0.24520992014548368,0.08656897298653697,0.23258999093186838,-0.13801961482961947,0.8571428571428572,-0.762424747056367
500,46,12.577259104232276,0.13727513998095514,0.17613338437517956,0.17029297810063748,-0.17490015752927573,0.9285714285714286,-0.7586607017015438
500,47,7.173614112775075,0.027767699982206486,0.05735548494633997,0.09761948869915302,-0.40868098071810355,0.9285714285714286,-0.7410413120098159
500,48,10.121283125765652,0.011247219284062367,0.013877790881036267,0.009527836725681423,-0.36775277195960104,0.9642857142857143,-0.7801167371969703
500,49,26.10236364470469,0.2877043196556287,0.07904313494203531,0.1776467252477984,-0.13219937979639448,1.0,-0.7969465341860046
500,50,20.156180464233795,0.40392069659779256,0.23389073966631155,0.28012031147370425,-0.10845125843440036,0.9642857142857143,-0.7717699139558725
500,51,18.799260137848567,0.23258112892013832,0.1569864064808682,0.1398431703903728,-0.15403776481445805,0.8214285714285714,-0.7828852081935017
500,52,64.20761558627183,0.7730002003360277,0.656305863697569,0.4545028775540158,-0.09820902133126955,1.0,-0.7994790304785077
500,53,7.540511779645216,0.21051196275689432,0.10021580945890789,0.12490891954432065,-0.36263124257021573,0.9285714285714286,-0.715137584375189
500,54,50.49321202114554,0.6701053778621794,0.5011582251484255,0.4691390076672655,-0.10336052588751321,1.0,-0.7942812517503143
500,55,20.692923155901468,0.17962137641173434,0.11533006641029103,0.17664893488622258,-0.270680622072566,0.8214285714285714,-0.7856336946764677
500,56,17.430117183252786,0.24503833298377733,0.3186627494585255,0.36391361566765684,-0.17380456931272775,0.8214285714285714,-0.758333279945049
500,57,19.27031266133714,0.18724156075911044,0.09069114289080152,0.08890488485630094,-0.17557868211970815,0.8928571428571429,-0.7914546941232979
500,58,14.722066819986008,0.36413991433237314,0.18652852311226045,0.20200588084142498,-0.12575015731013556,0.9285714285714286,-0.7599729773053131
500,59,7.8118175643821814,0.10370674439565948,0.05281653137788739,0.05038989146626025,-0.37690521229241614,0.9642857142857143,-0.7445707686482331
500,60,23.542730706288935,0.13850736454446916,0.1277627966672172,0.10518250998219592,-0.291562847920922,0.8214285714285714,-0.7952808281307975
500,61,8.19500927710083,0.09452252654466095,0.12087325491481837,0.1752578978216927,-0.39292692895613296,0.9285714285714286,-0.7257914407886016
500,62,21.73268569414226,0.26847471306321347,0.07324948782050926,0.15743232764264908,-0.14834479788987812,0.9642857142857143,-0.7914510601386158
500,63,19.43570975767667,0.49344751680534754,0.23236880464829773,0.2795066761978812,-0.12042432990908443,0.9285714285714286,-0.7668593505097706
500,64,37.99229662109934,0.3797366865770307,0.26806709254391586,0.17686911612938014,-0.1114977706630821,1.0,-0.8013708411670484
500,65,21.18863785289567,0.1948555810654798,0.14045128920244165,0.17479585798595626,-0.15955485476461406,0.8214285714285714,-0.7881240357893808
500,66,15.385414305304751,0.26320416417895026,0.12499403301541434,0.1327940883216544,-0.12184198230339136,0.9285714285714286,-0.7750962333508159
500,67,18.028385908301956,0.1630886975681937,0.08407571672624739,0.09090619524248764,-0.22428639626241412,0.8928571428571429,-0.7885999954655208
600,0,8.073009342084584,0.03250969092504144,0.02181188726209727,0.029344529262084054,-0.41725106263149675,0.8214285714285714,-0.7630894981186752
600,1,9.165300816022206,0.011622169990919909,0.006243837718150222,0.003124751528466204,-0.4068434616302909,0.9642857142857143,-0.7748140447142334
600,2,38.199469718720856,0.3795507941874362,0.22433989385380615,0.17670829202097688,-0.10988881885278713,1.0,-0.8026656486173496
600,3,19.51277792362735,0.1371699634332645,0.019027470973460348,0.05562173882808638,-0.2575122078226412,0.9285714285714286,-0.7986982414646971
600,4,21.77129143808102,0.11362442164407843,0.20687570385515267,0.16399857324073672,-0.15976072311018436,0.8214285714285714,-0.7912403595285114
600,5,17.881625811124756,0.024446869292619765,0.08195709167393525,0.08744247968823887,-0.3838951746942904,0.8571428571428572,-0.7929995579871487
600,6,7.064958934073199,0.0019946198801872547,0.0016627398085488894,0.0017894693149811416,-0.43234666735518307,0.8571428571428572,-0.763823227132703
600,7,25.603995040432373,0.15328203188065284,0.164558430214776,0.19740474756972273,-0.1262969181510497,0.8928571428571429,-0.796166375796713
600,8,7.110743115351645,0.06337301082467911,0.034567902726618034,0.04397886097668067,-0.4246653346476098,0.8214285714285714,-0.7466683742187988
600,9,6.895473312731188,5.356403200203301e-08,7.763677057799721e-07,8.743683593085762e-07,-0.45205153276292465,0.75,-0.7652422089737205
600,10,7.407968279928742,0.013573366741351641,0.0065781206217612725,0.010621224268074762,-0.42054739490209037,0.9285714285714286,-0.7618042823291745
600,11,41.171393709659455,0.2647397116728648,0.1059079320889677,0.21435533944603571,-0.1190295465301441,0.8928571428571429,-0.8093976798674392
600,12,11.264884655840335,0.006491358332457556,0.011967169809349322,0.004275769923751956,-0.3536520608463438,0.9285714285714286,-0.787744818590153
600,13,9.681289609150511,0.023831640252674167,0.024179189100148275,0.00890483978525962,-0.3720926165010564,0.9642857142857143,-0.7755174869373519
600,14,18.196713247030463,0.1389700745683645,0.1167988194230632,0.14452802996510228,-0.14095162283060814,1.0,-0.785172580066768
600,15,6.861290688008588,0.005992326718429614,0.0025748530191711406,0.004136752557634485,-0.436498112920878,0.9285714285714286,-0.7585284819737834
600,16,6.994386966639927,0.02189518264324882,0.01909332652318873,0.01917108516669027,-0.4420854092016071,0.8571428571428572,-0.7543610428550801
600,17,18.374775491200932,0.14292359850094863,0.09453436185697338,0.06132711086646551,-0.23856062939215075,0.9285714285714286,-0.7910089290930304
600,18,18.540646120695182,0.10370490438845323,0.05590925415225457,0.035593360295053694,-0.18311795965604613,0.9642857142857143,-0.7990793856922869
600,19,6.995673135294443,0.15550912342217016,0.03974411173546285,0.037741220306149646,-0.426219171507662,0.8928571428571429,-0.7335212100790889
600,20,13.141139239044925,0.05540554523326933,0.05955808970224447,0.04618500878244132,-0.3886716736780791,0.8214285714285714,-0.7821128773319241
600,21,7.060916612634205,0.06351581187329532,0.03355130579519455,0.04270933707092214,-0.425077203075541,0.7857142857142857,-0.7475375386952938
600,22,14.008540120480424,0.2614790921806225,0.15072984592657668,0.1853243520317298,-0.13461201703684578,0.8928571428571429,-0.7640854786525954
600,23,8.735873466438619,0.011496764869781411,0.006262125011149271,0.0031963281820475177,-0.4152377284750011,0.9285714285714286,-0.7727903805064901
600,24,57.68240531273277,0.8045704499798446,0.4106667115011137,0.4099149741637206,-0.09073442453771653,1.0,-0.8005814520588694
600,25,6.8419144308174324,0.06414245627367612,0.02899951810421987,0.036330293608703,-0.432863384351286,0.9642857142857143,-0.7412121358405198
600,26,12.22839540101187,0.11337046945724691,0.05911039270183129,0.07022731832746157,-0.3399158855629965,0.9642857142857143,-0.7713700326564615
600,27,25.923227509444132,0.1431855698811083,0.18592773874220045,0.17455419568574146,-0.12029061360629273,1.0,-0.7961884206778556
600,28,15.346723015836728,0.06083157383036325,0.020147091155855064,0.052644413109886275,-0.32018806838382535,1.0,-0.790989759693385
600,29,27.018162433968328,0.0743314551018977,0.18263199460340776,0.12755449660743534,-0.11658516196458835,0.9642857142857143,-0.8034890781499969
600,30,12.118823127960892,0.04284539588011382,0.02574498901422768,0.03006518184404059,-0.3514606014885038,0.9642857142857143,-0.7829701524515175
600,31,14.60334680043675,0.11296034818854357,0.13470058493187131,0.18999801980331196,-0.25983211227676933,0.9642857142857143,-0.7686233407449187
600,32,64.43821648002599,0.7938500126380079,0.39742722980892264,0.6216104540751813,-0.08685990651016402,1.0,-0.8012734597910742
600,33,6.98586641857121,0.22809729056842798,0.06310314777556007,0.059688609519914254,-0.40894015782283777,0.8571428571428572,-0.7205732371748632
600,34,67.13540442150794,0.5965099975864535,0.4431920743820463,0.369086252103516,-0.09159963054942369,1.0,-0.8072119993024789
600,35,52.850244189742206,0.7181406628655381,0.4311506682909831,0.5599996788538849,-0.08725168017171406,1.0,-0.7957322318845343
600,36,12.743271081932397,0.18096267150251952,0.32506784142228506,0.4006272066269491,-0.2330301117189831,0.8214285714285714,-0.7328005202988357
600,37,8.158569667384088,0.15929299869021768,0.04382373026278833,0.05070468822086707,-0.4040858087031028,0.8571428571428572,-0.7449441215387165
600,38,10.336244594528159,0.0959642534430948,0.05183911061962922,0.0672959931868831,-0.386929974345891,0.8928571428571429,-0.7633769512188664
600,39,6.818822358982007,0.00042122715277091293,0.0005014157711095572,0.0003857082648017306,-0.45119612711788903,0.7857142857142857,-0.7632818007111681
600,40,17.13147187299892,0.2167023813514918,0.09095001993428366,0.12310011684727407,-0.3192805723790507,0.9285714285714286,-0.7772571782186477
600,41,12.685363155725307,0.24520992014548368,0.08656897298653697,0.23258999093186838,-0.13801961482961947,0.8571428571428572,-0.762424747056367
600,42,12.577259104232276,0.13727513998095514,0.17613338437517956,0.17029297810063748,-0.17490015752927573,0.9285714285714286,-0.7586607017015438
600,43,7.173614112775075,0.027767699982206486,0.05735548494633997,0.09761948869915302,-0.40868098071810355,0.9285714285714286,-0.7410413120098159
600,44,10.121283125765652,0.011247219284062367,0.013877790881036267,0.009527836725681423,-0.36775277195960104,0.9642857142857143,-0.7801167371969703
600,45,26.10236364470469,0.2877043196556287,0.07904313494203531,0.1776467252477984,-0.13219937979639448,1.0,-0.7969465341860046
600,46,20.156180464233795,0.40392069659779256,0.23389073966631155,0.28012031147370425,-0.10845125843440036,0.9642857142857143,-0.7717699139558725
600,47,18.799260137848567,0.23258112892013832,0.1569864064808682,0.1398431703903728,-0.15403776481445805,0.8214285714285714,-0.7828852081935017
600,48,64.20761558627183,0.7730002003360277,0.656305863697569,0.4545028775540158,-0.09820902133126955,1.0,-0.7994790304785077
600,49,7.540511779645216,0.21051196275689432,0.10021580945890789,0.12490891954432065,-0.36263124257021573,0.9285714285714286,-0.715137584375189
600,50,50.49321202114554,0.6701053778621794,0.5011582251484255,0.4691390076672655,-0.10336052588751321,1.0,-0.7942812517503143
600,51,17.430117183252786,0.24503833298377733,0.3186627494585255,0.36391361566765684,-0.17380456931272775,0.8214285714285714,-0.758333279945049
600,52,14.722066819986008,0.36413991433237314,0.18652852311226045,0.20200588084142498,-0.12575015731013556,0.9285714285714286,-0.7599729773053131
600,53,7.8118175643821814,0.10370674439565948,0.05281653137788739,0.05038989146626025,-0.37690521229241614,0.9642857142857143,-0.7445707686482331
600,54,23.542730706288935,0.13850736454446916,0.1277627966672172,0.10518250998219592,-0.291562847920922,0.8214285714285714,-0.7952808281307975
600,55,8.19500927710083,0.09452252654466095,0.12087325491481837,0.1752578978216927,-0.39292692895613296,0.9285714285714286,-0.7257914407886016
600,56,21.73268569414226,0.26847471306321347,0.07324948782050926,0.15743232764264908,-0.14834479788987812,0.9642857142857143,-0.7914510601386158
600,57,19.43570975767667,0.49344751680534754,0.23236880464829773,0.2795066761978812,-0.12042432990908443,0.9285714285714286,-0.7668593505097706
600,58,37.99229662109934,0.3797366865770307,0.26806709254391586,0.17686911612938014,-0.1114977706630821,1.0,-0.8013708411670484
600,59,15.385414305304751,0.26320416417895026,0.12499403301541434,0.1327940883216544,-0.12184198230339136,0.9285714285714286,-0.7750962333508159
600,60,64.91843486806734,0.8626306683558042,0.6079433308551455,0.3191046726465995,-0.09378760796349359,1.0,-0.8023880454032716
600,61,49.626489738545544,0.7066746012737536,0.49688890636385447,0.5341188026287828,-0.098269602578119,1.0,-0.7920681980966106
600,62,58.5587304360607,0.833308291015069,0.4786286800595796,0.5457292765379084,-0.08639126201713715,1.0,-0.7972901139167851
600,63,53.41639104858291,0.7271457348330972,0.4377838791740249,0.5853236814333976,-0.08580886493001792,1.0,-0.7954656968080729
600,64,63.61822863407448,0.8584797570035448,0.6306527256290336,0.2988672453838123,-0.09418233787690876,1.0,-0.8018783979639541
600,65,59.990026915037426,0.66828275261798,0.412322666807156,0.5163903870880754,-0.08192709272617825,1.0,-0.8017139385348082
600,66,16.192440468289796,0.12969447368939682,0.29043859605149197,0.46073650376048025,-0.17849301844218998,0.8571428571428572,-0.7594770909851064
600,67,6.779172260503424,0.0010423979791309242,0.0006694841803398932,0.0006544208468586908,-0.4480407246795125,0.8214285714285714,-0.7618479869938255
600,68,8.06981699604683,0.21001372572136442,0.058549521956306215,0.06511964426546728,-0.3659526044109513,0.9642857142857143,-0.7347258498919749
600,69,8.829494706131882,0.08015905075418224,0.166178817800594,0.2704980060723381,-0.3816828380839508,1.0,-0.7202222947458239
600,70,23.969197169063566,0.23178280970153164,0.12738544794092974,0.1534125516520813,-0.20568889415063163,0.8571428571428572,-0.7917283053834794
600,71,63.44722467163688,0.7603560295520504,0.5924461390678376,0.40883402330047375,-0.09947718507051327,1.0,-0.8010057121818474
600,72,7.345512566476082,0.3094232406011102,0.06550308590660235,0.08680531334274331,-0.37584943116597197,0.7857142857142857,-0.7166169841208697
600,73,21.280380605219722,0.17477454106948218,0.11405918755344091,0.17574005040798102,-0.28526924727377034,0.8928571428571429,-0.7859282757735152
600,74,6.890548340184803,0.021459020759398248,0.017651298865502856,0.07857424150379501,-0.41688961736764807,0.8571428571428572,-0.7487857166918477
600,75,21.52424241836344,0.18520705434943513,0.11652120623548473,0.1780008334022518,-0.2706565311490062,0.8214285714285714,-0.7869621826916171
600,76,19.485664024705823,0.4902770173866749,0.2290218073655203,0.27950591352129994,-0.12133101092475342,0.8928571428571429,-0.7676754146599934
700,0,8.073009342084584,0.03250969092504144,0.02181188726209727,0.029344529262084054,-0.41725106263149675,0.8214285714285714,-0.7630894981186752
700,1,9.165300816022206,0.011622169990919909,0.006243837718150222,0.003124751528466204,-0.4068434616302909,0.9642857142857143,-0.7748140447142334
700,2,38.199469718720856,0.3795507941874362,0.22433989385380615,0.17670829202097688,-0.10988881885278713,1.0,-0.8026656486173496
700,3,19.51277792362735,0.1371699634332645,0.019027470973460348,0.05562173882808638,-0.2575122078226412,0.9285714285714286,-0.7986982414646971
700,4,21.77129143808102,0.11362442164407843,0.20687570385515267,0.16399857324073672,-0.15976072311018436,0.8214285714285714,-0.7912403595285114
700,5,17.881625811124756,0.024446869292619765,0.08195709167393525,0.08744247968823887,-0.3838951746942904,0.8571428571428572,-0.7929995579871487
700,6,7.064958934073199,0.0019946198801872547,0.0016627398085488894,0.0017894693149811416,-0.43234666735518307,0.8571428571428572,-0.763823227132703
700,7,25.603995040432373,0.15328203188065284,0.164558430214776,0.19740474756972273,-0.1262969181510497,0.8928571428571429,-0.796166375796713
700,8,7.110743115351645,0.06337301082467911,0.034567902726618034,0.04397886097668067,-0.4246653346476098,0.8214285714285714,-0.7466683742187988
700,9,6.895473312731188,5.356403200203301e-08,7.763677057799721e-07,8.743683593085762e-07,-0.45205153276292465,0.75,-0.7652422089737205
700,10,7.407968279928742,0.013573366741351641,0.0065781206217612725,0.010621224268074762,-0.42054739490209037,0.9285714285714286,-0.7618042823291745
700,11,41.171393709659455,0.2647397116728648,0.1059079320889677,0.21435533944603571,-0.1190295465301441,0.8928571428571429,-0.8093976798674392
700,12,11.264884655840335,0.006491358332457556,0.011967169809349322,0.004275769923751956,-0.3536520608463438,0.9285714285714286,-0.787744818590153
700,13,9.681289609150511,0.023831640252674167,0.024179189100148275,0.00890483978525962,-0.3720926165010564,0.9642857142857143,-0.7755174869373519
700,14,18.196713247030463,0.1389700745683645,0.1167988194230632,0.14452802996510228,-0.14095162283060814,1.0,-0.785172580066768
700,15,6.861290688008588,0.005992326718429614,0.0025748530191711406,0.004136752557634485,-0.436498112920878,0.9285714285714286,-0.7585284819737834
700,16,6.994386966639927,0.02189518264324882,0.01909332652318873,0.01917108516669027,-0.4420854092016071,0.8571428571428572,-0.7543610428550801
700,17,18.374775491200932,0.14292359850094863,0.09453436185697338,0.06132711086646551,-0.23856062939215075,0.9285714285714286,-0.7910089290930304
700,18,18.540646120695182,0.10370490438845323,0.05590925415225457,0.035593360295053694,-0.18311795965604613,0.9642857142857143,-0.7990793856922869
700,19,6.995673135294443,0.15550912342217016,0.03974411173546285,0.037741220306149646,-0.426219171507662,0.8928571428571429,-0.7335212100790889
700,20,13.141139239044925,0.05540554523326933,0.05955808970224447,0.04618500878244132,-0.3886716736780791,0.8214285714285714,-0.7821128773319241
700,21,7.060916612634205,0.06351581187329532,0.03355130579519455,0.04270933707092214,-0.425077203075541,0.7857142857142857,-0.7475375386952938
700,22,8.735873466438619,0.011496764869781411,0.006262125011149271,0.0031963281820475177,-0.4152377284750011,0.9285714285714286,-0.7727903805064901
700,23,6.8419144308174324,0.06414245627367612,0.02899951810421987,0.036330293608703,-0.432863384351286,0.9642857142857143,-0.7412121358405198
700,24,12.22839540101187,0.11337046945724691,0.05911039270183129,0.07022731832746157,-0.3399158855629965,0.9642857142857143,-0.7713700326564615
700,25,25.923227509444132,0.1431855698811083,0.18592773874220045,0.17455419568574146,-0.12029061360629273,1.0,-0.7961884206778556
700,26,15.346723015836728,0.06083157383036325,0.020147091155855064,0.052644413109886275,-0.32018806838382535,1.0,-0.790989759693385
700,27,27.018162433968328,0.0743314551018977,0.18263199460340776,0.12755449660743534,-0.11658516196458835,0.9642857142857143,-0.8034890781499969
700,28,12.118823127960892,0.04284539588011382,0.02574498901422768,0.03006518184404059,-0.3514606014885038,0.9642857142857143,-0.7829701524515175
700,29,14.60334680043675,0.11296034818854357,0.13470058493187131,0.18999801980331196,-0.25983211227676933,0.9642857142857143,-0.7686233407449187
700,30,6.98586641857121,0.22809729056842798,0.06310314777556007,0.059688609519914254,-0.40894015782283777,0.8571428571428572,-0.7205732371748632
700,31,12.743271081932397,0.18096267150251952,0.32506784142228506,0.4006272066269491,-0.2330301117189831,0.8214285714285714,-0.7328005202988357
700,32,8.158569667384088,0.15929299869021768,0.04382373026278833,0.05070468822086707,-0.4040858087031028,0.8571428571428572,-0.7449441215387165
700,33,10.336244594528159,0.0959642534430948,0.05183911061962922,0.0672959931868831,-0.386929974345891,0.8928571428571429,-0.7633769512188664
700,34,6.818822358982007,0.00042122715277091293,0.0005014157711095572,0.0003857082648017306,-0.45119612711788903,0.7857142857142857,-0.7632818007111681
700,35,17.13147187299892,0.2167023813514918,0.09095001993428366,0.12310011684727407,-0.3192805723790507,0.9285714285714286,-0.7772571782186477
700,36,12.577259104232276,0.13727513998095514,0.17613338437517956,0.17029297810063748,-0.17490015752927573,0.9285714285714286,-0.7586607017015438
700,37,7.173614112775075,0.027767699982206486,0.05735548494633997,0.09761948869915302,-0.40868098071810355,0.9285714285714286,-0.7410413120098159
700,38,10.121283125765652,0.011247219284062367,0.013877790881036267,0.009527836725681423,-0.36775277195960104,0.9642857142857143,-0.7801167371969703
700,39,26.10236364470469,0.2877043196556287,0.07904313494203531,0.1776467252477984,-0.13219937979639448,1.0,-0.7969465341860046
700,40,20.156180464233795,0.40392069659779256,0.23389073966631155,0.28012031147370425,-0.10845125843440036,0.9642857142857143,-0.7717699139558725
700,41,18.799260137848567,0.23258112892013832,0.1569864064808682,0.1398431703903728,-0.15403776481445805,0.8214285714285714,-0.7828852081935017
700,42,7.540511779645216,0.21051196275689432,0.10021580945890789,0.12490891954432065,-0.36263124257021573,0.9285714285714286,-0.715137584375189
700,43,50.49321202114554,0.6701053778621794,0.5011582251484255,0.4691390076672655,-0.10336052588751321,1.0,-0.7942812517503143
700,44,17.430117183252786,0.24503833298377733,0.3186627494585255,0.36391361566765684,-0.17380456931272775,0.8214285714285714,-0.758333279945049
700,45,14.722066819986008,0.36413991433237314,0.18652852311226045,0.20200588084142498,-0.12575015731013556,0.9285714285714286,-0.7599729773053131
700,46,7.8118175643821814,0.10370674439565948,0.05281653137788739,0.05038989146626025,-0.37690521229241614,0.9642857142857143,-0.7445707686482331
700,47,23.542730706288935,0.13850736454446916,0.1277627966672172,0.10518250998219592,-0.291562847920922,0.8214285714285714,-0.7952808281307975
700,48,8.19500927710083,0.09452252654466095,0.12087325491481837,0.1752578978216927,-0.39292692895613296,0.9285714285714286,-0.7257914407886016
700,49,21.73268569414226,0.26847471306321347,0.07324948782050926,0.15743232764264908,-0.14834479788987812,0.9642857142857143,-0.7914510601386158
700,50,19.43570975767667,0.49344751680534754,0.23236880464829773,0.2795066761978812,-0.12042432990908443,0.9285714285714286,-0.7668593505097706
700,51,37.99229662109934,0.3797366865770307,0.26806709254391586,0.17686911612938014,-0.1114977706630821,1.0,-0.8013708411670484
700,52,15.385414305304751,0.26320416417895026,0.12499403301541434,0.1327940883216544,-0.12184198230339136,0.9285714285714286,-0.7750962333508159
700,53,16.192440468289796,0.12969447368939682,0.29043859605149197,0.46073650376048025,-0.17849301844218998,0.8571428571428572,-0.7594770909851064
700,54,6.779172260503424,0.0010423979791309242,0.0006694841803398932,0.0006544208468586908,-0.4480407246795125,0.8214285714285714,-0.7618479869938255
700,55,8.06981699604683,0.21001372572136442,0.058549521956306215,0.06511964426546728,-0.3659526044109513,0.9642857142857143,-0.7347258498919749
700,56,8.829494706131882,0.08015905075418224,0.166178817800594,0.2704980060723381,-0.3816828380839508,1.0,-0.7202222947458239
700,57,7.345512566476082,0.3094232406011102,0.06550308590660235,0.08680531334274331,-0.37584943116597197,0.7857142857142857,-0.7166169841208697
700,58,21.280380605219722,0.17477454106948218,0.11405918755344091,0.17574005040798102,-0.28526924727377034,0.8928571428571429,-0.7859282757735152
700,59,6.890548340184803,0.021459020759398248,0.017651298865502856,0.07857424150379501,-0.41688961736764807,0.8571428571428572,-0.7487857166918477
700,60,19.485664024705823,0.4902770173866749,0.2290218073655203,0.27950591352129994,-0.12133101092475342,0.8928571428571429,-0.7676754146599934
700,61,70.95164706146132,0.9009922079028034,0.7026267383690542,0.6870192892825319,-0.09954539984105944,1.0,-0.7967650078437246
700,62,7.019959183868432,0.027241934797301262,0.05722445625955331,0.09747885024545953,-0.4145758938044506,0.8571428571428572,-0.7411319752366496
700,63,18.554507419952618,0.26507146660157954,0.3217848301713791,0.36690303941710467,-0.15347919155702694,0.8928571428571429,-0.761659208938501
700,64,26.193847422950448,0.15770854891698893,0.08437336665488612,0.1777617060316919,-0.13589017892701863,0.9285714285714286,-0.8005439576526268
700,65,25.57900788787091,0.28812165893802144,0.13862062976839723,0.1985220673930618,-0.2746902171848209,0.8571428571428572,-0.7876715220720555
700,66,11.33114567277724,0.11823087251325405,0.04732803146538739,0.053152427137849255,-0.36439751119933533,0.8928571428571429,-0.7702018817498639
700,67,23.481894177157688,0.17649901139545013,0.3188993600001087,0.48005769755763755,-0.1117458653185407,0.9642857142857143,-0.7792104000705922
700,68,23.341592982433536,0.13687245534541384,0.06620257023525036,0.054832352133470895,-0.32661943337626914,0.8214285714285714,-0.8006801749938324
700,69,19.39226788325923,0.1743436011472338,0.05561951398028065,0.16217321982299865,-0.30068867335475136,0.8214285714285714,-0.7875321993688578
700,70,26.374944298094267,0.1931004507624418,0.12317487867055735,0.1399546522527366,-0.24439509915916163,0.8928571428571429,-0.7959502066448387
700,71,65.0059417909725,0.8337902088011666,0.5221008938949798,0.30792554035519737,-0.10077575829642141,1.0,-0.8039721755020652
800,0,8.073009342084584,0.03250969092504144,0.02181188726209727,0.029344529262084054,-0.41725106263149675,0.8214285714285714,-0.7630894981186752
800,1,9.165300816022206,0.011622169990919909,0.006243837718150222,0.003124751528466204,-0.4068434616302909,0.9642857142857143,-0.7748140447142334
800,2,38.199469718720856,0.3795507941874362,0.22433989385380615,0.17670829202097688,-0.10988881885278713,1.0,-0.8026656486173496
800,3,19.51277792362735,0.1371699634332645,0.019027470973460348,0.05562173882808638,-0.2575122078226412,0.9285714285714286,-0.7986982414646971
800,4,21.77129143808102,0.11362442164407843,0.20687570385515267,0.16399857324073672,-0.15976072311018436,0.8214285714285714,-0.7912403595285114
800,5,17.881625811124756,0.024446869292619765,0.08195709167393525,0.08744247968823887,-0.3838951746942904,0.8571428571428572,-0.7929995579871487
800,6,7.064958934073199,0.0019946198801872547,0.0016627398085488894,0.0017894693149811416,-0.43234666735518307,0.8571428571428572,-0.763823227132703
800,7,7.110743115351645,0.06337301082467911,0.034567902726618034,0.04397886097668067,-0.4246653346476098,0.8214285714285714,-0.7466683742187988
800,8,6.895473312731188,5.356403200203301e-08,7.763677057799721e-07,8.743683593085762e-07,-0.45205153276292465,0.75,-0.7652422089737205
800,9,7.407968279928742,0.013573366741351641,0.0065781206217612725,0.010621224268074762,-0.42054739490209037,0.9285714285714286,-0.7618042823291745
800,10,41.171393709659455,0.2647397116728648,0.1059079320889677,0.21435533944603571,-0.1190295465301441,0.8928571428571429,-0.8093976798674392
800,11,9.681289609150511,0.023831640252674167,0.024179189100148275,0.00890483978525962,-0.3720926165010564,0.9642857142857143,-0.7755174869373519
800,12,18.196713247030463,0.1389700745683645,0.1167988194230632,0.14452802996510228,-0.14095162283060814,1.0,-0.785172580066768
800,13,6.861290688008588,0.005992326718429614,0.0025748530191711406,0.004136752557634485,-0.436498112920878,0.9285714285714286,-0.7585284819737834
800,14,6.994386966639927,0.02189518264324882,0.01909332652318873,0.01917108516669027,-0.4420854092016071,0.8571428571428572,-0.7543610428550801
800,15,18.374775491200932,0.14292359850094863,0.09453436185697338,0.06132711086646551,-0.23856062939215075,0.9285714285714286,-0.7910089290930304
800,16,18.540646120695182,0.10370490438845323,0.05590925415225457,0.035593360295053694,-0.18311795965604613,0.9642857142857143,-0.7990793856922869
800,17,6.995673135294443,0.15550912342217016,0.03974411173546285,0.037741220306149646,-0.426219171507662,0.8928571428571429,-0.7335212100790889
800,18,13.141139239044925,0.05540554523326933,0.05955808970224447,0.04618500878244132,-0.3886716736780791,0.8214285714285714,-0.7821128773319241
800,19,7.060916612634205,0.06351581187329532,0.03355130579519455,0.04270933707092214,-0.425077203075541,0.7857142857142857,-0.7475375386952938
800,20,8.735873466438619,0.011496764869781411,0.006262125011149271,0.0031963281820475177,-0.4152377284750011,0.9285714285714286,-0.7727903805064901
800,21,6.8419144308174324,0.06414245627367612,0.02899951810421987,0.036330293608703,-0.432863384351286,0.9642857142857143,-0.7412121358405198
800,22,12.22839540101187,0.11337046945724691,0.05911039270183129,0.07022731832746157,-0.3399158855629965,0.9642857142857143,-0.7713700326564615
800,23,15.346723015836728,0.06083157383036325,0.020147091155855064,0.052644413109886275,-0.32018806838382535,1.0,-0.790989759693385
800,24,12.118823127960892,0.04284539588011382,0.02574498901422768,0.03006518184404059,-0.3514606014885038,0.9642857142857143,-0.7829701524515175
800,25,14.60334680043675,0.11296034818854357,0.13470058493187131,0.18999801980331196,-0.25983211227676933,0.9642857142857143,-0.7686233407449187
800,26,6.98586641857121,0.22809729056842798,0.06310314777556007,0.059688609519914254,-0.40894015782283777,0.8571428571428572,-0.7205732371748632
800,27,12.743271081932397,0.18096267150251952,0.32506784142228506,0.4006272066269491,-0.2330301117189831,0.8214285714285714,-0.7328005202988357
800,28,8.158569667384088,0.15929299869021768,0.04382373026278833,0.05070468822086707,-0.4040858087031028,0.8571428571428572,-0.7449441215387165
800,29,10.336244594528159,0.0959642534430948,0.05183911061962922,0.0672959931868831,-0.386929974345891,0.8928571428571429,-0.7633769512188664
800,30,6.818822358982007,0.00042122715277091293,0.0005014157711095572,0.0003857082648017306,-0.45119612711788903,0.7857142857142857,-0.7632818007111681
800,31,17.13147187299892,0.2167023813514918,0.09095001993428366,0.12310011684727407,-0.3192805723790507,0.9285714285714286,-0.7772571782186477
800,32,7.173614112775075,0.027767699982206486,0.05735548494633997,0.09761948869915302,-0.40868098071810355,0.9285714285714286,-0.7410413120098159
800,33,10.121283125765652,0.011247219284062367,0.013877790881036267,0.009527836725681423,-0.36775277195960104,0.9642857142857143,-0.7801167371969703
800,34,26.10236364470469,0.2877043196556287,0.07904313494203531,0.1776467252477984,-0.13219937979639448,1.0,-0.7969465341860046
800,35,18.799260137848567,0.23258112892013832,0.1569864064808682,0.1398431703903728,-0.15403776481445805,0.8214285714285714,-0.7828852081935017
800,36,7.540511779645216,0.21051196275689432,0.10021580945890789,0.12490891954432065,-0.36263124257021573,0.9285714285714286,-0.715137584375189
800,37,50.49321202114554,0.6701053778621794,0.5011582251484255,0.4691390076672655,-0.10336052588751321,1.0,-0.7942812517503143
800,38,17.430117183252786,0.24503833298377733,0.3186627494585255,0.36391361566765684,-0.17380456931272775,0.8214285714285714,-0.758333279945049
800,39,14.722066819986008,0.36413991433237314,0.18652852311226045,0.20200588084142498,-0.12575015731013556,0.9285714285714286,-0.7599729773053131
800,40,7.8118175643821814,0.10370674439565948,0.05281653137788739,0.05038989146626025,-0.37690521229241614,0.9642857142857143,-0.7445707686482331
800,41,23.542730706288935,0.13850736454446916,0.1277627966672172,0.10518250998219592,-0.291562847920922,0.8214285714285714,-0.7952808281307975
800,42,8.19500927710083,0.09452252654466095,0.12087325491481837,0.1752578978216927,-0.39292692895613296,0.9285714285714286,-0.7257914407886016
800,43,21.73268569414226,0.26847471306321347,0.07324948782050926,0.15743232764264908,-0.14834479788987812,0.9642857142857143,-0.7914510601386158
800,44,19.43570975767667,0.49344751680534754,0.23236880464829773,0.2795066761978812,-0.12042432990908443,0.9285714285714286,-0.7668593505097706
800,45,37.99229662109934,0.3797366865770307,0.26806709254391586,0.17686911612938014,-0.1114977706630821,1.0,-0.8013708411670484
800,46,15.385414305304751,0.26320416417895026,0.12499403301541434,0.1327940883216544,-0.12184198230339136,0.9285714285714286,-0.7750962333508159
800,47,16.192440468289796,0.12969447368939682,0.29043859605149197,0.46073650376048025,-0.17849301844218998,0.8571428571428572,-0.7594770909851064
800,48,6.779172260503424,0.0010423979791309242,0.0006694841803398932,0.0006544208468586908,-0.4480407246795125,0.8214285714285714,-0.7618479869938255
800,49,8.06981699604683,0.21001372572136442,0.058549521956306215,0.06511964426546728,-0.3659526044109513,0.9642857142857143,-0.7347258498919749
800,50,8.829494706131882,0.08015905075418224,0.166178817800594,0.2704980060723381,-0.3816828380839508,1.0,-0.7202222947458239
800,51,7.345512566476082,0.3094232406011102,0.06550308590660235,0.08680531334274331,-0.37584943116597197,0.7857142857142857,-0.7166169841208697
800,52,21.280380605219722,0.17477454106948218,0.11405918755344091,0.17574005040798102,-0.28526924727377034,0.8928571428571429,-0.7859282757735152
800,53,19.485664024705823,0.4902770173866749,0.2290218073655203,0.27950591352129994,-0.12133101092475342,0.8928571428571429,-0.7676754146599934
800,54,70.95164706146132,0.9009922079028034,0.7026267383690542,0.6870192892825319,-0.09954539984105944,1.0,-0.7967650078437246
800,55,7.019959183868432,0.027241934797301262,0.05722445625955331,0.09747885024545953,-0.4145758938044506,0.8571428571428572,-0.7411319752366496
800,56,18.554507419952618,0.26507146660157954,0.3217848301713791,0.36690303941710467,-0.15347919155702694,0.8928571428571429,-0.761659208938501
800,57,26.193847422950448,0.15770854891698893,0.08437336665488612,0.1777617060316919,-0.13589017892701863,0.9285714285714286,-0.8005439576526268
800,58,25.57900788787091,0.28812165893802144,0.13862062976839723,0.1985220673930618,-0.2746902171848209,0.8571428571428572,-0.7876715220720555
800,59,11.33114567277724,0.11823087251325405,0.04732803146538739,0.053152427137849255,-0.36439751119933533,0.8928571428571429,-0.7702018817498639
800,60,23.481894177157688,0.17649901139545013,0.3188993600001087,0.48005769755763755,-0.1117458653185407,0.9642857142857143,-0.7792104000705922
800,61,23.341592982433536,0.13687245534541384,0.06620257023525036,0.054832352133470895,-0.32661943337626914,0.8214285714285714,-0.8006801749938324
800,62,19.39226788325923,0.1743436011472338,0.05561951398028065,0.16217321982299865,-0.30068867335475136,0.8214285714285714,-0.7875321993688578
800,63,26.374944298094267,0.1931004507624418,0.12317487867055735,0.1399546522527366,-0.24439509915916163,0.8928571428571429,-0.7959502066448387
800,64,31.949764945998922,0.17498020618135277,0.18161292168105167,0.1612173771189478,-0.12943987723913988,0.9642857142857143,-0.8021017166281204
800,65,10.248165867626287,0.014582791803167246,0.024780126197135977,0.02039730935787162,-0.394279289448479,0.9285714285714286,-0.7775625218678051
800,66,7.144528318459951,0.009045742373806086,0.004680350108322651,0.00755966186999449,-0.4395336239870814,0.8214285714285714,-0.7628724837807848
800,67,18.487790930036105,0.1227194487473572,0.02925751591571905,0.057222494709706105,-0.29720542275710354,0.8928571428571429,-0.7959454592882518
800,68,29.93897005963221,0.3217253662070892,0.09172915432750402,0.23201960713307396,-0.11908194715647713,0.9285714285714286,-0.7995801228349773
800,69,67.51116692788779,0.8851640660695734,0.6358578101614079,0.3661532584314203,-0.10140738877072746,1.0,-0.8018932615980707
800,70,24.91242631040141,0.49839986069331216,0.35710043290367904,0.29172157727751097,-0.11648370631236887,0.9642857142857143,-0.7746055268910688
800,71,22.105177781930315,0.24587333453225624,0.22320296011185242,0.36116231781370756,-0.1052952756436762,0.8571428571428572,-0.7812174176446939
800,72,16.264986309855587,0.23556630395616512,0.29360083666373865,0.22807260115488154,-0.17834480393481478,1.0,-0.7582822989086528
800,73,7.0587933019131,0.020303364219367487,0.016769327857628472,0.07375580013483217,-0.41986169995419276,0.8571428571428572,-0.7511232427007196
800,74,7.548692167761572,0.03762239207404151,0.07060045389057423,0.17126642537723427,-0.40078127266364383,0.8571428571428572,-0.7363714232135563
800,75,14.62881520117951,0.30037066782992894,0.19420755907082085,0.1848968904583678,-0.13715776440203653,0.9642857142857143,-0.7607539290368092
800,76,15.553992372816934,0.13477504445879382,0.18080637645425504,0.449718852089025,-0.18646835553340638,0.8571428571428572,-0.762049436233072
800,77,9.772470000371825,0.3045323035826323,0.09980222489131708,0.04944437533427806,-0.29690470190158413,0.8571428571428572,-0.7453639687403318
800,78,17.994890372212897,0.20775645394743775,0.09894160209260881,0.12006023395989686,-0.30253354922511494,0.9285714285714286,-0.7802134348442191
800,79,11.909686988817443,0.02497101720414923,0.023500356667260816,0.026499927853270377,-0.3538872619017394,0.9642857142857143,-0.7839968215707022
800,80,9.062249823298545,0.05813562781768517,0.033781287174462805,0.05214030901825696,-0.3467698349330219,0.9285714285714286,-0.7641970807971401
900,0,8.073009342084584,0.03250969092504144,0.02181188726209727,0.029344529262084054,-0.41725106263149675,0.8214285714285714,-0.7630894981186752
900,1,9.165300816022206,0.011622169990919909,0.006243837718150222,0.003124751528466204,-0.4068434616302909,0.9642857142857143,-0.7748140447142334
900,2,38.199469718720856,0.3795507941874362,0.22433989385380615,0.17670829202097688,-0.10988881885278713,1.0,-0.8026656486173496
900,3,19.51277792362735,0.1371699634332645,0.019027470973460348,0.05562173882808638,-0.2575122078226412,0.9285714285714286,-0.7986982414646971
900,4,21.77129143808102,0.11362442164407843,0.20687570385515267,0.16399857324073672,-0.15976072311018436,0.8214285714285714,-0.7912403595285114
900,5,17.881625811124756,0.024446869292619765,0.08195709167393525,0.08744247968823887,-0.3838951746942904,0.8571428571428572,-0.7929995579871487
900,6,7.064958934073199,0.0019946198801872547,0.0016627398085488894,0.0017894693149811416,-0.43234666735518307,0.8571428571428572,-0.763823227132703
900,7,7.110743115351645,0.06337301082467911,0.034567902726618034,0.04397886097668067,-0.4246653346476098,0.8214285714285714,-0.7466683742187988
900,8,6.895473312731188,5.356403200203301e-08,7.763677057799721e-07,8.743683593085762e-07,-0.45205153276292465,0.75,-0.7652422089737205
900,9,7.407968279928742,0.013573366741351641,0.0065781206217612725,0.010621224268074762,-0.42054739490209037,0.9285714285714286,-0.7618042823291745
900,10,41.171393709659455,0.2647397116728648,0.1059079320889677,0.21435533944603571,-0.1190295465301441,0.8928571428571429,-0.8093976798674392
900,11,9.681289609150511,0.023831640252674167,0.024179189100148275,0.00890483978525962,-0.3720926165010564,0.9642857142857143,-0.7755174869373519
900,12,18.196713247030463,0.1389700745683645,0.1167988194230632,0.14452802996510228,-0.14095162283060814,1.0,-0.785172580066768
900,13,6.861290688008588,0.005992326718429614,0.0025748530191711406,0.004136752557634485,-0.436498112920878,0.9285714285714286,-0.7585284819737834
900,14,6.994386966639927,0.02189518264324882,0.01909332652318873,0.01917108516669027,-0.4420854092016071,0.8571428571428572,-0.7543610428550801
900,15,18.374775491200932,0.14292359850094863,0.09453436185697338,0.06132711086646551,-0.23856062939215075,0.9285714285714286,-0.7910089290930304
900,16,18.540646120695182,0.10370490438845323,0.05590925415225457,0.035593360295053694,-0.18311795965604613,0.9642857142857143,-0.7990793856922869
900,17,6.995673135294443,0.15550912342217016,0.03974411173546285,0.037741220306149646,-0.426219171507662,0.8928571428571429,-0.7335212100790889
900,18,13.141139239044925,0.05540554523326933,0.05955808970224447,0.04618500878244132,-0.3886716736780791,0.8214285714285714,-0.7821128773319241
900,19,7.060916612634205,0.06351581187329532,0.03355130579519455,0.04270933707092214,-0.425077203075541,0.7857142857142857,-0.7475375386952938
900,20,8.735873466438619,0.011496764869781411,0.006262125011149271,0.0031963281820475177,-0.4152377284750011,0.9285714285714286,-0.7727903805064901
900,21,6.8419144308174324,0.06414245627367612,0.02899951810421987,0.036330293608703,-0.432863384351286,0.9642857142857143,-0.7412121358405198
900,22,12.22839540101187,0.11337046945724691,0.05911039270183129,0.07022731832746157,-0.3399158855629965,0.9642857142857143,-0.7713700326564615
900,23,15.346723015836728,0.06083157383036325,0.020147091155855064,0.052644413109886275,-0.32018806838382535,1.0,-0.790989759693385
900,24,12.118823127960892,0.04284539588011382,0.02574498901422768,0.03006518184404059,-0.3514606014885038,0.9642857142857143,-0.7829701524515175
900,25,14.60334680043675,0.11296034818854357,0.13470058493187131,0.18999801980331196,-0.25983211227676933,0.9642857142857143,-0.7686233407449187
900,26,6.98586641857121,0.22809729056842798,0.06310314777556007,0.059688609519914254,-0.40894015782283777,0.8571428571428572,-0.7205732371748632
900,27,12.743271081932397,0.18096267150251952,0.32506784142228506,0.4006272066269491,-0.2330301117189831,0.8214285714285714,-0.7328005202988357
900,28,8.158569667384088,0.15929299869021768,0.04382373026278833,0.05070468822086707,-0.4040858087031028,0.8571428571428572,-0.7449441215387165
900,29,10.336244594528159,0.0959642534430948,0.05183911061962922,0.0672959931868831,-0.386929974345891,0.8928571428571429,-0.7633769512188664
900,30,6.818822358982007,0.00042122715277091293,0.0005014157711095572,0.0003857082648017306,-0.45119612711788903,0.7857142857142857,-0.7632818007111681
900,31,17.13147187299892,0.2167023813514918,0.09095001993428366,0.12310011684727407,-0.3192805723790507,0.9285714285714286,-0.7772571782186477
900,32,7.173614112775075,0.027767699982206486,0.05735548494633997,0.09761948869915302,-0.40868098071810355,0.9285714285714286,-0.7410413120098159
900,33,10.121283125765652,0.011247219284062367,0.013877790881036267,0.009527836725681423,-0.36775277195960104,0.9642857142857143,-0.7801167371969703
900,34,18.799260137848567,0.23258112892013832,0.1569864064808682,0.1398431703903728,-0.15403776481445805,0.8214285714285714,-0.7828852081935017
900,35,7.540511779645216,0.21051196275689432,0.10021580945890789,0.12490891954432065,-0.36263124257021573,0.9285714285714286,-0.715137584375189
900,36,50.49321202114554,0.6701053778621794,0.5011582251484255,0.4691390076672655,-0.10336052588751321,1.0,-0.7942812517503143
900,37,17.430117183252786,0.24503833298377733,0.3186627494585255,0.36391361566765684,-0.17380456931272775,0.8214285714285714,-0.758333279945049
900,38,14.722066819986008,0.36413991433237314,0.18652852311226045,0.20200588084142498,-0.12575015731013556,0.9285714285714286,-0.7599729773053131
900,39,7.8118175643821814,0.10370674439565948,0.05281653137788739,0.05038989146626025,-0.37690521229241614,0.9642857142857143,-0.7445707686482331
900,40,23.542730706288935,0.13850736454446916,0.1277627966672172,0.10518250998219592,-0.291562847920922,0.8214285714285714,-0.7952808281307975
900,41,8.19500927710083,0.09452252654466095,0.12087325491481837,0.1752578978216927,-0.39292692895613296,0.9285714285714286,-0.7257914407886016
900,42,21.73268569414226,0.26847471306321347,0.07324948782050926,0.15743232764264908,-0.14834479788987812,0.9642857142857143,-0.7914510601386158
900,43,19.43570975767667,0.49344751680534754,0.23236880464829773,0.2795066761978812,-0.12042432990908443,0.9285714285714286,-0.7668593505097706
900,44,37.99229662109934,0.3797366865770307,0.26806709254391586,0.17686911612938014,-0.1114977706630821,1.0,-0.8013708411670484
900,45,16.192440468289796,0.12969447368939682,0.29043859605149197,0.46073650376048025,-0.17849301844218998,0.8571428571428572,-0.7594770909851064
900,46,6.779172260503424,0.0010423979791309242,0.0006694841803398932,0.0006544208468586908,-0.4480407246795125,0.8214285714285714,-0.7618479869938255
900,47,8.06981699604683,0.21001372572136442,0.058549521956306215,0.06511964426546728,-0.3659526044109513,0.9642857142857143,-0.7347258498919749
900,48,8.829494706131882,0.08015905075418224,0.166178817800594,0.2704980060723381,-0.3816828380839508,1.0,-0.7202222947458239
900,49,7.345512566476082,0.3094232406011102,0.06550308590660235,0.08680531334274331,-0.37584943116597197,0.7857142857142857,-0.7166169841208697
900,50,21.280380605219722,0.17477454106948218,0.11405918755344091,0.17574005040798102,-0.28526924727377034,0.8928571428571429,-0.7859282757735152
900,51,19.485664024705823,0.4902770173866749,0.2290218073655203,0.27950591352129994,-0.12133101092475342,0.8928571428571429,-0.7676754146599934
900,52,70.95164706146132,0.9009922079028034,0.7026267383690542,0.6870192892825319,-0.09954539984105944,1.0,-0.7967650078437246
900,53,18.554507419952618,0.26507146660157954,0.3217848301713791,0.36690303941710467,-0.15347919155702694,0.8928571428571429,-0.761659208938501
900,54,25.57900788787091,0.28812165893802144,0.13862062976839723,0.1985220673930618,-0.2746902171848209,0.8571428571428572,-0.7876715220720555
900,55,11.33114567277724,0.11823087251325405,0.04732803146538739,0.053152427137849255,-0.36439751119933533,0.8928571428571429,-0.7702018817498639
900,56,23.481894177157688,0.17649901139545013,0.3188993600001087,0.48005769755763755,-0.1117458653185407,0.9642857142857143,-0.7792104000705922
900,57,23.341592982433536,0.13687245534541384,0.06620257023525036,0.054832352133470895,-0.32661943337626914,0.8214285714285714,-0.8006801749938324
900,58,19.39226788325923,0.1743436011472338,0.05561951398028065,0.16217321982299865,-0.30068867335475136,0.8214285714285714,-0.7875321993688578
900,59,26.374944298094267,0.1931004507624418,0.12317487867055735,0.1399546522527366,-0.24439509915916163,0.8928571428571429,-0.7959502066448387
900,60,31.949764945998922,0.17498020618135277,0.18161292168105167,0.1612173771189478,-0.12943987723913988,0.9642857142857143,-0.8021017166281204
900,61,10.248165867626287,0.014582791803167246,0.024780126197135977,0.02039730935787162,-0.394279289448479,0.9285714285714286,-0.7775625218678051
900,62,7.144528318459951,0.009045742373806086,0.004680350108322651,0.00755966186999449,-0.4395336239870814,0.8214285714285714,-0.7628724837807848
900,63,18.487790930036105,0.1227194487473572,0.02925751591571905,0.057222494709706105,-0.29720542275710354,0.8928571428571429,-0.7959454592882518
900,64,29.93897005963221,0.3217253662070892,0.09172915432750402,0.23201960713307396,-0.11908194715647713,0.9285714285714286,-0.7995801228349773
900,65,67.51116692788779,0.8851640660695734,0.6358578101614079,0.3661532584314203,-0.10140738877072746,1.0,-0.8018932615980707
900,66,24.91242631040141,0.49839986069331216,0.35710043290367904,0.29172157727751097,-0.11648370631236887,0.9642857142857143,-0.7746055268910688
900,67,22.105177781930315,0.24587333453225624,0.22320296011185242,0.36116231781370756,-0.1052952756436762,0.8571428571428572,-0.7812174176446939
900,68,16.264986309855587,0.23556630395616512,0.29360083666373865,0.22807260115488154,-0.17834480393481478,1.0,-0.7582822989086528
900,69,7.0587933019131,0.020303364219367487,0.016769327857628472,0.07375580013483217,-0.41986169995419276,0.8571428571428572,-0.7511232427007196
900,70,7.548692167761572,0.03762239207404151,0.07060045389057423,0.17126642537723427,-0.40078127266364383,0.8571428571428572,-0.7363714232135563
900,71,15.553992372816934,0.13477504445879382,0.18080637645425504,0.449718852089025,-0.18646835553340638,0.8571428571428572,-0.762049436233072
900,72,9.772470000371825,0.3045323035826323,0.09980222489131708,0.04944437533427806,-0.29690470190158413,0.8571428571428572,-0.7453639687403318
900,73,17.994890372212897,0.20775645394743775,0.09894160209260881,0.12006023395989686,-0.30253354922511494,0.9285714285714286,-0.7802134348442191
900,74,11.909686988817443,0.02497101720414923,0.023500356667260816,0.026499927853270377,-0.3538872619017394,0.9642857142857143,-0.7839968215707022
900,75,9.062249823298545,0.05813562781768517,0.033781287174462805,0.05214030901825696,-0.3467698349330219,0.9285714285714286,-0.7641970807971401
900,76,8.531826941944713,0.4864447845063387,0.08898057137476852,0.13498747812956402,-0.33150203206374945,0.7857142857142857,-0.7130579480077961
900,77,14.59752971536593,0.28535139826686684,0.037783537698821035,0.3212801709670818,-0.1302371847404704,0.9285714285714286,-0.7691838978455032
900,78,29.32482204108851,0.23199994269809993,0.12747243149882395,0.1539266792612631,-0.16631830198331068,0.7857142857142857,-0.8008367086700274
900,79,7.019959162637786,0.027241934463507558,0.05722445556383558,0.09746340909414633,-0.4145758945293649,0.8571428571428572,-0.7411336293693115
900,80,13.414649883392757,0.2091973590164423,0.11664305545418736,0.09083368219731293,-0.3456293173198592,0.6785714285714286,-0.7678546011916612
900,81,27.684829923102676,0.3437223427628098,0.19312773899301924,0.2658326585266359,-0.13847229876724476,0.9642857142857143,-0.7892411285227364
900,82,20.85400694741767,0.25757644137544544,0.07364462979867167,0.1600351268296114,-0.16251671786254993,0.9285714285714286,-0.7896595932944933
900,83,7.480771694497399,0.21059800991063407,0.10021692044230138,0.12506939689127902,-0.36941183547777445,0.7857142857142857,-0.7173070984867804
900,84,14.234019614561108,0.3231414857818439,0.06153222461312499,0.14396286846282771,-0.16702454589690172,0.8928571428571429,-0.771739203685257
900,85,12.344714170105426,0.05074425706875406,0.013808569857830263,0.016593183568360648,-0.35130296331133537,0.8928571428571429,-0.787415054141719
900,86,13.535520538517801,0.06408448786314747,0.041142597056396404,0.21058312581915634,-0.21348605358549413,0.8214285714285714,-0.7808866857983348
1000,0,8.073009342084584,0.03250969092504144,0.02181188726209727,0.029344529262084054,-0.41725106263149675,0.8214285714285714,-0.7630894981186752
1000,1,9.165300816022206,0.011622169990919909,0.006243837718150222,0.003124751528466204,-0.4068434616302909,0.9642857142857143,-0.7748140447142334
1000,2,38.199469718720856,0.3795507941874362,0.22433989385380615,0.17670829202097688,-0.10988881885278713,1.0,-0.8026656486173496
1000,3,19.51277792362735,0.1371699634332645,0.019027470973460348,0.05562173882808638,-0.2575122078226412,0.9285714285714286,-0.7986982414646971
1000,4,21.77129143808102,0.11362442164407843,0.20687570385515267,0.16399857324073672,-0.15976072311018436,0.8214285714285714,-0.7912403595285114
1000,5,17.881625811124756,0.024446869292619765,0.08195709167393525,0.08744247968823887,-0.3838951746942904,0.8571428571428572,-0.7929995579871487
1000,6,7.064958934073199,0.0019946198801872547,0.0016627398085488894,0.0017894693149811416,-0.43234666735518307,0.8571428571428572,-0.763823227132703
1000,7,7.110743115351645,0.06337301082467911,0.034567902726618034,0.04397886097668067,-0.4246653346476098,0.8214285714285714,-0.7466683742187988
1000,8,6.895473312731188,5.356403200203301e-08,7.763677057799721e-07,8.743683593085762e-07,-0.45205153276292465,0.75,-0.7652422089737205
1000,9,7.407968279928742,0.013573366741351641,0.0065781206217612725,0.010621224268074762,-0.42054739490209037,0.9285714285714286,-0.7618042823291745
1000,10,41.171393709659455,0.2647397116728648,0.1059079320889677,0.21435533944603571,-0.1190295465301441,0.8928571428571429,-0.8093976798674392
1000,11,9.681289609150511,0.023831640252674167,0.024179189100148275,0.00890483978525962,-0.3720926165010564,0.9642857142857143,-0.7755174869373519
1000,12,6.861290688008588,0.005992326718429614,0.0025748530191711406,0.004136752557634485,-0.436498112920878,0.9285714285714286,-0.7585284819737834
1000,13,6.994386966639927,0.02189518264324882,0.01909332652318873,0.01917108516669027,-0.4420854092016071,0.8571428571428572,-0.7543610428550801
1000,14,18.374775491200932,0.14292359850094863,0.09453436185697338,0.06132711086646551,-0.23856062939215075,0.9285714285714286,-0.7910089290930304
1000,15,18.540646120695182,0.10370490438845323,0.05590925415225457,0.035593360295053694,-0.18311795965604613,0.9642857142857143,-0.7990793856922869
1000,16,6.995673135294443,0.15550912342217016,0.03974411173546285,0.037741220306149646,-0.426219171507662,0.8928571428571429,-0.7335212100790889
1000,17,13.141139239044925,0.05540554523326933,0.05955808970224447,0.04618500878244132,-0.3886716736780791,0.8214285714285714,-0.7821128773319241
1000,18,7.060916612634205,0.06351581187329532,0.03355130579519455,0.04270933707092214,-0.425077203075541,0.7857142857142857,-0.7475375386952938
1000,19,8.735873466438619,0.011496764869781411,0.006262125011149271,0.0031963281820475177,-0.4152377284750011,0.9285714285714286,-0.7727903805064901
1000,20,6.8419144308174324,0.06414245627367612,0.02899951810421987,0.036330293608703,-0.432863384351286,0.9642857142857143,-0.7412121358405198
1000,21,12.22839540101187,0.11337046945724691,0.05911039270183129,0.07022731832746157,-0.3399158855629965,0.9642857142857143,-0.7713700326564615
1000,22,12.118823127960892,0.04284539588011382,0.02574498901422768,0.03006518184404059,-0.3514606014885038,0.9642857142857143,-0.7829701524515175
1000,23,14.60334680043675,0.11296034818854357,0.13470058493187131,0.18999801980331196,-0.25983211227676933,0.9642857142857143,-0.7686233407449187
1000,24,6.98586641857121,0.22809729056842798,0.06310314777556007,0.059688609519914254,-0.40894015782283777,0.8571428571428572,-0.7205732371748632
1000,25,12.743271081932397,0.18096267150251952,0.32506784142228506,0.4006272066269491,-0.2330301117189831,0.8214285714285714,-0.7328005202988357
1000,26,8.158569667384088,0.15929299869021768,0.04382373026278833,0.05070468822086707,-0.4040858087031028,0.8571428571428572,-0.7449441215387165
1000,27,10.336244594528159,0.0959642534430948,0.05183911061962922,0.0672959931868831,-0.386929974345891,0.8928571428571429,-0.7633769512188664
1000,28,6.818822358982007,0.00042122715277091293,0.0005014157711095572,0.0003857082648017306,-0.45119612711788903,0.7857142857142857,-0.7632818007111681
1000,29,7.173614112775075,0.027767699982206486,0.05735548494633997,0.09761948869915302,-0.40868098071810355,0.9285714285714286,-0.7410413120098159
1000,30,10.121283125765652,0.011247219284062367,0.013877790881036267,0.009527836725681423,-0.36775277195960104,0.9642857142857143,-0.7801167371969703
1000,31,7.540511779645216,0.21051196275689432,0.10021580945890789,0.12490891954432065,-0.36263124257021573,0.9285714285714286,-0.715137584375189
1000,32,17.430117183252786,0.24503833298377733,0.3186627494585255,0.36391361566765684,-0.17380456931272775,0.8214285714285714,-0.758333279945049
1000,33,14.722066819986008,0.36413991433237314,0.18652852311226045,0.20200588084142498,-0.12575015731013556,0.9285714285714286,-0.7599729773053131
1000,34,7.8118175643821814,0.10370674439565948,0.05281653137788739,0.05038989146626025,-0.37690521229241614,0.9642857142857143,-0.7445707686482331
1000,35,23.542730706288935,0.13850736454446916,0.1277627966672172,0.10518250998219592,-0.291562847920922,0.8214285714285714,-0.7952808281307975
1000,36,21.73268569414226,0.26847471306321347,0.07324948782050926,0.15743232764264908,-0.14834479788987812,0.9642857142857143,-0.7914510601386158
1000,37,19.43570975767667,0.49344751680534754,0.23236880464829773,0.2795066761978812,-0.12042432990908443,0.9285714285714286,-0.7668593505097706
1000,38,37.99229662109934,0.3797366865770307,0.26806709254391586,0.17686911612938014,-0.1114977706630821,1.0,-0.8013708411670484
1000,39,16.192440468289796,0.12969447368939682,0.29043859605149197,0.46073650376048025,-0.17849301844218998,0.8571428571428572,-0.7594770909851064
1000,40,6.779172260503424,0.0010423979791309242,0.0006694841803398932,0.0006544208468586908,-0.4480407246795125,0.8214285714285714,-0.7618479869938255
1000,41,8.06981699604683,0.21001372572136442,0.058549521956306215,0.06511964426546728,-0.3659526044109513,0.9642857142857143,-0.7347258498919749
1000,42,8.829494706131882,0.08015905075418224,0.166178817800594,0.2704980060723381,-0.3816828380839508,1.0,-0.7202222947458239
1000,43,7.345512566476082,0.3094232406011102,0.06550308590660235,0.08680531334274331,-0.37584943116597197,0.7857142857142857,-0.7166169841208697
1000,44,21.280380605219722,0.17477454106948218,0.11405918755344091,0.17574005040798102,-0.28526924727377034,0.8928571428571429,-0.7859282757735152
1000,45,19.485664024705823,0.4902770173866749,0.2290218073655203,0.27950591352129994,-0.12133101092475342,0.8928571428571429,-0.7676754146599934
1000,46,18.554507419952618,0.26507146660157954,0.3217848301713791,0.36690303941710467,-0.15347919155702694,0.8928571428571429,-0.761659208938501
1000,47,25.57900788787091,0.28812165893802144,0.13862062976839723,0.1985220673930618,-0.2746902171848209,0.8571428571428572,-0.7876715220720555
1000,48,11.33114567277724,0.11823087251325405,0.04732803146538739,0.053152427137849255,-0.36439751119933533,0.8928571428571429,-0.7702018817498639
1000,49,23.481894177157688,0.17649901139545013,0.3188993600001087,0.48005769755763755,-0.1117458653185407,0.9642857142857143,-0.7792104000705922
1000,50,23.341592982433536,0.13687245534541384,0.06620257023525036,0.054832352133470895,-0.32661943337626914,0.8214285714285714,-0.8006801749938324
1000,51,19.39226788325923,0.1743436011472338,0.05561951398028065,0.16217321982299865,-0.30068867335475136,0.8214285714285714,-0.7875321993688578
1000,52,26.374944298094267,0.1931004507624418,0.12317487867055735,0.1399546522527366,-0.24439509915916163,0.8928571428571429,-0.7959502066448387
1000,53,31.949764945998922,0.17498020618135277,0.18161292168105167,0.1612173771189478,-0.12943987723913988,0.9642857142857143,-0.8021017166281204
1000,54,10.248165867626287,0.014582791803167246,0.024780126197135977,0.02039730935787162,-0.394279289448479,0.9285714285714286,-0.7775625218678051
1000,55,7.144528318459951,0.009045742373806086,0.004680350108322651,0.00755966186999449,-0.4395336239870814,0.8214285714285714,-0.7628724837807848
1000,56,18.487790930036105,0.1227194487473572,0.02925751591571905,0.057222494709706105,-0.29720542275710354,0.8928571428571429,-0.7959454592882518
1000,57,29.93897005963221,0.3217253662070892,0.09172915432750402,0.23201960713307396,-0.11908194715647713,0.9285714285714286,-0.7995801228349773
1000,58,24.91242631040141,0.49839986069331216,0.35710043290367904,0.29172157727751097,-0.11648370631236887,0.9642857142857143,-0.7746055268910688
1000,59,22.105177781930315,0.24587333453225624,0.22320296011185242,0.36116231781370756,-0.1052952756436762,0.8571428571428572,-0.7812174176446939
1000,60,16.264986309855587,0.23556630395616512,0.29360083666373865,0.22807260115488154,-0.17834480393481478,1.0,-0.7582822989086528
1000,61,7.0587933019131,0.020303364219367487,0.016769327857628472,0.07375580013483217,-0.41986169995419276,0.8571428571428572,-0.7511232427007196
1000,62,7.548692167761572,0.03762239207404151,0.07060045389057423,0.17126642537723427,-0.40078127266364383,0.8571428571428572,-0.7363714232135563
1000,63,15.553992372816934,0.13477504445879382,0.18080637645425504,0.449718852089025,-0.18646835553340638,0.8571428571428572,-0.762049436233072
1000,64,9.772470000371825,0.3045323035826323,0.09980222489131708,0.04944437533427806,-0.29690470190158413,0.8571428571428572,-0.7453639687403318
1000,65,17.994890372212897,0.20775645394743775,0.09894160209260881,0.12006023395989686,-0.30253354922511494,0.9285714285714286,-0.7802134348442191
1000,66,11.909686988817443,0.02497101720414923,0.023500356667260816,0.026499927853270377,-0.3538872619017394,0.9642857142857143,-0.7839968215707022
1000,67,9.062249823298545,0.05813562781768517,0.033781287174462805,0.05214030901825696,-0.3467698349330219,0.9285714285714286,-0.7641970807971401
1000,68,8.531826941944713,0.4864447845063387,0.08898057137476852,0.13498747812956402,-0.33150203206374945,0.7857142857142857,-0.7130579480077961
1000,69,14.59752971536593,0.28535139826686684,0.037783537698821035,0.3212801709670818,-0.1302371847404704,0.9285714285714286,-0.7691838978455032
1000,70,29.32482204108851,0.23199994269809993,0.12747243149882395,0.1539266792612631,-0.16631830198331068,0.7857142857142857,-0.8008367086700274
1000,71,7.019959162637786,0.027241934463507558,0.05722445556383558,0.09746340909414633,-0.4145758945293649,0.8571428571428572,-0.7411336293693115
1000,72,13.414649883392757,0.2091973590164423,0.11664305545418736,0.09083368219731293,-0.3456293173198592,0.6785714285714286,-0.7678546011916612
1000,73,27.684829923102676,0.3437223427628098,0.19312773899301924,0.2658326585266359,-0.13847229876724476,0.9642857142857143,-0.7892411285227364
1000,74,20.85400694741767,0.25757644137544544,0.07364462979867167,0.1600351268296114,-0.16251671786254993,0.9285714285714286,-0.7896595932944933
1000,75,7.480771694497399,0.21059800991063407,0.10021692044230138,0.12506939689127902,-0.36941183547777445,0.7857142857142857,-0.7173070984867804
1000,76,14.234019614561108,0.3231414857818439,0.06153222461312499,0.14396286846282771,-0.16702454589690172,0.8928571428571429,-0.771739203685257
1000,77,12.344714170105426,0.05074425706875406,0.013808569857830263,0.016593183568360648,-0.35130296331133537,0.8928571428571429,-0.787415054141719
1000,78,13.535520538517801,0.06408448786314747,0.041142597056396404,0.21058312581915634,-0.21348605358549413,0.8214285714285714,-0.7808866857983348
1000,79,75.38855697326896,0.9759950565713222,0.8347200663596748,0.8586386269692785,-0.1006337365268155,1.0,-0.7938768433819376
1000,80,71.1653272850373,0.9704464667359749,0.7949283393362587,0.789073221810037,-0.10335902207494779,1.0,-0.7932442796421456
1000,81,7.643854646266493,0.21600910371805257,0.10266632172662755,0.048954498400785744,-0.3878979541195304,0.8928571428571429,-0.7267168358529149
1000,82,20.703597638498543,0.2316207145298406,0.29248244938078016,0.20003001344103646,-0.14316028337611014,0.8571428571428572,-0.7790427762973658
1000,83,7.377158563724616,0.3093129670386672,0.06598119239463043,0.08674680954252156,-0.36983671136364427,0.8214285714285714,-0.7164720879046511
1000,84,8.231175133796734,0.09452151312502617,0.12286892885817266,0.1746681059130573,-0.39653498167657086,0.9285714285714286,-0.7257867824830492
1000,85,8.548466249734076,0.041203045403619055,0.06056084173985772,0.10685244394951494,-0.40867781139541315,0.8571428571428572,-0.7520756263605733
1000,86,17.019261196397224,0.21713346133762382,0.0910032352447586,0.12247079973771607,-0.3203486077006655,0.9642857142857143,-0.776374564329034
1000,87,20.272346008623572,0.2384694705966092,0.23990823264202507,0.18785165247764607,-0.15962764508464886,0.9642857142857143,-0.777294695789731
1000,88,39.22961101257718,0.337774660694293,0.2264750896055631,0.16522874304215202,-0.11479663034294273,1.0,-0.8041998777343243
