-0.3722498700714436,0.8796569994647027,0.7647438874839052,0.8500182332267072,0.8402585713457247,0.005181542689915997,0.73336579655166,0.8429058569854397,-0.32513511311444354,0.16799218854128084,0.5711132560062953,0.8636492317221283,-0.16165106977425503,0.050240212912865956,-0.696419011634636,0.30141302550828664,0.6613685311330928,0.7836524194790707,0.102323311029482,0.0742045732498342,0.6316173343554654,0.4533875182653989,0.5078791321953781,0.9188280201475463,0.013862339179294136,0.6555004955549377,0.38128841548157644,0.5554245346625657,0.20757898010621856,0.8198914486074665,0.4027114279208521,0.482214494207585
0.6910986560313588,0.603722440172606,0.7431174079728284,0.8142309409394398,0.28391089375374556,0.24100112460959655,-0.00242479066811363,0.975725975637857,-0.9790273305373776,0.6604810354899904,0.8080718043091883,0.7105494267455821,-0.04600474839946678,0.6396130680030623,0.005308010282280007,0.36154291774668645,0.9691025729501793,0.9079598759919372,0.2320493563495749,0.07908648784687078,0.7925564162459273,0.47001188483542244,0.5697695536260164,0.20533017571120027,0.9732765145921815,0.9180810409695283,0.662057311071046,0.9623310819354114,0.08795307493774296,0.6035275436464426,0.10715032956534853,0.8574639527645534
-0.162953958468244,0.2890202484431259,-0.8414783927609228,0.02357222839744988,-0.6638432512981345,0.08438091247058899,0.7069265310010784,0.8255316141717621,0.2846884264941223,0.6146504181283333,-0.2623733125208225,0.1199626267652174,0.8741040770553636,0.781320545100542,-0.6710879441775361,0.6339876436570819,0.25804178239451037,0.14252775360304304,0.34510351058430633,0.6816944870415754,0.6564378313983399,0.6669688568251495,0.8518983781644578,0.9431293697086357,0.5616955282440369,0.992728909242459,0.20932542170897028,0.906148693557815,0.3978519487036135,0.49939223153354106,0.6162188687517828,0.4834408524339755
0.4487639718585432,0.03556784190737172,-0.8153916151409375,0.8612479767983852,-0.7700094524238872,0.37606764072332055,-0.8493796284904,0.5302225093021083,-0.053843632855369306,0.6183041874596654,-0.2470538538297804,0.15548987059361807,0.2956049318549896,0.14743912813891336,0.37683321425206207,0.746196562207036,0.8158022308819733,0.46536656816740485,0.6728241342561313,0.2867523189215647,0.6889211638512627,0.8635357971170219,0.37985850896108353,0.4702074386016444,0.6500502355556487,0.9083516576281963,0.3933684906793721,0.12289254778577274,0.5250242852213473,0.7059003639643259,0.7051439078849219,0.8233171048826758
-0.7211738039358886,0.9673180378037034,0.8589120041607392,0.7785816061937868,-0.6382334311306292,0.7286242067052622,-0.42679699814977234,0.40845980440997776,0.26175360232234546,0.19208632468731623,-0.2918405245323725,0.3964762017222163,0.38263711411835555,0.13102270770096225,-0.4342653480242875,0.7886303036623319,0.6542279211860418,0.9913036786458207,0.7425216873067023,0.46634843351291255,0.32654555220276593,0.7280546425861492,0.9750021480402552,0.41916336203266213,0.37629916103031147,0.4602060152419082,0.07134252565608235,0.8985998215146773,0.20304086405251343,0.5965829814027475,0.895063107091866,0.12335294145406606
0.9220002056633061,0.5789008827852703,0.5719398452655489,0.4367882893519457,0.7467845117619376,0.2894603604593222,-0.7061400219647205,0.7325784336305783,-0.30507713283781834,0.32302099948374907,-0.7831552982392509,0.8148062546283208,0.571933836632617,0.7839675534666243,0.4061438976491505,0.8329682599056405,0.7596695132213653,0.9271144790256836,0.07788803395739685,0.6201641819338564,0.03195611932354758,0.7375203491125197,0.5056599497668095,0.4329555590324049,0.11828330303577084,0.4048145416155259,0.5733685641420224,0.8269371630182812,0.5257296590337056,0.010871248949435364,0.8437237949259139,0.03250215096067077
-0.9901364739605427,0.17307611771345122,0.050719904479773925,0.4376427791156946,0.8939629708987653,0.2310471439292937,0.6730018018168897,0.9576286586480655,-0.23605086572698863,0.1111789639862143,-0.32256407941459697,0.7529014373223161,-0.4628175773763685,0.4941498211232199,-0.5198583954083924,0.4447285757634517,0.7996046804035281,0.8729544122182656,0.230538720312216,0.5083923690456227,0.5359184076484881,0.67535246882788,0.7083542873449301,0.684911047196895,0.984101652761698,0.12086324942065407,0.10562106768792079,0.5271709634025213,0.3399818031406485,0.11401227425719362,0.04911000886940797,0.46837423397546485
-0.8723465627474207,0.21432084527967943,-0.40429794798379026,0.1723253625371618,0.6592339502823743,0.06385855793250805,-0.2736222349357649,0.5515117533613624,-0.8040955356728312,0.08060795107565588,0.39348800686803176,0.9298022817205367,-0.6685929540248183,0.11065486815095416,0.39419779140162237,0.7113376748054017,0.7014024560380995,0.9948012488625556,0.903338151885633,0.3328838090176579,0.8632943014556952,0.6968100097510979,0.14324623591729646,0.6835903131664091,0.7189456502627131,0.8590426282463879,0.8202973917644206,0.07885103446111241,0.852310849000018,0.009397899668806886,0.6332481803642533,0.6072690430594992
-0.3414180900507502,0.20476278665807068,0.06747448038598303,0.17970111095469876,-0.673066587338248,0.8790194721137788,0.13021416347333714,0.4731877484915983,-0.15415342911653118,0.20494242375519156,-0.2168886908931813,0.0103699028163442,0.5172743062369303,0.015921336176218936,0.5838154558664921,0.41077757641838,0.8461492455634319,0.5028725328766571,0.9392533744136222,0.3185635095762299,0.46524205888715064,0.3458108027116983,0.5872880601865349,0.4878922661638704,0.6028525750016209,0.9226356268908961,0.24781751234969485,0.3278517493586133,0.9143495691367258,0.7566067415654703,0.41139005314682686,0.29222829407723916
-0.25450530050077136,0.18192208547980648,0.6041726399620713,0.3028365528351853,-0.05084850100694349,0.4227191424082749,0.9896026284789678,0.8572227529512586,-0.6884807046098083,0.6450151583889426,-0.4156256146521049,0.886581530754132,0.2192157056424089,0.054229313218362774,-0.596243534846469,0.21596248619249092,0.31455530633276474,0.7589694230245555,0.9690944211333942,0.8519520575633893,0.6306629710506707,0.8967517964288617,0.45449971368440667,0.7465225586275849,0.3151906403911271,0.5825154720783431,0.719438844452592,0.8574943241687508,0.05893153076956237,0.9422116861099901,0.6821873280847844,0.5875476955459343
0.8381573592450899,0.3889326924403711,-0.9055273324771727,0.04927304658114312,0.20918407253408655,0.3328403995163106,0.7542949151609919,0.8557453997759787,0.5344073846859532,0.12848400707964908,0.8077798612522049,0.9959587625142293,-0.5177722624640325,0.04362102730460887,-0.3150677464353544,0.4870518582554271,0.4366428071170606,0.8732744630849703,0.19262763033871177,0.5788890666413814,0.2733245390301797,0.5986366002721805,0.6567480674489762,0.7926503366437618,0.9373259978016094,0.7378366999623205,0.1678881536167301,0.252890329377846,0.4241226102891098,0.07002466828876552,0.9288697059818622,0.5715251983389896
0.46628244500681326,0.03556784190737172,-0.8153916151409375,0.8612479767983852,-0.7700094524238872,0.3626614027109145,-0.8493796284904,0.5302225093021083,-0.053843632855369306,0.6260878630946182,-0.2470538538297804,0.45466306770699105,0.2956049318549896,0.14743912813891336,0.4947774720446051,0.746196562207036,0.8158022308819733,0.46536656816740485,0.6728241342561313,0.28620690382637837,0.6889211638512627,0.8635357971170219,0.37985850896108353,0.4705964351109358,0.6500502355556487,0.9083516576281963,0.3933684906793721,0.12289254778577274,0.5250242852213473,0.7059003639643259,0.7051439078849219,0.8233171048826758
-0.26986345154822033,0.4955854900341876,-0.04575022351724689,0.9731243277781763,0.7181128821591016,0.8469982487765749,-0.7100643841975318,0.5110616956408643,-0.9550375244040965,0.7235342100530894,-0.48945867794250186,0.7619899060362405,-0.9710655202531024,0.6575201678749697,0.1604799711738656,0.14228928146673347,0.7650393665388368,0.9804804918598192,0.47111636669504225,0.601360270836297,0.9952760468268599,0.139201380249599,0.8521836540758441,0.5944654376555888,0.8068830069612738,0.5505894327995893,0.8163360537073083,0.3220773860808096,0.8945867066029868,0.5452599889763703,0.5463287575349561,0.9371402797518333
-0.3722498700714436,0.7848613204798569,0.8184638285338656,0.834862930532847,0.8402585713457247,0.005181542689915997,-0.07844795205368799,0.46939303159284523,-0.32513511311444354,0.16799218854128084,0.5950115324701699,0.37472136984921933,-0.16165106977425503,0.050240212912865956,-0.696419011634636,0.09030894792947587,0.6613685311330928,0.7836524194790707,0.102323311029482,0.0742045732498342,0.6316173343554654,0.4533875182653989,0.5078791321953781,0.9188280201475463,0.013862339179294136,0.6576418986382506,0.38128841548157644,0.5554245346625657,0.2064553281538039,0.820051440733409,0.4027114279208521,0.482214494207585
0.4769193700671842,0.03556784190737172,-0.8156385106024415,0.8612479767983852,-0.7700094524238872,0.3320923517557274,-0.8493796284904,0.5302225093021083,-0.053843632855369306,0.6183041874596654,-0.2470538538297804,0.17092693589616248,-0.7065677756422487,0.14743912813891336,0.37683321425206207,0.746196562207036,0.3927211523243657,0.46536656816740485,0.6728241342561313,0.2867523189215647,0.6889211638512627,0.8635357971170219,0.1457083309090616,0.30239053318782605,0.7113387351779583,0.9083516576281963,0.3933684906793721,0.12289254778577274,0.5250242852213473,0.7059003639643259,0.7051439078849219,0.8233171048826758
0.2645737241320478,0.5667559211036205,-0.5617620317373169,0.2177255591019598,0.41711901440249477,0.4026479516851862,0.6534924941004159,0.6515394622814805,-0.9264319299558148,0.5493487669396907,-0.7913862990671952,0.261531625326746,-0.6172821912295363,0.47901331956435056,-0.792556891478881,0.39000727441159844,0.18747818945187378,0.7324556202045751,0.004814487122777322,0.8875326081677576,0.7791766443540008,0.6190209972009718,0.8522565848980582,0.1362262602747196,0.20559459996305934,0.8332550727191919,0.28096577984291504,0.24941849679726324,0.37509856955444165,0.327551435076444,0.22805333660146188,0.6927883032653437
0.09498344051772833,0.8624058331462546,-0.5941100595008042,0.753162512797868,0.5222256279878372,0.8940780617743902,0.8911269759920109,0.1350584737380862,-0.18715715721929965,0.2934796663282845,0.21011665100136945,0.4714505880704829,-0.5663138962756177,0.6689336684891233,0.3666055572348299,0.9142946038338718,0.18445855647133558,0.027623386873794398,0.025449477298827555,0.6080687696799243,0.028240297091327197,0.7082614743975855,0.02605339348078395,0.03323093284601697,0.11108849291705003,0.08953671190680004,0.5928648462878352,0.47683420409764565,0.22304991380961914,0.42682693509985836,0.8639578157297808,0.47142439733063546
0.3596153878499897,0.0034336922788446023,0.6788409156107765,0.9544040073113512,-0.3607961649961924,0.6348747792722491,0.8015013903817754,0.96671491070613,-0.4614404370549388,0.10388939281889242,0.6071276480162406,0.9710633436671771,-0.06476467034300631,0.7571573379867013,-0.4744608588683039,0.9917099555710644,0.8937385870919077,0.7339861518692028,0.022387402699868997,0.7013077462136837,0.14510839676100096,0.3032089100435016,0.04506992533472064,0.02952401085981382,0.977066216292791,0.8471739340148113,0.6550686503117468,0.950334418160693,0.37650683990644385,0.6521458158744192,0.31767177897653,0.06790345208286497
-0.19937711300349714,0.6253234740207759,-0.3291839442037032,0.40731818337082204,0.5542513616060036,0.7904584117715181,0.5026793167333119,0.15973836565510258,0.848329735566471,0.7466754687503281,-0.6024144385811849,0.08621522139370763,0.9055069602518404,0.4204985897779594,0.8795164517253145,0.23924032686604246,0.25203287876583447,0.9809883775967319,0.08886458211444781,0.8426652823981922,0.33621893979010187,0.9280154297382511,0.07292008618866685,0.7215597135578735,0.04940277217744271,0.4237689997724525,0.20938851941483105,0.780182932404906,0.8895799936439933,0.18904375341848367,0.7967992366979648,0.7526871655223366
-0.4164307690341067,0.5961209793633865,0.6645913009755249,0.640018660624656,-0.2487482647233506,0.48787119907238063,0.7116328153996192,0.3951262465765166,0.8005923094426952,0.8428945279752147,-0.8050518144460492,0.8781178615170736,0.16558416010430263,0.19308123588747383,0.07910331068429555,0.7018843263791357,0.15873161039923167,0.3911661201264983,0.08323983240822219,0.7337685883386804,0.40167563132262085,0.5915230856339556,0.41886147513788846,0.4893532227602825,0.633206969503802,0.026490485393302343,0.7273499520873321,0.4445188153448537,0.7534394570655181,0.12452893277760202,0.9329554668736967,0.3547146598979952
0.6910986560313588,0.603722440172606,0.7431174079728284,0.7784033526019473,-0.5522634148701744,0.24100112460959655,-0.00242479066811363,0.4333515960132824,-0.9790273305373776,0.6604810354899904,0.8444945686359192,0.6748295310818153,-0.10137284343877098,0.1273282197278865,0.005308010282280007,0.36154291774668645,0.9691025729501793,0.90759479693157,0.2320493563495749,0.07908648784687078,0.8117958416233898,0.47001188483542244,0.5697695536260164,0.16831754320386538,0.9732765145921815,0.9180810409695283,0.052668740496318756,0.9623310819354114,0.014967545337477198,0.6035275436464426,0.1045941077200151,0.8574639527645534
-0.9901364739605427,0.17307611771345122,0.050719904479773925,0.44021493811637397,0.9464560067584538,0.2310471439292937,0.7832289693849854,0.9576286586480655,0.03615246163238478,0.19175235213946748,-0.30887247638795357,0.7529014373223161,0.35465975363887053,0.4941498211232199,-0.5198583954083924,0.4447285757634517,0.7996046804035281,0.8899412130081269,0.8057982976728447,0.5083923690456227,0.5359184076484881,0.67535246882788,0.7083542873449301,0.684911047196895,0.984101652761698,0.12086324942065407,0.10562106768792079,0.5271709634025213,0.3399818031406485,0.11401227425719362,0.04881482096596569,0.46837423397546485
0.9647617433876507,0.5100162822058179,-0.7734368469765562,0.41077707187227597,0.041884980652858506,0.4684669812768463,0.34225082285350017,0.4593849181059247,0.1574779011162175,0.8246471334860219,0.19955212277717266,0.3012654189377363,-0.9628381688766947,0.19965654424217583,-0.2665393246987404,0.048819369860732875,0.6604589639337327,0.18762915513260237,0.6796784340637699,0.5841075499705903,0.7962054093977847,0.5920782260025785,0.93268359066625,0.1727583097499552,0.5858511271551691,0.6517268616368518,0.8173848610316187,0.346222648937513,0.22392257728631826,0.8065039760182608,0.4390933209198383,0.9434414713426913
0.0426523928567636,0.4700478589667433,0.7754845794781098,0.4844741646979427,-0.8448915120194478,0.7076244179992202,-0.26469165084067625,0.8092492231478108,0.547670615033107,0.6116622651226289,0.17092238153769196,0.2579243370297061,0.23783237572175353,0.1079639292307063,0.8344663558555379,0.21273993172234007,0.05260980150328898,0.22715451352371993,0.9341266140806938,0.650068395633162,0.2865742201742312,0.16216262780089424,0.8211850393453807,0.13768937766767025,0.32572254100172576,0.9444562561333094,0.14703098369326595,0.3088566147601183,0.6722553581734751,0.08446498080585518,0.007971670928116903,0.4267911297357594
0.2645737241320478,0.5667559211036205,-0.5318204191027175,0.19621730094237855,0.41711901440249477,0.7409158315517635,0.6534924941004159,0.6524603472689633,-0.8348005466693389,0.5493487669396907,-0.26931558929898153,0.4697214293654637,-0.6172821912295363,0.47901331956435056,-0.4312727801592686,0.39000727441159844,0.18747818945187378,0.7257051599526734,0.016001792324774083,0.8875326081677576,0.9178898474800973,0.6190209972009718,0.8522565848980582,0.1362262602747196,0.20559459996305934,0.8332550727191919,0.28096577984291504,0.24941849679726324,0.37509856955444165,0.327551435076444,0.22805333660146188,0.6919346841341658
0.9220002056633061,0.5789008827852703,0.5719398452655489,0.3975205258150996,-0.38030694996454595,0.2894603604593222,-0.7061400219647205,0.750267259093198,-0.30507713283781834,0.32302099948374907,-0.7831552982392509,0.8148062546283208,0.0930279807409975,0.7839675534666243,0.4026439346261278,0.8329682599056405,0.7596695132213653,0.9271144790256836,0.07788803395739685,0.6201641819338564,0.03195611932354758,0.297400204915805,0.5056599497668095,0.4329555590324049,0.11828330303577084,0.4048145416155259,0.045272044916680465,0.8277180932548862,0.5257296590337056,0.010871248949435364,0.8437237949259139,0.03250215096067077
0.8381573592450899,0.3933732289108146,-0.9055273324771727,0.04927304658114312,0.20918407253408655,0.3384172546838374,0.7542949151609919,0.8557453997759787,0.5344073846859532,0.14000824808872384,0.8077798612522049,0.9959587625142293,-0.5177722624640325,0.04362102730460887,-0.3150677464353544,0.4870518582554271,0.4366428071170606,0.7206449613189772,0.19262763033871177,0.5788890666413814,0.23164682956681765,0.6231488055075314,0.844386887360684,0.7926503366437618,0.9373259978016094,0.7351608353386606,0.1678881536167301,0.252890329377846,0.4241226102891098,0.07002466828876552,0.9288697059818622,0.5715251983389896
0.3105628298974394,0.005909573379861199,0.6053542047642673,0.9842043666440377,-0.3607961649961924,0.6348747792722491,0.8015013903817754,0.96671491070613,-0.6865730059054435,0.10388939281889242,0.6071276480162406,0.8856802369520606,-0.06476467034300631,0.8630400317510154,-0.4744608588683039,0.9917099555710644,0.8937385870919077,0.7339861518692028,0.022387402699868997,0.7013077462136837,0.14510839676100096,0.3032089100435016,0.04506992533472064,0.02952401085981382,0.977066216292791,0.8418224285304698,0.6550686503117468,0.950334418160693,0.37650683990644385,0.6521458158744192,0.31767177897653,0.06790345208286497
0.0426523928567636,0.509655874241434,0.8819212279909505,0.4844741646979427,-0.8448915120194478,0.7076244179992202,-0.26469165084067625,0.8092492231478108,0.547670615033107,0.6116622651226289,0.17092238153769196,0.2579243370297061,0.23783237572175353,0.28521691701513974,0.8344663558555379,0.21273993172234007,0.088736786008634,0.22715451352371993,0.9341266140806938,0.650068395633162,0.2865742201742312,0.16216262780089424,0.8211850393453807,0.13181851880847079,0.32572254100172576,0.9444562561333094,0.14703098369326595,0.3088566147601183,0.6722553581734751,0.04597387052231933,0.902210986337654,0.4229957978172577
-0.20545274264548513,0.18192208547980648,0.6776593508085804,0.25881953788789097,-0.05084850100694349,0.4227191424082749,0.9896026284789678,0.8572227529512586,-0.4595171322258832,0.6450151583889426,-0.4156256146521049,0.9719640618775007,0.2192157056424089,0.0032530716629711742,-0.596243534846469,0.21596248619249092,0.31455530633276474,0.9172146549035433,0.9690944211333942,0.8519520575633893,0.6306629710506707,0.8967517964288617,0.45449971368440667,0.7465225586275849,0.3151906403911271,0.5878669592071327,0.719438844452592,0.8574943241687508,0.05893153076956237,0.9422116861099901,0.6821873280847844,0.5875476955459343
-0.8313506568080717,0.05300917897770174,-0.5682008029008612,0.6652449313093947,-0.1016217660770542,0.5280075247962334,0.6845413291704137,0.26954962211904954,-0.787264325230586,0.6129909427824127,-0.4403417670644387,0.2727606109888887,-0.9872723370179977,0.39784930991818823,0.09876500513854669,0.7698886098718789,0.06460933996979601,0.32483432044212346,0.6425535658745933,0.7669567392864024,0.44275999221780205,0.7652734073977171,0.895883428859677,0.40808473939290313,0.029696859347128512,0.16218477195990488,0.8948283172421736,0.637586185265365,0.014956749132242542,0.6699677118038074,0.6940936330103847,0.600927297490554
-0.10230304411641039,0.469904064615004,0.7897932793617428,0.6874181134661165,-0.2700951106006171,0.7489922332463551,-0.9443143193287349,0.7042508932586791,0.10400709253005136,0.3186354397623097,-0.29658304851571304,0.47007614236796047,0.34930093016686947,0.1334551622025525,-0.4243502523824519,0.03346165332677975,0.6259266565567749,0.9727502445494628,0.2364318965993939,0.45857650680072215,0.9169262519538175,0.09061181421161263,0.9791743854116215,0.8772797289978642,0.42962344635574246,0.7060098280814204,0.025097426190568525,0.3938609194857995,0.2034292933581638,0.7783227747443835,0.08296804401803282,0.930700983294918
-0.8313506568080717,0.05300917897770174,-0.5682008029008612,0.6652449313093947,-0.10693242106133449,0.5280075247962334,0.6845413291704137,0.3346585835612671,-0.787264325230586,0.29700906853591136,-0.4403417670644387,0.2727606109888887,-0.9872723370179977,0.30795836073748245,0.09876500513854669,0.7654330643373082,0.4878354233952663,0.32483432044212346,0.6425535658745933,0.7114828358310505,0.44275999221780205,0.7652734073977171,0.9004108864511184,0.40808473939290313,0.029696859347128512,0.16218477195990488,0.012824996580304393,0.637586185265365,0.014956749132242542,0.6844015670121286,0.6940936330103847,0.600927297490554
-0.9901364739605427,0.17307611771345122,0.050719904479773925,0.4376427791156946,0.414205800107147,0.2310471439292937,0.6539631514961478,0.9554915792424823,-0.23905595352075515,0.1111789639862143,-0.32256407941459697,0.7529014373223161,-0.6099964988645846,0.4946844461410871,-0.5198583954083924,0.44361566288049914,0.7996046804035281,0.8729544122182656,0.002671486154836783,0.5083923690456227,0.5359184076484881,0.67535246882788,0.7083542873449301,0.684911047196895,0.9297788682403747,0.12086324942065407,0.10562106768792079,0.5271709634025213,0.3399818031406485,0.11401227425719362,0.04911000886940797,0.46837423397546485
0.2645737241320478,0.5718884129408837,-0.5617620317373169,0.2177255591019598,0.41711901440249477,0.4026479516851862,0.6534924941004159,0.6515394622814805,0.11967624860784376,0.8114097712925566,0.2332834893690141,0.2618826348672483,-0.6172821912295363,0.47901331956435056,-0.7997767561271355,0.39000727441159844,0.1972069310154682,0.7324556202045751,0.004814487122777322,0.8875326081677576,0.7791766443540008,0.6190209972009718,0.8522565848980582,0.1362262602747196,0.20559459996305934,0.8332550727191919,0.27760594279374107,0.24803802755604415,0.37509856955444165,0.327551435076444,0.4402418085572021,0.6927883032653437
-0.4164307690341067,0.5961209793633865,0.9843096859719755,0.6412717822958188,-0.2487482647233506,0.48596048095725497,0.7116328153996192,0.3951262465765166,0.8005923094426952,0.8428945279752147,-0.8050518144460492,0.8781178615170736,0.16558416010430263,0.19308123588747383,0.07910331068429555,0.7018843263791357,0.15873161039923167,0.3911661201264983,0.5729958859828075,0.7337685883386804,0.40167563132262085,0.5915230856339556,0.41859058233248475,0.4893532227602825,0.633206969503802,0.026490485393302343,0.7273499520873321,0.4272804096538778,0.7534394570655181,0.12452893277760202,0.9329554668736967,0.3541729168047214
-0.4164307690341067,0.5961209793633865,0.6645913009755249,0.866696858674815,-0.2487482647233506,0.48787119907238063,0.7116328153996192,0.3951262465765166,0.8005923094426952,0.8428945279752147,-0.8050518144460492,0.8781178615170736,0.16558416010430263,0.19308123588747383,0.4255933057891154,0.7442287790562114,0.7851973821386279,0.471368239154916,0.040573675508378704,0.7337685883386804,0.40167563132262085,0.8705798360843557,0.41886147513788846,0.4893532227602825,0.633206969503802,0.9086201784062053,0.7273499520873321,0.4445188153448537,0.7534394570655181,0.6995684013754074,0.9329554668736967,0.3547146598979952
0.18266909426645367,0.8624058331462546,-0.584820196455616,0.4369078408214412,0.5223400912831588,0.9252217157658843,0.8911269759920109,0.1371871735628093,-0.9722054248189482,0.10941097726572459,0.21387858407554106,0.4714505880704829,-0.6159825615124721,0.6689336684891233,0.5705688198166534,0.9142946038338718,0.18368438841259466,0.9977650581806419,0.00239022654838884,0.6080687696799243,0.006471479985249551,0.05733294959747315,0.02605339348078395,0.03323093284601697,0.11108849291705003,0.08311392940737783,0.11667859919512516,0.7922692707039984,0.6009131044597896,0.42682693509985836,0.049503739587967444,0.4683912818897737
-0.2129705749370464,0.17829441175433647,0.7990002455804845,0.26937089662809266,-0.07915793943535815,0.017764243383704192,0.44687992893383527,0.7233548111775479,-0.9253518037671582,0.8529997305221189,-0.8672371848439191,0.9718784647209788,-0.434520303693812,0.522721447244217,-0.5890923034629876,0.6105302612603158,0.444470224108321,0.8357520248391234,0.1739282084887752,0.22640195576615663,0.0037201800409854824,0.7083211146115914,0.46632517762362613,0.07075850816259982,0.0516866475059401,0.2920136503493212,0.7371167536798471,0.17450418017991187,0.2391101346504556,0.6858702676829567,0.8264817556199463,0.24872262529514633
-0.10230304411641039,0.469904064615004,0.7897932793617428,0.6874181134661165,-0.2700951106006171,0.7489922332463551,-0.9443143193287349,0.7042508932586791,0.10400709253005136,0.8322690916428332,-0.29658304851571304,0.7603036928266764,0.34930093016686947,0.1268234805318435,0.14049144191587107,0.03346165332677975,0.6259266565567749,0.9727502445494628,0.2364318965993939,0.45885705335978744,0.9169262519538175,0.09061181421161263,0.9791743854116215,0.8772797289978642,0.42962344635574246,0.7060098280814204,0.025097426190568525,0.3938609194857995,0.2034292933581638,0.7783227747443835,0.08296804401803282,0.930700983294918
-0.9901364739605427,0.17307611771345122,0.050719904479773925,0.4376427791156946,0.414205800107147,0.2310471439292937,0.6433609748230065,0.7581952979047366,-0.23905595352075515,0.1111789639862143,-0.32256407941459697,0.7529014373223161,-0.6099964988645846,0.4946844461410871,-0.5198583954083924,0.44361566288049914,0.8013956628927829,0.8729544122182656,0.002671486154836783,0.5083923690456227,0.5359184076484881,0.6759232897150078,0.4844842330189253,0.7138742643449152,0.09140449067269057,0.1223771137716877,0.10562387809920612,0.5271709634025213,0.3399818031406485,0.004201907066891254,0.04911000886940797,0.46837423397546485
-0.8313506568080717,0.05300917897770174,-0.5682008029008612,0.6652449313093947,-0.10693242106133449,0.5280075247962334,0.7257250855121876,0.4264662741709456,-0.787264325230586,0.6239830543238223,-0.4403417670644387,0.2727606109888887,-0.9872723370179977,0.39784930991818823,0.04802488954518265,0.27432063401248785,0.4878354233952663,0.32483432044212346,0.6250808684953367,0.7701846646934933,0.44275999221780205,0.7652734073977171,0.9326389106652204,0.40808473939290313,0.029696859347128512,0.049571545872934684,0.5060531460585334,0.637586185265365,0.014956749132242542,0.6844015670121286,0.6940936330103847,0.5840840180565032
0.8006087929500063,0.6752127005656278,0.8834800618623215,0.6948237668929418,0.5343698431831534,0.7457943059142044,0.8044462599828746,0.6268963653674006,0.25561540184484144,0.8900288842995745,0.7841364786685225,0.6996174541844178,0.397881342875981,0.4459021787350561,-0.08036792068971244,0.5700957987500725,0.1453494850999567,0.9578196986527961,0.29037996701729074,0.7518871304320589,0.5486046651686711,0.3211186078023842,0.5203141445042205,0.677642823044802,0.7085343016232888,0.17586978197921874,0.8569560440442676,0.996000953043013,0.917512258123301,0.7618815790530234,0.22684466255104296,0.9866700906144971
0.8381573592450899,0.44219166123714027,-0.9055273324771727,0.04927304658114312,0.234201989051033,0.3328403995163106,0.7542949151609919,0.8528053965410334,0.5344073846859532,0.12848400707964908,0.8077798612522049,0.8162864866618359,-0.5177722624640325,0.0035868113285155157,-0.3150677464353544,0.4870518582554271,0.4366428071170606,0.8732744630849703,0.07805719893831355,0.5788890666413814,0.2715490087483138,0.29782496988454393,0.6567480674489762,0.7926503366437618,0.14658617507915134,0.73941397348439,0.1678881536167301,0.252890329377846,0.4241226102891098,0.07002466828876552,0.9288697059818622,0.02515287043952452
-0.12017828697836186,0.8913147294286192,0.7647438874839052,0.8500182332267072,0.8402585713457247,0.005181542689915997,0.7262440616582555,0.8429058569854397,-0.32513511311444354,0.16799218854128084,0.5711132560062953,0.07441340534435686,-0.16165106977425503,0.050240212912865956,-0.696419011634636,0.30141302550828664,0.6613685311330928,0.7836524194790707,0.102323311029482,0.0742045732498342,0.6316173343554654,0.4533875182653989,0.4951280845130528,0.989902186453506,0.013862339179294136,0.6555004955549377,0.38128841548157644,0.5506080999717717,0.20757898010621856,0.8198914486074665,0.4070723043226038,0.482214494207585
0.2645737241320478,0.5718884129408837,-0.5726297721479203,0.2177255591019598,0.41711901440249477,0.4376305385856918,0.8932875513603384,0.6515394622814805,0.11967624860784376,0.8114097712925566,0.2332834893690141,0.46289481351741013,-0.6172821912295363,0.6787768674168396,-0.7997767561271355,0.9162887533224873,0.1972069310154682,0.9978905670582712,0.004814487122777322,0.8875326081677576,0.7791766443540008,0.6190209972009718,0.8522565848980582,0.1362262602747196,0.20559459996305934,0.8332550727191919,0.27760594279374107,0.24803802755604415,0.37509856955444165,0.42758338631365794,0.4402418085572021,0.6927883032653437
0.1001413087587994,0.8624058331462546,-0.5932763644189085,0.753162512797868,0.5222256279878372,0.8940780617743902,0.8911269759920109,0.1350584737380862,0.3436179573355872,0.2934796663282845,0.25580594850632915,0.4714505880704829,-0.5664047485742949,0.703550421663259,0.3666055572348299,0.9142946038338718,0.18216818289544306,0.027623386873794398,0.025449477298827555,0.6800742292262048,0.028240297091327197,0.7082614743975855,0.02605339348078395,0.015811281283529682,0.11108849291705003,0.08953671190680004,0.5928648462878352,0.47683420409764565,0.16814947410613557,0.364831733097827,0.8639578157297808,0.47142439733063546
-0.8313506568080717,0.05300917897770174,-0.614144048421309,0.6652449313093947,-0.1016217660770542,0.5280075247962334,0.6929332123740737,0.26954962211904954,-0.775754913682592,0.6129909427824127,-0.4403417670644387,0.2727606109888887,-0.9809194879357752,0.39784930991818823,0.09876500513854669,0.9155513618333582,0.06460933996979601,0.32483432044212346,0.6425535658745933,0.7669567392864024,0.44275999221780205,0.7652734073977171,0.895883428859677,0.40808473939290313,0.029696859347128512,0.16218477195990488,0.8948283172421736,0.637586185265365,0.016025014333206355,0.6699677118038074,0.6958245356331259,0.600927297490554
-0.20545274264548513,0.18192208547980648,0.6776593508085804,0.25881953788789097,-0.05084850100694349,0.4227191424082749,0.7401393647864217,0.8605394504299613,-0.4595171322258832,0.6450151583889426,-0.4156256146521049,0.9719640618775007,0.20748541216002214,0.0032530716629711742,-0.596243534846469,0.21596248619249092,0.31656415632625906,0.9172146549035433,0.9690944211333942,0.8592786107344634,0.6306629710506707,0.8967517964288617,0.45449971368440667,0.7465225586275849,0.3151906403911271,0.5878669592071327,0.22888296825678545,0.8574943241687508,0.05893153076956237,0.9422116861099901,0.6821873280847844,0.5875476955459343
-0.41542984657996984,0.6072542891276915,0.7629245301516697,0.8500182332267072,0.8402585713457247,0.005181542689915997,0.73336579655166,0.8867122157682766,-0.32513511311444354,0.16799218854128084,0.5711132560062953,0.8636492317221283,-0.16165106977425503,0.050240212912865956,-0.696419011634636,0.30141302550828664,0.6613685311330928,0.4838678424800382,0.0386666329930172,0.0742045732498342,0.6400346899283726,0.4533875182653989,0.5061401151803728,0.9188280201475463,0.013862339179294136,0.6555004955549377,0.38128841548157644,0.5554245346625657,0.20757898010621856,0.8198914486074665,0.4027114279208521,0.4833226961688988
-0.41542984657996984,0.004746129010769817,0.7497604582891733,0.8500182332267072,0.8402585713457247,0.005181542689915997,0.73336579655166,0.8867122157682766,-0.3191154070101807,0.16868835804955642,-0.4399115125079795,0.8636492317221283,-0.16165106977425503,0.050240212912865956,-0.696419011634636,0.30141302550828664,0.6613685311330928,0.4838678424800382,0.038703500048782355,0.03331189520891731,0.6667874392951707,0.4533875182653989,0.5061401151803728,0.9188280201475463,0.013862339179294136,0.4574569137767023,0.38128841548157644,0.5554245346625657,0.20757898010621856,0.8198914486074665,0.4027114279208521,0.47954528883682646
0.09498344051772833,0.8624058331462546,-0.5941100595008042,0.753162512797868,0.5251868951275283,0.8940780617743902,0.8911269759920109,0.13578684337690994,-0.18950741579090563,0.8546997766936477,0.7639404072257847,0.4714505880704829,0.2574759068912386,0.6702993826779968,0.3666055572348299,0.9142946038338718,0.18445855647133558,0.009050136559195399,0.025449477298827555,0.6080687696799243,0.028240297091327197,0.992654535033538,0.035790764910671014,0.496286167509003,0.10720499376042736,0.10112222727079678,0.5930321979753501,0.47683420409764565,0.22304991380961914,0.42682693509985836,0.9392226623525699,0.47142439733063546
0.10858157079385444,0.7515230606304175,-0.1445536405392216,0.6047542735809021,0.5490292313314282,0.5710910541937249,0.70023546198139,0.9351079932374798,0.7675159006604423,0.7841579546760894,0.7133685182061187,0.3664411380425082,0.1503580457203808,0.94910502080837,0.8101554409250826,0.8200796521212051,0.27463465069504356,0.24536809204664528,0.33240051654221037,0.7843833397700671,0.6705049296985707,0.19599535028503257,0.8193502078766832,0.48030588829062915,0.830853698598691,0.5516212137526642,0.7494063271331415,0.29852838978069807,0.6679297582323532,0.9925734869767501,0.9121015280414566,0.4451302512193527
-0.20545274264548513,0.18192208547980648,0.6776593508085804,0.6787109306238458,-0.05084850100694349,0.527447312431995,0.7401393647864217,0.8605394504299613,-0.4595171322258832,0.6450151583889426,-0.4156256146521049,0.9719640618775007,0.20748541216002214,0.0032530716629711742,-0.596243534846469,0.7872187031093595,0.31656415632625906,0.9172146549035433,0.9690944211333942,0.8592786107344634,0.6306629710506707,0.8967517964288617,0.45449971368440667,0.7465225586275849,0.3151906403911271,0.5878669592071327,0.22888296825678545,0.8574943241687508,0.05893153076956237,0.9422116861099901,0.6815209456021286,0.5875476955459343
-0.8313506568080717,0.05300917897770174,-0.5682008029008612,0.2453535940938963,-0.1016217660770542,0.4232793547725132,0.6845413291704137,0.26954962211904954,-0.787264325230586,0.6129909427824127,-0.4403417670644387,0.2727606109888887,-0.9872723370179977,0.39784930991818823,0.09876500513854669,0.19863380796536628,0.06460933996979601,0.32483432044212346,0.6425535658745933,0.7669567392864024,0.44275999221780205,0.7652734073977171,0.895883428859677,0.40808473939290313,0.029696859347128512,0.16218477195990488,0.8948283172421736,0.637586185265365,0.014956749132242542,0.6699677118038074,0.6947600154930406,0.600927297490554
0.42106156210122336,0.6641731554869583,0.9288156408649275,0.663626633608169,0.7359466600043065,0.7317795391395754,0.7642361360242255,0.17152140639019176,0.4403752539195269,0.8849961430834696,0.8859571614102574,0.9317434028767407,0.9867404103995194,0.38438642967581654,-0.8217065250209845,0.2513081707722351,0.5103244775031233,0.9110791900437627,0.7348490149332488,0.5701111253596182,0.6087989761925683,0.11053775833280799,0.318006642450008,0.8688882351886196,0.33842615249792074,0.9837499414123763,0.38373412727514283,0.7806041716120833,0.12080689136861589,0.7491852884225242,0.6830536662702247,0.04620341880212403
0.0999953737820487,0.8624058331462546,-0.5932763644189085,0.753162512797868,0.5222256279878372,0.8990454901760356,0.8911269759920109,0.1350584737380862,-0.28828368526729176,0.3155731514014277,0.25580594850632915,0.07644850827853872,-0.5664047485742949,0.7051703322157195,-0.7007271138840276,0.9142946038338718,0.18216818289544306,0.027623386873794398,0.019849578818642948,0.6800742292262048,0.028240297091327197,0.45566091262792563,0.02605339348078395,0.015811281283529682,0.11108849291705003,0.08953671190680004,0.5759309555040116,0.47683420409764565,0.16814947410613557,0.364831733097827,0.4065223012619645,0.47142439733063546
0.09851909124452436,0.035593723173574954,0.8013099013223388,0.7184585607480771,-0.39505739580347976,0.13839354883954047,0.25317217033983,0.02754838971353668,0.25389520426941226,0.10378044619914563,-0.01613246054201145,0.133540235837593,-0.06575889957322612,0.9373299949445388,0.20909358848857862,0.5432801497464368,0.15467740136057767,0.3616684417336199,0.7314443072896548,0.8415777638793983,0.009193435982596976,0.27632892458543157,0.13205177823003583,0.19494547570117432,0.21431477684343203,0.7147688954210053,0.020659132800222246,0.8090460582984136,0.9405709010757212,0.9895104346499239,0.07399181264464227,0.07629316089477978
0.07913102105755021,0.5877817314986848,0.7213516344339057,0.7784033526019473,-0.5522634148701744,0.24100112460959655,-0.00242479066811363,0.4218518605739072,-0.9790273305373776,0.6604810354899904,0.5582213764377372,0.24773357607784022,0.1477262681293737,0.1273282197278865,0.005308010282280007,0.10636035894818419,0.9691025729501793,0.017140572846771063,0.2520512101171028,0.07908648784687078,0.03507348709105024,0.47001188483542244,0.010930528860710997,0.16831754320386538,0.9394280313395093,0.051607121401431644,0.052668740496318756,0.4826416570224388,0.014967545337477198,0.6035275436464426,0.1045941077200151,0.27125801343291345
0.6910986560313588,0.6050399192974347,0.7353069935514792,0.7784033526019473,-0.5522634148701744,0.24352105110237274,-0.00242479066811363,0.4218518605739072,-0.9790273305373776,0.6604810354899904,0.8444945686359192,0.24773357607784022,-0.037736474080170807,0.1273282197278865,0.005308010282280007,0.10636035894818419,0.1864881632369924,0.9114037474867445,0.2320493563495749,0.07908648784687078,0.8240803038060076,0.20094969172867827,0.3724855044319412,0.16831754320386538,0.9990003141634027,0.051607121401431644,0.052668740496318756,0.9623310819354114,0.014967545337477198,0.6035275436464426,0.1045941077200151,0.27125801343291345
0.8136617556141084,0.257865704171204,-0.9686666150477892,0.4399970120810829,0.8024990157615174,0.36125368154379056,0.7815425186712259,0.02078082596986419,0.03075497712745423,0.19236991027189138,0.9542144180802756,0.07843434935146987,0.3863316310229444,0.2387069830610561,0.11081203260872291,0.7960465538490848,0.030507119866870824,0.876860749876947,0.742334592949248,0.17515007678439587,0.0073175499702796964,0.6388902491501522,0.4586122829009992,0.024337513606516037,0.3878987232532167,0.27705963410271456,0.72507790692525,0.26817719020852215,0.2490122010828587,0.10511946764145289,0.08213385277245566,0.0828379774077379
0.020401592258368628,0.48292977151641003,-0.4855585143857656,0.10912676537495569,-0.07562977014570804,0.2250937394088876,-0.29181682257511066,0.9798869417358864,-0.7309187066001819,0.8949214150950017,-0.9139468620960971,0.38801283779483886,-0.9414418555966511,0.3430693909769912,-0.48573561547305055,0.46431234225978846,0.2839270630330957,0.18721683702394265,0.21454209014022632,0.22772282270110678,0.0641886167456227,0.25318550285255736,0.6530063652147082,0.6322213394126939,0.011063952180361158,0.23689426252119716,0.13197596118445912,0.42107161378362556,0.7479440776687438,0.07630749806594939,0.08795774447484228,0.08102372432610558
0.09321131520247553,0.727855415348158,-0.46251846280235004,0.5866546047060742,0.8170644207886149,0.3070999850765176,0.8886033764443398,0.21521939952461416,0.6503946310808659,0.16468754199244623,-0.49539924778278754,0.8779239215384235,0.24602039538836115,0.293108939259756,0.07149365853290884,0.6996392478136879,0.1502489059403837,0.44584694910468325,0.7414893056133989,0.7737217535237328,0.764242635875189,0.6324755380220675,0.328691302809706,0.4893532227602825,0.01091027151542412,0.01511019481201048,0.7321469035556717,0.4445188153448537,0.7695808241872212,0.11219661671641057,0.9241618624587331,0.36448724419002376
0.10858157079385444,0.7515230606304175,0.6920159040734284,0.779899819599777,0.5490292313314282,0.5710910541937249,0.70023546198139,0.9351079932374798,0.7675159006604423,0.7841579546760894,0.719632208270302,0.3664411380425082,0.1503580457203808,0.94910502080837,0.8101554409250826,0.8200796521212051,0.27463465069504356,0.24536809204664528,0.33240051654221037,0.7843833397700671,0.6664622217498533,0.19599535028503257,0.8193502078766832,0.48030588829062915,0.830853698598691,0.5516212137526642,0.7494063271331415,0.29852838978069807,0.6679297582323532,0.9925734869767501,0.9121015280414566,0.4451302512193527
0.7138640799878877,0.1825602519206121,-0.35040250142166396,0.4026923527835601,0.08437535194019108,0.48683489236206584,0.9688217472657186,0.03139205277931467,0.3554718898451139,0.6963774821633,0.8002566837821278,0.6807382677537215,-0.26027995718591446,0.8253854011653872,0.11141088592566573,0.3605208928623898,0.21403630319584072,0.3762476680145745,0.9805001439841697,0.552448957325605,0.6874500161886791,0.23965707156911376,0.3756343524066459,0.4594744634072947,0.6857153434182952,0.8900359465078771,0.7669466816215302,0.004766864835681117,0.2935074941648855,0.6789703690638884,0.7521842728670824,0.8650381068819466
0.09498344051772833,0.8624058331462546,-0.5918353517807953,0.753162512797868,0.5251868951275283,0.8940780617743902,0.8911269759920109,0.13908677603351868,-0.16378432703066617,0.8546997766936477,0.7639404072257847,0.8673213400462387,0.2574759068912386,0.6702993826779968,0.3930442459773653,0.9142946038338718,0.18445855647133558,0.009050136559195399,0.025449477298827555,0.7339297831523187,0.02644422281934211,0.992654535033538,0.035790764910671014,0.496286167509003,0.6427459094483337,0.10112222727079678,0.5935699404417606,0.47683420409764565,0.25909381348792504,0.42682693509985836,0.9392226623525699,0.47142439733063546
0.42106156210122336,0.660593226559817,0.9288156408649275,0.6737243850740227,0.7359466600043065,0.7317795391395754,0.7642361360242255,0.8464791661918563,0.4403752539195269,0.8849961430834696,0.8859571614102574,0.9317434028767407,0.9867404103995194,0.38438642967581654,-0.6965976643193957,0.301464840123572,0.5103244775031233,0.9110791900437627,0.7348490149332488,0.5701111253596182,0.6087989761925683,0.09550705094410208,0.318006642450008,0.9926723220920521,0.33842615249792074,0.9837499414123763,0.38373412727514283,0.7806041716120833,0.21037706281233703,0.7541260445616016,0.6830536662702247,0.4694118100334266
-0.3722498700714436,0.7848671279658664,0.8184638285338656,0.834862930532847,0.8402585713457247,0.011975065976551902,-0.061178459414440944,0.46939303159284523,-0.32513511311444354,0.8448396895205368,0.5950115324701699,0.37472136984921933,-0.14019450735295688,0.05412055107688811,-0.696419011634636,0.09030894792947587,0.6613685311330928,0.7369204147016175,0.054416640623708684,0.03480465563427676,0.6316173343554654,0.3040540731419886,0.06724040914721843,0.9188280201475463,0.6787421131555669,0.6576418986382506,0.3747008153172073,0.04126503183529828,0.20150461009188114,0.820051440733409,0.18274502578424912,0.46257296171860857
0.24855032485788622,0.7515230606304175,-0.1445536405392216,0.6047542735809021,0.5490292313314282,0.5710910541937249,0.70023546198139,0.9351079932374798,0.7675159006604423,0.7841579546760894,0.7112437698041894,0.3760200587094671,0.13374303874456916,0.94910502080837,0.8101554409250826,0.8200796521212051,0.27463465069504356,0.26227212192485594,0.33240051654221037,0.7843833397700671,0.6705049296985707,0.19599535028503257,0.8193502078766832,0.48030588829062915,0.8749856110429568,0.5516212137526642,0.7494063271331415,0.7458819253703926,0.9183791978734497,0.9925734869767501,0.9144307309044455,0.4451302512193527
0.6828354542124626,0.204600449176868,-0.9055273324771727,0.04927304658114312,0.21293631530845603,0.33198638857663887,0.7542949151609919,0.8557453997759787,0.3554259634648932,0.12848400707964908,0.8077798612522049,0.6828985901760529,-0.510320923313048,0.04362102730460887,-0.3150677464353544,0.4862299650912649,0.4366428071170606,0.3933551254929156,0.19262763033871177,0.5542863810302218,0.2733245390301797,0.5986366002721805,0.3753012176465263,0.8047789008253279,0.6782206142487153,0.7378366999623205,0.1678881536167301,0.018237005213883606,0.4232181412361531,0.07002466828876552,0.9288697059818622,0.5715251983389896
0.6910986560313588,0.5877817314986848,0.7353069935514792,0.7784033526019473,-0.5522634148701744,0.24100112460959655,-0.00242479066811363,0.4218518605739072,-0.9790273305373776,0.6604810354899904,0.8444945686359192,0.24773357607784022,-0.037736474080170807,0.1273282197278865,0.005308010282280007,0.10636035894818419,0.9691025729501793,0.90759479693157,0.3128937907513355,0.07908648784687078,0.8240803038060076,0.47001188483542244,0.30946001210988056,0.16831754320386538,0.345410799740864,0.051607121401431644,0.052668740496318756,0.9623310819354114,0.014967545337477198,0.6035275436464426,0.1045941077200151,0.27125801343291345
0.10148747718663248,0.257865704171204,0.8804501924294418,0.4375972092543271,0.12131807838916203,0.29696671690813753,0.6827431031516447,0.38183144256212187,-0.29056923447699984,0.1099064819717579,0.006292090524658345,0.2572534965223829,-0.4344689613031264,0.2387069830610561,-0.24509624186209794,0.7960465538490848,0.030507119866870824,0.47476443497016174,0.1670886132657895,0.17515007678439587,0.003087267721448045,0.6388902491501522,0.4696478416765799,0.14203243163605456,0.12387814267427444,0.28654691268034305,0.010809032739758584,0.2680457126993868,0.2646312312231308,0.12923017194948333,0.08242904067612247,0.2006681403298612
-0.10230304411641039,0.469904064615004,0.7886555599083679,0.6874181134661165,-0.2700951106006171,0.7489922332463551,-0.9443143193287349,0.7267091898968931,0.12279582599912539,0.30184915960502573,-0.29658304851571304,0.7603036928266764,-0.5532591726164438,0.1268234805318435,0.14049144191587107,0.03346165332677975,0.6259266565567749,0.9727502445494628,0.2364318965993939,0.45885705335978744,0.1050693381616633,0.09061181421161263,0.8929950134767958,0.8772797289978642,0.42962344635574246,0.7060098280814204,0.025097426190568525,0.3938609194857995,0.2034292933581638,0.7783227747443835,0.20733558606953062,0.832471394139076
-0.9901364739605427,0.17307611771345122,0.050719904479773925,0.4376427791156946,0.8894397977830472,0.2310471439292937,0.6730018018168897,0.9576286586480655,-0.23004129959209174,0.1111789639862143,-0.32411736098295735,0.7529014373223161,-0.4628175773763685,0.4941498211232199,-0.5198583954083924,0.4333121804201357,0.7996046804035281,0.8729544122182656,0.230538720312216,0.5083923690456227,0.5359184076484881,0.67535246882788,0.7083542873449301,0.684911047196895,0.984101652761698,0.12086324942065407,0.10562106768792079,0.5271709634025213,0.3399818031406485,0.11401227425719362,0.04911000886940797,0.46837423397546485
0.2645737241320478,0.5667559211036205,-0.5301562271899182,0.19621730094237855,0.41711901440249477,0.7409158315517635,0.6534924941004159,0.8133446768828475,-0.73035377496076,0.5078138872741721,-0.26931558929898153,0.4697214293654637,-0.6172821912295363,0.47901331956435056,-0.4312727801592686,0.38069980094379013,0.2622870489674777,0.7257051599526734,0.01285296380526782,0.8875326081677576,0.9178898474800973,0.6190209972009718,0.8522565848980582,0.11924949171626414,0.20559459996305934,0.8332550727191919,0.2797505995220855,0.24941849679726324,0.37509856955444165,0.327551435076444,0.22805333660146188,0.6919346841341658
0.3596153878499897,0.010739085008974691,0.3709695712853317,0.9544040073113512,0.5190052782673987,0.6348747792722491,0.8015013903817754,0.96671491070613,0.3421437661758503,0.296566295702996,0.6071276480162406,0.9710633436671771,-0.06476467034300631,0.7571573379867013,0.32352026526538985,0.9917099555710644,0.8937385870919077,0.7339861518692028,0.025154636732700065,0.7013077462136837,0.14510839676100096,0.6780659529988491,0.04506992533472064,0.02952401085981382,0.977066216292791,0.8471739340148113,0.6550686503117468,0.950334418160693,0.37650683990644385,0.6521458158744192,0.31767177897653,0.06296497521722089
0.8381573592450899,0.3889326924403711,-0.9055273324771727,0.04927304658114312,0.2019461644232681,0.3328403995163106,0.7554226068639246,0.8557453997759787,0.5344073846859532,0.12848400707964908,0.8959904385627463,0.9959587625142293,-0.5177722624640325,0.04362102730460887,-0.3150677464353544,0.4870518582554271,0.076603168168137,0.8732744630849703,0.19262763033871177,0.5788890666413814,0.2733245390301797,0.5986366002721805,0.6567480674489762,0.3647389010317853,0.9373259978016094,0.7378366999623205,0.1678881536167301,0.252890329377846,0.4241226102891098,0.07002466828876552,0.9288697059818622,0.5715251983389896
0.26464838578705047,0.5667559211036205,-0.5318204191027175,0.19621730094237855,0.41711901440249477,0.5013005639708005,0.6534924941004159,0.6524603472689633,-0.8348005466693389,0.5493487669396907,-0.5461433212834469,0.4697214293654637,-0.6172821912295363,0.48167029963303765,-0.4312727801592686,0.39000727441159844,0.18747818945187378,0.3807563191829825,0.016001792324774083,0.7334141819908597,0.9178898474800973,0.6190209972009718,0.8615354299602439,0.04938373757931,0.20559459996305934,0.8332550727191919,0.28096577984291504,0.24941849679726324,0.3734553689327441,0.327551435076444,0.22805333660146188,0.691520961217972
-0.12017828697836186,0.881229861181386,0.7647438874839052,0.8399204811985042,-0.36217305184259385,0.005181542689915997,0.7262440616582555,0.16793653780990953,-0.32894025994041787,0.17225409458994428,0.5711132560062953,0.07441340534435686,-0.16165106977425503,0.050240212912865956,-0.8215278723353736,0.25125635615694975,0.6613685311330928,0.7836524194790707,0.102323311029482,0.12519916198838255,0.10425565350791285,0.30824556232275596,0.12442195638305933,0.8655341442998581,0.013862339179294136,0.6555004955549377,0.38128841548157644,0.5506080999717717,0.14226000030715077,0.6401085882248645,0.4070723043226038,0.0593053966807241
-0.8313506568080717,0.23903821086955812,-0.5682008029008612,0.6652449313093947,-0.1016217660770542,0.5280075247962334,0.6845413291704137,0.3740823647056323,-0.7751698181672104,0.6129909427824127,-0.07674063429599759,0.9651862231624417,-0.9744892722252865,0.39784930991818823,0.09876500513854669,0.7698886098718789,0.06460933996979601,0.34744582023474996,0.6425535658745933,0.7669567392864024,0.44275999221780205,0.7662031135974712,0.895883428859677,0.40808473939290313,0.029696859347128512,0.16218477195990488,0.8948283172421736,0.6377924299464752,0.014956749132242542,0.6699677118038074,0.6940936330103847,0.600927297490554
-0.20545274264548513,0.18192208547980648,0.6776593508085804,0.25881953788789097,-0.05084850100694349,0.4227191424082749,0.7401393647864217,0.8605394504299613,-0.4595171322258832,0.6450151583889426,-0.4156256146521049,0.9672625197789746,0.20748541216002214,0.0032530716629711742,-0.596243534846469,0.21596248619249092,0.31656415632625906,0.9172146549035433,0.9690944211333942,0.8592786107344634,0.6306629710506707,0.23927230004935585,0.45449971368440667,0.7465225586275849,0.31103320955563907,0.5878669592071327,0.22903453223988968,0.8574943241687508,0.05893153076956237,0.9408409332746177,0.6821873280847844,0.5875476955459343
0.3596153878499897,0.03213536821558788,0.6788409156107765,0.9544040073113512,0.8411744701244722,0.6348747792722491,0.8015013903817754,0.96671491070613,-0.45763529022896443,0.09962748677165095,0.6071276480162406,0.9710633436671771,-0.06476467034300631,0.7571573379867013,-0.4744608588683039,0.9917099555710644,0.8937385870919077,0.7339861518692028,0.022387402699868997,0.7013077462136837,0.6357350559112228,0.504276720841762,0.41602492737814156,0.02952401085981382,0.977066216292791,0.8471739340148113,0.6550686503117468,0.950334418160693,0.37650683990644385,0.8269879198292556,0.31767177897653,0.06790345208286497
0.3606121369293722,0.727855415348158,0.8757944028059564,0.5889224440510882,0.8170644207886149,0.43632464314397224,0.906815853297642,0.2225857062440466,0.6503946310808659,0.8428945279752147,0.9107973234637425,0.8740588017098647,0.25627766025590293,0.9376230850927203,0.07149365853290884,0.6921343456305493,0.1478230661701742,0.44584694910468325,0.7414893056133989,0.7286112515148868,0.7665092465054414,0.713638386541202,0.4822588357331164,0.4893532227602825,0.9621330543689355,0.8611629016503896,0.7360340325610121,0.9170539341548819,0.7619505148213517,0.11037244123682222,0.9241618624587331,0.8382870073396208
-0.15862816683615358,0.8913147294286192,0.7644307145023425,0.8500182332267072,0.8402585713457247,0.13621395441246492,0.7262440616582555,0.8429058569854397,-0.32513511311444354,0.16799218854128084,0.5711132560062953,0.9587650825982134,-0.16165106977425503,0.050240212912865956,0.06064702367145042,0.30141302550828664,0.6613685311330928,0.7836524194790707,0.7524629182708489,0.0742045732498342,0.6316173343554654,0.4533875182653989,0.49542084784177465,0.989902186453506,0.013862339179294136,0.6555004955549377,0.38128841548157644,0.5506080999717717,0.20757898010621856,0.8198914486074665,0.4070723043226038,0.482214494207585
-0.4045635574088073,0.7663411792603203,-0.35040250142166396,0.8036472385623831,0.08437535194019108,0.8214129298091375,0.751015001800694,0.45814296614983796,0.3554718898451139,0.6963774821633,0.2651412985334006,0.6807382677537215,-0.26645905671416553,0.8253854011653872,0.11141088592566573,0.3601262320079095,0.21028994864277306,0.38556854129136187,0.9764499230641092,0.6796745217655944,0.6792531094435141,0.24463477245693635,0.4564696008793269,0.007248812726325882,0.7279948501879843,0.8861595432091355,0.1299158728778578,0.04365376882754116,0.8050316268744662,0.6712360470416793,0.20566335675535347,0.3064738586613961
0.09496912299941514,0.8606178709032559,0.6645913009755249,0.8185248397477147,0.606320085068877,0.38526924446175354,0.9055574847173871,0.4966325891661096,0.7544635773349737,0.8428945279752147,0.7908397802164515,0.8779239215384235,0.25752721175585724,0.9056784780715905,0.3549129933780876,0.7018843263791357,0.1874269936529347,0.75057758063378,0.8967984315732883,0.7337685883386804,0.927505662127417,0.9236590025829398,0.6051787748699617,0.5036090348054276,0.633206969503802,0.9877449027402079,0.7245591905165355,0.9035442578948047,0.7675003661570722,0.023762312291829124,0.933174297898802,0.4702667164435993
-0.20545274264548513,0.18192208547980648,0.6776593508085804,0.2587046959696413,-0.05084850100694349,0.32988056623524686,0.7401393647864217,0.8556471278857193,-0.4595171322258832,0.6450151583889426,-0.4156256146521049,0.9711352825841306,-0.513773942906649,0.0032530716629711742,-0.596243534846469,0.21596248619249092,0.31656415632625906,0.9302329488212988,0.22677098412392327,0.5524081442106297,0.2782060413345998,0.5916823660356336,0.37902516314488627,0.7465225586275849,0.3151906403911271,0.5878669592071327,0.24227131842883232,0.8574943241687508,0.05893153076956237,0.9422116861099901,0.6821873280847844,0.5875476955459343
-0.37249390075211936,0.2503507354627862,0.8184638285338656,0.43390738907563153,0.8402585713457247,0.011975065976551902,-0.061178459414440944,0.03348006052754271,-0.32513511311444354,0.8448396895205368,0.5950115324701699,0.37472136984921933,-0.14019450735295688,0.05412055107688811,-0.696419011634636,0.09030894792947587,0.6613685311330928,0.7369204147016175,0.054416640623708684,0.03480465563427676,0.6316173343554654,0.3037669560923539,0.06724040914721843,0.9249019703577673,0.6787421131555669,0.6576418986382506,0.3747008153172073,0.011004791869732265,0.20150461009188114,0.8120098963240957,0.18274502578424912,0.4488788859891274
-0.9901364739605427,0.17307611771345122,0.050719904479773925,0.4376427791156946,0.8894397977830472,0.2310471439292937,0.6730018018168897,0.9677765601790038,-0.23004129959209174,0.1111789639862143,-0.32411736098295735,0.7529014373223161,-0.4628175773763685,0.4941498211232199,-0.5198583954083924,0.4333121804201357,0.7562200930821354,0.8729544122182656,0.230538720312216,0.5083923690456227,0.5359184076484881,0.67535246882788,0.7083542873449301,0.684911047196895,0.9596844892695644,0.12086324942065407,0.023806684891600025,0.5271709634025213,0.3399818031406485,0.11401227425719362,0.04911000886940797,0.29046765367965355
0.4769193700671842,0.7259108370822347,-0.8247448322670079,0.8593817400964574,-0.7700094524238872,0.3320923517557274,-0.8493796284904,0.5302225093021083,-0.05095716243479159,0.6131822514098376,-0.27861713105707253,0.17092693589616248,0.13884721008823359,0.14743912813891336,0.37683321425206207,0.746196562207036,0.3927211523243657,0.46536656816740485,0.6715457487288155,0.71912255265196,0.6889211638512627,0.06695216826852551,0.1457083309090616,0.49935835448276267,0.7113387351779583,0.6269246481529664,0.397354624730742,0.4319148591497389,0.5250242852213473,0.7059003639643259,0.918236954832128,0.8382886132158047
0.09851909124452436,0.052444588134262074,0.8614362895134775,0.7184585607480771,-0.39505739580347976,0.13839354883954047,0.8107846539571824,0.02754838971353668,0.25389520426941226,0.10378044619914563,-0.01613246054201145,0.133540235837593,-0.06575889957322612,0.9373299949445388,0.20909358848857862,0.5432801497464368,0.15467740136057767,0.3616684417336199,0.7314443072896548,0.8415777638793983,0.009193435982596976,0.27632892458543157,0.15421378490208248,0.19494547570117432,0.21431477684343203,0.674279320516245,0.020659132800222246,0.8082038772607967,0.9405709010757212,0.9895104346499239,0.07846385734915018,0.20177232639024922
0.6828354542124626,0.204600449176868,-0.9055273324771727,0.04939475007780786,0.21293631530845603,0.4248249647496669,0.7542949151609919,0.8606377223202207,0.3554259634648932,0.12848400707964908,0.8077798612522049,0.6281025522107557,0.21093844743679735,0.04362102730460887,-0.3150677464353544,0.4862299650912649,0.6185170367091156,0.3799756521101399,0.9314723263491649,0.861156649545853,0.6257814705876685,0.9037026511614884,0.45077576818604664,0.8047789008253279,0.6782206142487153,0.7378366999623205,0.15449980344477318,0.018237005213883606,0.4232181412361531,0.07002466828876552,0.9288697059818622,0.5715251983389896
