-0.6733011063343728,0.11769688804215006,-0.9533105452723303,0.7057837116268251,0.7182252830440667,0.21966561357625647,-0.5248612604139375,0.012980087094521142,0.28971689369786824,0.30074607789067986,-0.726255391615926,0.6468735585798162,0.19946710350056374,0.4473885514326741,-0.6939734232063557,0.6386706625953511,0.5556893112719441,0.43290101853557017,0.1646715879870595,0.928834220072079,0.86317055762585,0.6898028785376858,0.996002337185831,0.580361488674206,0.344777444184001,0.11634846707287849,0.6076857004451232,0.5194882615908716,0.43643710145596826,0.9926348490441296,0.839482546456112,0.11483144599154826
0.2346338056917523,0.5095120798896947,0.8962299280360606,0.9716123290955341,-0.2700951106006171,0.7489922332463551,-0.9534015467702708,0.7176551895321801,-0.1084576844944094,0.3186354397623097,-0.42934132064901753,0.47007614236796047,-0.09244096603203777,0.3107081283012222,-0.9496211858834958,0.03346165332677975,0.02023091546748157,0.8485584878045277,0.42111244261418135,0.4596863584531319,0.9169262519538175,0.0848974571615404,0.817358416638358,0.8898091612553732,0.42962344635574246,0.7060098280814204,0.024592547769515694,0.3938609194857995,0.015940750084470823,0.7364265547365666,0.9702223746293507,0.9271092018717575
0.02298279177594864,0.48292977151641003,-0.4860814809442968,0.10912676537495569,-0.07562977014570804,0.2253309497128243,0.3270837930614323,0.9798869417358864,-0.7309187066001819,0.8949214150950017,0.8620851222277106,0.38801283779483886,-0.9414418555966511,0.3430693909769912,-0.48573561547305055,0.7233661603815366,0.977013970002464,0.9615991660451418,0.21756484141209753,0.22772282270110678,0.41721765732788385,0.25318550285255736,0.6526960845303619,0.6164787318029807,0.011063952180361158,0.23689426252119716,0.4409095521210218,0.42107161378362556,0.7423928407615006,0.08057824499097233,0.08795774447484228,0.3959609752483867
-0.3722498700714436,0.8796569994647027,0.7647438874839052,0.8500182332267072,0.8402585713457247,0.005181542689915997,0.73336579655166,0.8429058569854397,-0.32513511311444354,0.16799218854128084,0.5711132560062953,0.8636492317221283,-0.16165106977425503,0.050240212912865956,-0.696419011634636,0.30141302550828664,0.6613685311330928,0.7836524194790707,0.102323311029482,0.0742045732498342,0.6316173343554654,0.4533875182653989,0.5078791321953781,0.9188280201475463,0.013862339179294136,0.6555004955549377,0.38128841548157644,0.5554245346625657,0.20757898010621856,0.8198914486074665,0.4027114279208521,0.482214494207585
-0.6135129464846143,0.9125209265652345,-0.291456334773992,0.9660940130751585,-0.3454128232908307,0.7228721667591219,-0.9002528739016546,0.32952953747722813,0.5128465948071903,0.8957692988565908,0.7759826750640826,0.925360396646371,0.9043917788716167,0.6903487574518578,-0.11771336266866061,0.18024817905170176,0.6352771932381207,0.7752626049727136,0.5618130127106223,0.19725650040150045,0.6140984799356053,0.6336336482977204,0.4299724893365763,0.18815361519300577,0.7450839555029334,0.16325541847177072,0.044743902144546044,0.6823791381799439,0.5763002868517031,0.9755248401247938,0.3024536349920818,0.34933986511179727
0.6910986560313588,0.603722440172606,0.7431174079728284,0.8142309409394398,0.28391089375374556,0.24100112460959655,-0.00242479066811363,0.975725975637857,-0.9790273305373776,0.6604810354899904,0.8080718043091883,0.7105494267455821,-0.04600474839946678,0.6396130680030623,0.005308010282280007,0.36154291774668645,0.9691025729501793,0.9079598759919372,0.2320493563495749,0.07908648784687078,0.7925564162459273,0.47001188483542244,0.5697695536260164,0.20533017571120027,0.9732765145921815,0.9180810409695283,0.662057311071046,0.9623310819354114,0.08795307493774296,0.6035275436464426,0.10715032956534853,0.8574639527645534
0.43908698380212363,0.7888598305433968,0.4152352349574884,0.6839192949654211,0.6568086588274589,0.017764243383704192,-0.4484091456623138,0.11053588414973081,-0.8865887829642622,0.916066349810888,-0.8864098027122986,0.9581065422159933,-0.4299786217896431,0.5151465171368096,-0.3790636421076754,0.6105302612603158,0.4088487932009981,0.2235353522174317,0.06463156013310545,0.8658066000706337,0.034993651571841866,0.7083211146115914,0.8337613820243924,0.027477120608302097,0.0516866475059401,0.35313888936541593,0.7371167536798471,0.17450418017991187,0.13064058693783687,0.6858702676829567,0.8594079748056983,0.2536733891739009
-0.162953958468244,0.2890202484431259,-0.8414783927609228,0.02357222839744988,-0.6638432512981345,0.08438091247058899,0.7069265310010784,0.8255316141717621,0.2846884264941223,0.6146504181283333,-0.2623733125208225,0.1199626267652174,0.8741040770553636,0.781320545100542,-0.6710879441775361,0.6339876436570819,0.25804178239451037,0.14252775360304304,0.34510351058430633,0.6816944870415754,0.6564378313983399,0.6669688568251495,0.8518983781644578,0.9431293697086357,0.5616955282440369,0.992728909242459,0.20932542170897028,0.906148693557815,0.3978519487036135,0.49939223153354106,0.6162188687517828,0.4834408524339755
-0.1631922281407192,0.42524430194160767,-0.6456565340726188,0.11969201305378097,0.71016264250389,0.23443500850387666,0.3905520525927755,0.3907036233977851,0.2559604680795695,0.6899569196018177,0.16936612073363833,0.9502882262574495,0.46328166109485447,0.6428884305614548,-0.686067428500013,0.39914227161162297,0.8007720565946918,0.5771945314863454,0.7788748310130647,0.2821014151166832,0.6809860907729458,0.22499232077258424,0.3059728790058549,0.499645837770311,0.3392364139537597,0.1852037818898975,0.43534952505473956,0.04145069115682609,0.7415120305866922,0.34080570050358616,0.7186212970966942,0.7431160713683723
0.4487639718585432,0.03556784190737172,-0.8153916151409375,0.8612479767983852,-0.7700094524238872,0.37606764072332055,-0.8493796284904,0.5302225093021083,-0.053843632855369306,0.6183041874596654,-0.2470538538297804,0.15548987059361807,0.2956049318549896,0.14743912813891336,0.37683321425206207,0.746196562207036,0.8158022308819733,0.46536656816740485,0.6728241342561313,0.2867523189215647,0.6889211638512627,0.8635357971170219,0.37985850896108353,0.4702074386016444,0.6500502355556487,0.9083516576281963,0.3933684906793721,0.12289254778577274,0.5250242852213473,0.7059003639643259,0.7051439078849219,0.8233171048826758
0.2609632898079328,0.4203149722969536,0.5026603485484724,0.19107936778746204,0.10061857386564488,0.30187378844077706,0.02463472250688281,0.8265768095022606,-0.8016656623861482,0.04338456986557426,0.8953633514109562,0.9418670733789614,-0.48266715475693234,0.12763548870191,-0.1427578338070763,0.8193604805630729,0.44894993940297856,0.7996551076103465,0.7082435128276212,0.9928168906632325,0.4888662379695027,0.45714172146536824,0.26118311843623165,0.12099376514791904,0.7606003427826403,0.7805894144466359,0.8865041059880114,0.6425906103951156,0.17865845020969362,0.9574913531314803,0.8848490078778842,8.019701245298716e-05
0.09498344051772833,0.8624058331462546,-0.5941100595008042,0.753162512797868,0.5223400912831588,0.8940780617743902,0.8911269759920109,0.1371871735628093,-0.9722054248189482,0.2934796663282845,0.21011665100136945,0.4714505880704829,-0.5642755291571209,0.6689336684891233,0.3666055572348299,0.9142946038338718,0.18445855647133558,0.027623386873794398,0.026087481608112473,0.6080687696799243,0.02834458101442472,0.05733294959747315,0.02605339348078395,0.03323093284601697,0.11108849291705003,0.08311392940737783,0.5818309273870053,0.47683420409764565,0.22248182848315212,0.42682693509985836,0.8639578157297808,0.47142439733063546
-0.0653716288120969,0.13818039445642338,-0.9542442333164929,0.31840547657901475,-0.9942995362662026,0.7687278994705248,-0.8665194567638832,0.2970262421245685,-0.1579550901043183,0.3078076972283533,-0.5991876853860374,0.7849739900599794,0.1540940128649746,0.23720204073696283,0.9628496563996434,0.18076389865189468,0.7383512088532447,0.41452389151091107,0.45801341841770815,0.960865998980847,0.07732847301889367,0.29845068338210634,0.18865267707558508,0.8264203486764952,0.020022915551979548,0.7915763196624624,0.7652499887832249,0.17085973540286892,0.08019334469024553,0.29749611389879127,0.08349621358270942,0.3146442979796935
-0.7211738039358886,0.9673180378037034,0.8589120041607392,0.7785816061937868,-0.6382334311306292,0.7286242067052622,-0.42679699814977234,0.40845980440997776,0.26175360232234546,0.19208632468731623,-0.2918405245323725,0.3964762017222163,0.38263711411835555,0.13102270770096225,-0.4342653480242875,0.7886303036623319,0.6542279211860418,0.9913036786458207,0.7425216873067023,0.46634843351291255,0.32654555220276593,0.7280546425861492,0.9750021480402552,0.41916336203266213,0.37629916103031147,0.4602060152419082,0.07134252565608235,0.8985998215146773,0.20304086405251343,0.5965829814027475,0.895063107091866,0.12335294145406606
-0.1621421567287149,0.19727393781997726,-0.12878227046188861,0.9216502971623945,-0.20563597107223774,0.608841272255975,0.03351452048010506,0.04625883915824536,-0.4721231626028981,0.9994590555763011,-0.8526639140093535,0.7892900992258546,0.4336696826114379,0.4928689584804894,0.26002962829247567,0.7822481614531237,0.7760767806789495,0.1209009201630663,0.7827181409643706,0.40672362064318335,0.16550902910313847,0.8364725553327288,0.41827355676274525,0.041796618496978466,0.7000398761594577,0.3853357470442279,0.01229132356299567,0.07393342268651337,0.016547311471087456,0.8230436656731368,0.8173836426575662,0.09323821821827738
0.9727065719650587,0.7324119964358171,-0.7734368469765562,0.41077707187227597,0.041884980652858506,0.4684669812768463,0.34225082285350017,0.49625680760657176,0.1574779011162175,0.8246471334860219,0.2756142650722422,0.3012654189377363,-0.9628381688766947,0.7885663075429515,-0.2665393246987404,0.048819369860732875,0.6519694273854709,0.18762915513260237,0.6796784340637699,0.5841075499705903,0.7962054093977847,0.9242269216935197,0.93268359066625,0.1727583097499552,0.5858511271551691,0.6517268616368518,0.8145940994608412,0.346222648937513,0.22392257728631826,0.7940067816791128,0.4390933209198383,0.9502767595850713
-0.26986345154822033,0.45534727934164465,-0.04575022351724689,0.9731243277781763,0.7181128821591016,0.8469982487765749,-0.7100643841975318,0.5110616956408643,-0.9550375244040965,0.7235342100530894,-0.48945867794250186,0.27593795712146774,-0.9710655202531024,0.6575201678749697,0.1604799711738656,0.05058777622186328,0.7650393665388368,0.9804804918598192,0.4668032550722895,0.601360270836297,0.9952760468268599,0.16513993100589552,0.8521836540758441,0.5944654376555888,0.8068830069612738,0.5505894327995893,0.8163360537073083,0.31499000270374944,0.8945867066029868,0.4186979579787158,0.5457850462390936,0.46052621532653926
0.9220002056633061,0.5789008827852703,0.5719398452655489,0.4367882893519457,0.7467845117619376,0.2894603604593222,-0.7061400219647205,0.7325784336305783,-0.30507713283781834,0.32302099948374907,-0.7831552982392509,0.8148062546283208,0.571933836632617,0.7839675534666243,0.4061438976491505,0.8329682599056405,0.7596695132213653,0.9271144790256836,0.07788803395739685,0.6201641819338564,0.03195611932354758,0.7375203491125197,0.5056599497668095,0.4329555590324049,0.11828330303577084,0.4048145416155259,0.5733685641420224,0.8269371630182812,0.5257296590337056,0.010871248949435364,0.8437237949259139,0.03250215096067077
-0.4103448213018912,0.9377031067346588,-0.19014372167280902,0.16720130672400368,-0.25913011729491475,0.10194039395871768,0.6933456884788787,0.39649269453857316,0.7531380559087337,0.3361130703947216,-0.8051040480203362,0.5171246086540541,0.1680998370797948,0.19348123593054545,0.31876205529622803,0.754321272753032,0.7955341026740296,0.09384248411603668,0.13962193523849087,0.980714130758315,0.430504657433303,0.19433988651267942,0.04926827888679719,0.8235506279445417,0.2895077466767101,0.6372838815052074,0.7882102446805068,0.7903828426885747,0.17187756172990165,0.6672398664046358,0.9906288059517131,0.5393348394921533
-0.521178668038635,0.49708834591924167,-0.5105598621268437,0.0350456687947015,-0.9231103503471931,0.6510659928734793,-0.8293637265846254,0.7182224044569347,0.3451623240340884,0.8955977866324767,0.874658738453157,0.7605357428644237,-0.23547649220723876,0.5896947822650561,-0.2846377170979437,0.9956366604624998,0.913430743731857,0.060365940671226914,0.8202290368313946,0.6140329287741324,0.380201607212613,0.9451761501904433,0.8425265255488472,0.44859889522047947,0.9095914443793168,0.16725533176403107,0.13167453299268206,0.9731693599749205,0.8697484639005391,0.5475949407390519,0.6693111455826349,0.9357695410600351
-0.2269371284776016,0.6099921509314323,0.13619550004569692,0.5935403852334724,-0.2821498875024069,0.8955111988882711,0.9779557658063762,0.8688458504784755,-0.8637573577685651,0.6149370318996471,-0.5726628584244708,0.37670718039395323,-0.4113435387320583,0.3901997673438927,-0.6758896873060785,0.5906120430136321,0.16763271488597986,0.9071136264524344,0.11091799479652076,0.5682003875864164,0.6102906544347777,0.1101951604081911,0.42143108223939774,0.7235568748108226,0.21011152564721713,0.10087411798674806,0.6413545789162843,0.21415599682274367,0.07566676185236554,0.8125474253922673,0.38122191431404384,0.47980587180329726
0.9304271407331606,0.59560041423679,-0.5424562533500987,0.9514320434212272,-0.5200175814078287,0.9418647464006106,0.27990502479884016,0.8663262820811117,-0.9719538338859584,0.3939799596695661,0.765714808247703,0.3110745233553879,-0.06317432840907888,0.8262362667178587,0.5365438875541739,0.37687587564267,0.5428835391192783,0.8416055560414984,0.18020114124091402,0.7618312525745831,0.9201883933288343,0.9214950056293569,0.20027860429798372,0.468667123928872,0.4789602921166073,0.6395508204412216,0.65093712012467,0.09419588479384167,0.6873781113837442,0.008649437425692907,0.10768254439837788,0.3017021195972803
-0.8313506568080717,0.05300917897770174,-0.5682008029008612,0.6652449313093947,-0.10693242106133449,0.5280075247962334,0.6845413291704137,0.3346585835612671,-0.787264325230586,0.6254268865480666,-0.4403417670644387,0.2727606109888887,-0.9872723370179977,0.39784930991818823,0.09876500513854669,0.7654330643373082,0.4878354233952663,0.32483432044212346,0.6425535658745933,0.7701846646934933,0.44275999221780205,0.7652734073977171,0.9004108864511184,0.40808473939290313,0.029696859347128512,0.16218477195990488,0.8948283172421736,0.637586185265365,0.014956749132242542,0.6844015670121286,0.6940936330103847,0.600927297490554
-0.9901364739605427,0.17307611771345122,0.050719904479773925,0.4376427791156946,0.8939629708987653,0.2310471439292937,0.6730018018168897,0.9576286586480655,-0.23605086572698863,0.1111789639862143,-0.32256407941459697,0.7529014373223161,-0.4628175773763685,0.4941498211232199,-0.5198583954083924,0.4447285757634517,0.7996046804035281,0.8729544122182656,0.230538720312216,0.5083923690456227,0.5359184076484881,0.67535246882788,0.7083542873449301,0.684911047196895,0.984101652761698,0.12086324942065407,0.10562106768792079,0.5271709634025213,0.3399818031406485,0.11401227425719362,0.04911000886940797,0.46837423397546485
-0.8723465627474207,0.21432084527967943,-0.40429794798379026,0.1723253625371618,0.6592339502823743,0.06385855793250805,-0.2736222349357649,0.5515117533613624,-0.8040955356728312,0.08060795107565588,0.39348800686803176,0.9298022817205367,-0.6685929540248183,0.11065486815095416,0.39419779140162237,0.7113376748054017,0.7014024560380995,0.9948012488625556,0.903338151885633,0.3328838090176579,0.8632943014556952,0.6968100097510979,0.14324623591729646,0.6835903131664091,0.7189456502627131,0.8590426282463879,0.8202973917644206,0.07885103446111241,0.852310849000018,0.009397899668806886,0.6332481803642533,0.6072690430594992
0.8197522656039544,0.330275922923152,-0.7586948555816286,0.9548584959887635,-0.37787377842519754,0.7579682172030011,0.9830527746715723,0.029563286590564064,0.19908891723657818,0.48005187131048355,0.9324650552365816,0.19823346377164286,0.8314613719612682,0.3261823184610151,0.05979743417577321,0.1570596172139379,0.9628099918055544,0.651248908509862,0.542276568509753,0.4822577794966373,0.4553433535128806,0.432740606465875,0.4113101332249154,0.1728851112841847,0.20793568556820974,0.29912436334285986,0.3953797735686866,0.9739200844699679,0.5467937176686684,0.1783094059264232,0.39998481827064636,0.6703571072663157
0.09846861048776723,0.14148528622413825,0.8013099013223388,0.3978719161484844,-0.39505739580347976,0.13839354883954047,0.26039156847334777,0.404292723996851,0.25389520426941226,0.9887701722039542,-0.01613246054201145,0.9707986830787702,-0.06575889957322612,0.4113148554183502,0.17884324551412023,0.5445567250897869,0.16111556572042862,0.3745649777534492,0.6990311129469771,0.8415777638793983,0.9753795453909376,0.27632892458543157,0.1320446749014672,0.19157832518903606,0.21431477684343203,0.7148753806040266,0.020659132800222246,0.7790823846856443,0.9430116832097065,0.960051070394679,0.9212246041517798,0.1967482222847432
-0.3414180900507502,0.20476278665807068,0.06747448038598303,0.17970111095469876,-0.673066587338248,0.8790194721137788,0.13021416347333714,0.4731877484915983,-0.15415342911653118,0.20494242375519156,-0.2168886908931813,0.0103699028163442,0.5172743062369303,0.015921336176218936,0.5838154558664921,0.41077757641838,0.8461492455634319,0.5028725328766571,0.9392533744136222,0.3185635095762299,0.46524205888715064,0.3458108027116983,0.5872880601865349,0.4878922661638704,0.6028525750016209,0.9226356268908961,0.24781751234969485,0.3278517493586133,0.9143495691367258,0.7566067415654703,0.41139005314682686,0.29222829407723916
-0.25450530050077136,0.18192208547980648,0.6041726399620713,0.3028365528351853,-0.05084850100694349,0.4227191424082749,0.9896026284789678,0.8572227529512586,-0.6884807046098083,0.6450151583889426,-0.4156256146521049,0.886581530754132,0.2192157056424089,0.054229313218362774,-0.596243534846469,0.21596248619249092,0.31455530633276474,0.7589694230245555,0.9690944211333942,0.8519520575633893,0.6306629710506707,0.8967517964288617,0.45449971368440667,0.7465225586275849,0.3151906403911271,0.5825154720783431,0.719438844452592,0.8574943241687508,0.05893153076956237,0.9422116861099901,0.6821873280847844,0.5875476955459343
0.3358999768272011,0.09916733946306111,0.39493892007983544,0.7171829161550165,-0.2770390658974551,0.159808107081454,-0.44787625530951725,0.44062999293342,0.48497576548847476,0.7067074643434612,-0.1042344838159579,0.06227491443827715,-0.43224423230356135,0.30362121265683284,0.879976364033705,0.3239686599686685,0.4346036059195736,0.7409602197994365,0.49636185882518935,0.5455327738984549,0.16712690164907906,0.7289311389831987,0.06922645652391235,0.5351015444377012,0.2499412191531344,0.2555152701488076,0.8842809302143583,0.5579916535618202,0.1870883359674974,0.45778684482154997,0.6651699896462167,0.8758967593539987
0.8381573592450899,0.3889326924403711,-0.9055273324771727,0.04927304658114312,0.20918407253408655,0.3328403995163106,0.7542949151609919,0.8557453997759787,0.5344073846859532,0.12848400707964908,0.8077798612522049,0.9959587625142293,-0.5177722624640325,0.04362102730460887,-0.3150677464353544,0.4870518582554271,0.4366428071170606,0.8732744630849703,0.19262763033871177,0.5788890666413814,0.2733245390301797,0.5986366002721805,0.6567480674489762,0.7926503366437618,0.9373259978016094,0.7378366999623205,0.1678881536167301,0.252890329377846,0.4241226102891098,0.07002466828876552,0.9288697059818622,0.5715251983389896
-0.7518196992257102,0.9798403846047273,0.8192916128953809,0.9867717586951881,0.24313024924102722,0.37843464813806404,0.25436724827068374,0.4056683164224988,0.5610903590856557,0.5469340484623135,-0.7159264747622908,0.8835888127682239,0.7135232843982946,0.010815010103257,-0.8145899547803104,0.5049209124649602,0.47500515861222736,0.8265263300259352,0.22279720979806136,0.9834286408265055,0.34913497131883126,0.14756313625151818,0.9795919880152046,0.7625646091353645,0.7929735042184048,0.1524169724238399,0.9644051708762309,0.30394527922986536,0.9286806155555403,0.8717762387143192,0.11901852603805574,0.021629873426121535
0.1881146375665117,0.47769347251576844,0.7754845794781098,0.4844741646979427,-0.8448915120194478,0.7076244179992202,-0.26469165084067625,0.8092492231478108,0.547670615033107,0.6116622651226289,0.17092238153769196,0.2579243370297061,0.23783237572175353,0.1079639292307063,0.8344663558555379,0.21273993172234007,0.05260980150328898,0.2241852444194471,0.936452889587602,0.650068395633162,0.2865742201742312,0.8582268238817018,0.8211850393453807,0.4816542961577428,0.32888072287526016,0.9444562561333094,0.13998372242383172,0.3088566147601183,0.6722553581734751,0.08446498080585518,0.007971670928116903,0.4138664547743733
0.46628244500681326,0.03556784190737172,-0.8153916151409375,0.8612479767983852,-0.7700094524238872,0.3626614027109145,-0.8493796284904,0.5302225093021083,-0.053843632855369306,0.6260878630946182,-0.2470538538297804,0.45466306770699105,0.2956049318549896,0.14743912813891336,0.4947774720446051,0.746196562207036,0.8158022308819733,0.46536656816740485,0.6728241342561313,0.28620690382637837,0.6889211638512627,0.8635357971170219,0.37985850896108353,0.4705964351109358,0.6500502355556487,0.9083516576281963,0.3933684906793721,0.12289254778577274,0.5250242852213473,0.7059003639643259,0.7051439078849219,0.8233171048826758
0.1781619768429994,0.8571057644460724,0.18955551598287967,0.3855273628573521,-0.666135298415936,0.11736467497508796,0.3857733673230194,0.8373172919037619,-0.1607465385454109,0.17703872025228917,0.40655281781916885,0.6517480572771116,0.7611730103421015,0.42592911533567757,0.8639719137483215,0.07405149495793562,0.2936124494024789,0.25413601288508125,0.06726018416630436,0.6921438988562497,0.0245107655312769,0.006356624344414863,0.14391808212085366,0.4285440975802337,0.989615730137661,0.7398133474731451,0.2503969702256016,0.3324582950144237,0.9377352630462991,0.8361235800270064,0.8495807167824085,0.9848450764453425
-0.521178668038635,0.4568501352266987,-0.5105598621268437,0.0350456687947015,-0.9231103503471931,0.6510659928734793,-0.8293637265846254,0.7182224044569347,0.3451623240340884,0.8955977866324767,0.874658738453157,0.2744836883225239,-0.23547649220723876,0.5896947822650561,-0.2846377170979437,0.8931061642651463,0.913430743731857,0.060365940671226914,0.815915853593015,0.6140329287741324,0.380201607212613,0.9648869537616682,0.8425265255488472,0.44859889522047947,0.9095914443793168,0.16725533176403107,0.13167453299268206,0.9629989745099446,0.8697484639005391,0.4210329097413974,0.6687674342867723,0.4589582064730492
0.43908698380212363,0.7888598305433968,0.4152352349574884,0.6839192949654211,0.6568086588274589,0.017764243383704192,-0.4484091456623138,0.5287156968399472,-0.17869953573524472,0.916066349810888,-0.8864098027122986,0.9581065422159933,-0.4273881089170442,0.6246199961810305,-0.3790636421076754,0.6105302612603158,0.40896442312357806,0.2235353522174317,0.06463156013310545,0.9617444854250166,0.034993651571841866,0.7083211146115914,0.8337613820243924,0.027477120608302097,0.0516866475059401,0.35436949465083356,0.7371167536798471,0.17450418017991187,0.26340276951499975,0.6858702676829567,0.8594079748056983,0.2536733891739009
0.06097862199270265,0.8654810081359833,-0.5318804590554536,0.313160917162957,0.5243181059396409,0.7476883673678129,-0.6718331360093015,0.11035986325294117,-0.8632992767822616,0.6987497267186746,-0.986533906312602,0.4812037347385395,0.23547277793067573,0.5152314053822833,-0.15497027988366763,0.7139593450053925,0.858876899961701,0.021006186905787705,0.04413338887632763,0.8499862343234372,0.3896425226426746,0.8461531150627517,0.06720059573765802,0.7728071083952093,0.3937101702127749,0.43671545291839065,0.891808600816817,0.7165944891717894,0.7192542499078045,0.21098870875306697,0.19931200184712594,0.02234095808622294
0.8381573592450899,0.996105641536811,-0.8620941315792993,0.006832571576955604,0.20918407253408655,0.3328403995163106,0.7542949151609919,0.8557453997759787,0.4011713386568958,0.009319673078405422,-0.5051953021329434,0.9959587625142293,-0.5423592529175727,0.13048152313566996,-0.3117732896796035,0.4870518582554271,0.427538201666815,0.8732744630849703,0.19856402840178777,0.5712422906679446,0.2733245390301797,0.5986366002721805,0.9968064277258897,0.7926503366437618,0.9373259978016094,0.7378366999623205,0.16845423498474543,0.26797077197827046,0.4241226102891098,0.07002466828876552,0.9288697059818622,0.5715251983389896
0.060625994202669675,0.6155079838352592,-0.5593327609168648,0.9713642208849443,-0.6653614591624422,0.7793933936529167,0.7368526581238384,0.09553942708280011,-0.40186708324223064,0.7698014605709577,0.638263824129939,0.8243701841838851,-0.9800869676287127,0.0872146106505165,-0.014566747572785532,0.6142231037509787,0.6299184008670526,0.379869880833669,0.7816232078812051,0.5052783807114776,0.03232702154082723,0.41686800561425374,0.8005310809664725,0.6383758547122467,0.30477856825062977,0.27823321450334737,0.06468925871045073,0.1118721954893131,0.03709641852496781,0.2978265344477925,0.23396128962447926,0.2839310170747943
0.04684929566064877,0.487782955183955,0.7431174079728284,0.8142309409394398,0.28391089375374556,0.24100112460959655,-0.6658645479974175,0.9836598881299254,-0.9790273305373776,0.6604810354899904,0.8080718043091883,0.7105494267455821,-0.04600474839946678,0.5156201581263143,0.005308010282280007,0.36154291774668645,0.9699666506378455,0.9079598759919372,0.22726723531341836,0.07908648784687078,0.7886422779342853,0.47001188483542244,0.5697695536260164,0.20533017571120027,0.8887448517863987,0.9180810409695283,0.662057311071046,0.9676094439882457,0.08795307493774296,0.2086960272073077,0.10715032956534853,0.8426325547349793
-0.6733011063343728,0.11769688804215006,-0.5649993351474031,0.7057837116268251,0.7229461039923015,0.21966561357625647,0.6931768558335875,0.012980087094521142,0.28971689369786824,0.6279862747973834,-0.7208692336598201,0.6387953116093179,0.19946710350056374,0.1420041028617304,0.10456682422395419,0.6386706625953511,0.5556893112719441,0.2790653974949373,0.1646715879870595,0.923517699379327,0.86317055762585,0.6874822946633536,0.8524867813650989,0.580361488674206,0.22798811384944503,0.11634846707287849,0.6065765730435401,0.5194882615908716,0.43643710145596826,0.9926348490441296,0.839482546456112,0.5903620566991428
0.1781619768429994,0.7333002401827777,0.18955551598287967,0.385574626200451,-0.666135298415936,0.11736467497508796,0.3857733673230194,0.8373172919037619,-0.1607465385454109,0.17703872025228917,-0.55963424594314,0.6517480572771116,0.1852723853558278,0.42592911533567757,0.8639719137483215,0.07405149495793562,0.2936124494024789,0.25413601288508125,0.06726018416630436,0.03869623718211879,0.0245107655312769,0.006356624344414863,0.14391808212085366,0.4285440975802337,0.9621299412823914,0.2780676107965834,0.2503969702256016,0.3324582950144237,0.9377352630462991,0.028998777030698752,0.8397558344682047,0.2281789350096794
-0.4103448213018912,0.1793340085688871,-0.19014372167280902,0.16720130672400368,-0.25913011729491475,0.10194039395871768,0.6933456884788787,0.39649269453857316,0.3892927307373734,0.3361130703947216,-0.8051040480203362,0.5171246086540541,0.1420832107874931,0.19348123593054545,0.31876205529622803,0.754321272753032,0.7955341026740296,0.09384248411603668,0.13962193523849087,0.6776531646138649,0.430504657433303,0.19433988651267942,0.04926827888679719,0.8235506279445417,0.2895077466767101,0.6372838815052074,0.2771608900303962,0.7954395488690688,0.17187756172990165,0.6672398664046358,0.7491012390401481,0.5393348394921533
-0.25450530050077136,0.18192208547980648,0.6041726399620713,0.3028365528351853,0.043817509265037025,0.4227191424082749,0.7420605102845919,0.8572227529512586,-0.6884807046098083,0.6450151583889426,-0.4156256146521049,0.886581530754132,0.2192157056424089,0.054229313218362774,-0.596243534846469,0.21596248619249092,0.31455530633276474,0.7589694230245555,0.9690944211333942,0.8519520575633893,0.6306629710506707,0.8967517964288617,0.45449971368440667,0.7465225586275849,0.3151906403911271,0.5825154720783431,0.719438844452592,0.8574943241687508,0.05893153076956237,0.9422116861099901,0.6821873280847844,0.5875476955459343
0.060625994202669675,0.6155079838352592,-0.5593327609168648,0.9713642208849443,-0.6653614591624422,0.8026817046787068,0.7368526581238384,0.3755421203741418,-0.40186708324223064,0.3472482041473651,0.6425527121814095,0.8243701841838851,0.15458250414173674,0.44058349843977024,-0.014566747572785532,0.6803807021027609,0.6299184008670526,0.42039802493898715,0.7816232078812051,0.5052783807114776,0.6184259559573456,0.4252807935008775,0.8005310809664725,0.6383758547122467,0.3051026608024374,0.9685964741364692,0.015224145063610917,0.790477887941894,0.03709641852496781,0.3049596959272527,0.7958843081259273,0.7310693981220759
0.1881146375665117,0.47769347251576844,0.7754845794781098,0.4844741646979427,-0.8448915120194478,0.7076244179992202,-0.27101020289031463,0.8092492231478108,0.547670615033107,0.6196080571446418,0.17092238153769196,0.2579243370297061,0.23783237572175353,0.1079639292307063,0.8344663558555379,0.5457188848572814,0.05260980150328898,0.2241852444194471,0.936452889587602,0.6492786693071377,0.9270973652351613,0.8582268238817018,0.8211850393453807,0.4816542961577428,0.32888072287526016,0.9444562561333094,0.13998372242383172,0.7778687963270705,0.6722553581734751,0.08446498080585518,0.931888865379444,0.4138664547743733
-0.16254814570504364,0.10110892414996964,-0.165024349827333,0.9133941108671164,-0.030091422272229496,0.32249369705505826,-0.5337800326700439,0.01370404174779244,0.30692787893236306,0.2784217502495348,0.7987570490579442,0.9118135497053415,-0.6917548860810452,0.27082935825226956,0.810583374111139,0.04800322796560896,0.1527868986735756,0.39345208249615393,0.8058454710384648,0.4096704672534487,0.9777155072434454,0.5971280453608367,0.13083423205117115,0.23898525990193423,0.4698436480937369,0.9400367558368394,0.25882302666724255,0.21487546980582198,0.35842342344943,0.8624583204201085,0.6861343335864206,0.19877917951622848
-0.4103448213018912,0.1793340085688871,-0.19014372167280902,0.16720130672400368,-0.25913011729491475,0.22327294853269017,0.6933456884788787,0.39649269453857316,0.3892927307373734,0.4068677952228448,-0.8044565725317216,0.5171246086540541,0.14226044494716977,0.44920535420801355,0.31876205529622803,0.754321272753032,0.7955341026740296,0.09384248411603668,0.13962193523849087,0.9224108198759732,0.3989969270834579,0.14040226602986444,0.07479897395560153,0.8235506279445417,0.2895077466767101,0.6372838815052074,0.6087294584906705,0.7954395488690688,0.16491752361830023,0.6756121334721253,0.7546930690110198,0.5393348394921533
0.1781619768429994,0.7333002401827777,0.18955551598287967,0.385574626200451,-0.6910912977572403,0.11736467497508796,0.3857733673230194,0.8373172919037619,-0.1607465385454109,0.3353349259153224,-0.55963424594314,0.6517480572771116,0.1852723853558278,0.42592911533567757,0.8639719137483215,0.11780522501539464,0.31108983568486426,0.25413601288508125,0.13169704354296818,0.7000984035400135,0.0245107655312769,0.013037873028144964,0.14391808212085366,0.4285440975802337,0.9621299412823914,0.2772485187853785,0.2433661223834911,0.3324582950144237,0.9377352630462991,0.028998777030698752,0.8397558344682047,0.5681494866919511
-0.36310676314728907,0.8580983978379961,0.9824137615570945,0.4103416465203915,-0.18632850463980688,0.45465899837380896,-0.5167576200992963,0.8656864882674685,-0.7135995819346352,0.31124620225187505,-0.9778341079135151,0.20070618180097055,0.7705095585329097,0.12176976570789594,-0.1406008293934412,0.13251286240432802,0.09527536840156503,0.6287454970961548,0.3967633647467709,0.2709847344948896,0.348383518135402,0.7065690048747891,0.847531733253126,0.47806086020830263,0.0490615835593492,0.07398008129404243,0.1889027804119997,0.1788561528104522,0.09297355194484291,0.535632594159546,0.7722499050031347,0.1888766344163329
-0.19937711300349714,0.008594686259512374,0.7224142062276419,0.9877134637840875,0.5542513616060036,0.7355166418821208,0.5121306760740867,0.15973836565510258,0.8467719010098058,0.10851940254768122,-0.587930841806297,0.08621522139370763,0.9055069602518404,0.5160467908005484,0.9021679713170212,0.23924032686604246,0.25203287876583447,0.9960053936074533,0.08905576541110437,0.9650210470870033,0.18451279572528767,0.9280154297382511,0.07292008618866685,0.7215597135578735,0.04940277217744271,0.4237689997724525,0.20938851941483105,0.9606725796663361,0.8895799936439933,0.18904375341848367,0.7967992366979648,0.1076945833775893
-0.1628467885926871,0.42524430194160767,-0.562520284241572,0.14801473375534113,0.7100723351698912,0.14518473369766588,0.7361631075522246,0.3907036233977851,0.2559604680795695,0.6899569196018177,0.1803216845830495,0.9502882262574495,0.49055813166608253,0.6428884305614548,-0.686067428500013,0.678862778389721,0.8007720565946918,0.5248791903931095,0.753214022049194,0.28174207859891737,0.8621304552154583,0.23390397403283486,0.3059728790058549,0.5011966105766432,0.3392364139537597,0.9666818640501165,0.43534952505473956,0.037331211810728016,0.7415120305866922,0.9359136140335138,0.8010579267658519,0.7431160713683723
-0.2842382680868574,0.19727393781997726,-0.9587237915329662,0.9216502971623945,-0.20563597107223774,0.608841272255975,0.03351452048010506,0.04625883915824536,-0.4721231626028981,0.6731268655145539,-0.5062707885575757,0.7892900992258546,0.4336696826114379,0.5175709375142766,0.26002962829247567,0.7822481614531237,0.38146724875898763,0.1209009201630663,0.8663299714608707,0.2935002794025769,0.8067764545333284,0.8368841420361632,0.4210916248986281,0.21316782077062116,0.7049008374447309,0.45905385863182946,0.03347777899768034,0.053037316797724166,0.09016712615472727,0.8230436656731368,0.8173836426575662,0.09323821821827738
0.2645737241320478,0.5667559211036205,-0.5617620317373169,0.2158737908512045,-0.5348537933835337,0.8712286081067908,0.5220491470217504,0.8593340545501515,-0.9264319299558148,0.5493487669396907,-0.7913862990671952,0.261531625326746,-0.6172821912295363,0.47901331956435056,-0.792556891478881,0.389891296222992,0.18967048276763165,0.5808343680714958,0.004814487122777322,0.605217358222501,0.7800897140583554,0.6021431598201918,0.8542985282186949,0.3190857496068953,0.17803350289248487,0.8306798391368555,0.026351574068812056,0.24941849679726324,0.37509856955444165,0.32605412191538985,0.25992741186797996,0.6927883032653437
0.08856678273002257,0.487782955183955,0.8711159846119879,0.8142309409394398,0.28391089375374556,0.24100112460959655,-0.6658645479974175,0.9836598881299254,-0.9790273305373776,0.6604810354899904,0.7801925840838699,0.7105494267455821,-0.04600474839946678,0.4956717543330677,0.005308010282280007,0.36154291774668645,0.9699666506378455,0.9079598759919372,0.22726723531341836,0.07908648784687078,0.14740907926075802,0.47001188483542244,0.5707489494143132,0.03398786060698694,0.883883879685337,0.9180810409695283,0.6470635780541516,0.97885724513968,0.01434457170410889,0.2086960272073077,0.10715032956534853,0.8426325547349793
0.8381573592450899,0.3889326924403711,-0.9055273324771727,0.04927304658114312,0.20918407253408655,0.3328403995163106,0.7512792774227997,0.8557453997759787,0.34857636602705516,0.12848400707964908,0.8077798612522049,0.9959587625142293,-0.5177722624640325,0.04362102730460887,-0.3150677464353544,0.4870518582554271,0.4366428071170606,0.8732744630849703,0.19262763033871177,0.5788890666413814,0.2733245390301797,0.6806559658578129,0.5432331911387307,0.7926503366437618,0.9373259978016094,0.7378366999623205,0.1678881536167301,0.252890329377846,0.4241226102891098,0.07002466828876552,0.9288697059818622,0.5715251983389896
-0.9901364739605427,0.17307611771345122,0.050719904479773925,0.4376427791156946,0.8939629708987653,0.25833345720607487,0.814301813430808,0.9576286586480655,-0.237598471049268,0.08374412238159334,-0.32256407941459697,0.7529014373223161,-0.4628175773763685,0.4941498211232199,0.35405574157572844,0.4434155271575316,0.7996046804035281,0.8729544122182656,0.2151755944180166,0.5849590058705633,0.5359184076484881,0.67535246882788,0.7083542873449301,0.684911047196895,0.984101652761698,0.12086324942065407,0.8225444169852872,0.4910097928853677,0.3399818031406485,0.11401227425719362,0.6273276310347616,0.9732340972259359
-0.6089886041435427,0.6528203942029558,-0.3291839442037032,0.05832086542859294,0.5542513616060036,0.03233808752355555,0.43901990713109174,0.15973836565510258,0.8467719010098058,0.7466754687503281,-0.6024144385811849,0.08621522139370763,0.9055069602518404,0.5160467908005484,0.9021679713170212,0.23924032686604246,0.2507412098347408,0.3620120203733531,0.08886458211444781,0.5658404651146764,0.1206733931508211,0.9280154297382511,0.07292008618866685,0.7006334923341688,0.04940277217744271,0.4237689997724525,0.20938851941483105,0.0009230098783564733,0.869730759678462,0.18904375341848367,0.7967992366979648,0.45870668001822057
0.058862314179924435,0.4149528876300375,-0.7297219919157518,0.9789874366249149,-0.664382827458091,0.484368346491976,-0.36569958867933383,0.44438769908525344,0.03188083337092218,0.532980566585383,0.5058723406005865,0.5640796158857773,-0.5008877054936143,0.3842080557479688,-0.982907546357668,0.08344259569763668,0.08899188640400951,0.12921388609676332,0.04563015412179705,0.9734327215423043,0.13078892253847196,0.10828342054847973,0.8111135240210797,0.467727085995543,0.552891146465541,0.25531158850509167,0.7787372013264166,0.4107576483692365,0.46623462272069194,0.2978637392889951,0.11413729886631727,0.8810135129430551
0.8617194143436061,0.3866560408058396,-0.9055273324771727,0.04927304658114312,-0.20714580556163695,0.3328403995163106,0.7512792774227997,0.07509695363380381,0.34857636602705516,0.12848400707964908,0.792802615011833,0.9991892448629214,-0.5177722624640325,0.04362102730460887,-0.3150677464353544,0.4870518582554271,0.37768928909348154,0.09069116322681992,0.19262763033871177,0.276057207207445,0.2733245390301797,0.6806559658578129,0.5346266244774123,0.7926503366437618,0.9373259978016094,0.7378366999623205,0.1678881536167301,0.252890329377846,0.4241226102891098,0.07002466828876552,0.7994740621270767,0.5715251983389896
0.7322035439939594,0.1740796628131519,0.023905651805992134,0.4376427791156946,0.8938137452846754,0.21487794727991724,0.6730018018168897,0.9576286586480655,-0.25892917018316813,0.1111789639862143,-0.26318211945283176,0.7529014373223161,-0.4628175773763685,0.4941498211232199,-0.5198583954083924,0.4447285757634517,0.7996046804035281,0.8680497222052571,0.230538720312216,0.5083923690456227,0.5357298644651279,0.67535246882788,0.7083542873449301,0.684911047196895,0.984101652761698,0.12086324942065407,0.35503240453911145,0.5271709634025213,0.3399818031406485,0.11401227425719362,0.04911000886940797,0.9747552558619236
0.08856678273002257,0.487782955183955,0.8711159846119879,0.8069631545082465,0.28391089375374556,0.6432641989670238,-0.5769498684649494,0.9836598881299254,-0.9790273305373776,0.6475850827535967,0.7801925840838699,0.7105494267455821,-0.04600474839946678,0.4956717543330677,0.005308010282280007,0.36269914836256484,0.9699666506378455,0.9079598759919372,0.24984892384067897,0.07908648784687078,0.14740907926075802,0.47001188483542244,0.5707489494143132,0.02697244921017672,0.883883879685337,0.9180810409695283,0.6470635780541516,0.97885724513968,0.13595324800536457,0.2086960272073077,0.6421626793943798,0.8880171206486231
-0.1631922281407192,0.5493754312043009,-0.9543042034460973,0.14801473375534113,0.7100723351698912,0.23443500850387666,0.7125847108789497,0.3907036233977851,0.35887677114479216,0.8974301093372627,0.16936612073363833,0.34418047604081686,0.501359734897317,0.6428884305614548,-0.686067428500013,0.6387459620713808,0.8007720565946918,0.5771945314863454,0.8536784029585827,0.24211674059234345,0.8954756734561982,0.22388084187265075,0.8446739762838069,0.499645837770311,0.42252863214055114,0.1856774726042225,0.43534952505473956,0.05627494990426066,0.35528053117019504,0.7109204880471428,0.29971034356314985,0.7431160713683723
-0.0029942514583219393,0.7327841258857317,-0.5457856648317038,0.23016691540254675,0.6470346869039456,0.1286136757369274,0.677401744219359,0.9573663836923209,-0.5936141433901517,0.8331565523348636,0.17824908649661286,0.9037001689397846,0.3161335869304347,0.013064506688112099,-0.8759363255735553,0.5153091038161558,0.4320586015575604,0.35507215668552816,0.8617344065281679,0.7426481265215428,0.5320499295168172,0.6023474229915167,0.9757073395090281,0.750877114879786,0.5145885129414886,0.992070863315318,0.9232345287669166,0.7016414041307485,0.8353107326010832,0.8338923215507618,0.2593797323258308,0.5052097654502561
0.08856678273002257,0.487782955183955,0.8699968723025229,0.7416396878142494,0.28391089375374556,0.6432641989670238,-0.5769498684649494,0.9836598881299254,-0.9790273305373776,0.6552265066194936,0.7801925840838699,0.7105494267455821,-0.04600474839946678,0.4963348558237537,0.005308010282280007,0.36269914836256484,0.9699666506378455,0.9079598759919372,0.24984892384067897,0.07908648784687078,0.14740907926075802,0.47001188483542244,0.5697293399030152,0.02697244921017672,0.6224728846694195,0.9180810409695283,0.6852457715220759,0.97885724513968,0.13595324800536457,0.2086960272073077,0.6375659043172355,0.8880171206486231
-0.2615149459110402,0.3437683799479614,0.14560338351128843,0.881367945059263,0.5178749163966023,0.8787896365265494,-0.36257943590958214,0.44194174191736335,-0.927710656986509,0.5467958260235156,-0.696229268529237,0.6503599117043738,0.1668046577339355,0.42574162264993204,-0.8087588892254651,0.11530222898398887,0.08721443255350791,0.7293580026419245,0.015293646256617222,0.3766031244778192,0.4846503064079598,0.449005823299791,0.8082221420566458,0.34575411759093705,0.19191599966412587,0.8326075280015673,0.5309646734849305,0.3380793650770149,0.7604798243262526,0.6153155316046487,0.7773121076403523,0.7276346102843527
-0.2269371284776016,0.23885169632049075,0.13277793601028912,0.5935403852334724,-0.7562801097299161,0.8892040280600577,0.7325572208188956,0.8688458504784755,-0.8757442525301737,0.7022816706064575,0.7564242762827083,0.3759279769045727,-0.06000253790244603,0.3901997673438927,-0.6807150982185958,0.34207100228259973,0.1709238613293475,0.9046167600812208,0.09521409695076782,0.6374987156458481,0.9267902558927377,0.1101951604081911,0.42536246082075474,0.14692286870993343,0.32333436856166353,0.12709584352650138,0.6413545789162843,0.6002019517062159,0.07806298331602451,0.3066297338351431,0.37514123829699686,0.47980587180329726
-0.9901364739605427,0.17307611771345122,0.05556362807450188,0.141119825747132,0.8939629708987653,0.2565812222298456,0.814301813430808,0.40786115985529986,-0.237598471049268,0.08374412238159334,-0.32256407941459697,0.7910066420030974,-0.4628175773763685,0.3664479635986485,0.35405574157572844,0.4434155271575316,0.7996046804035281,0.3575166348977321,0.0832192833319827,0.5652940942006524,0.5359184076484881,0.67535246882788,0.06021123350051305,0.49667321511314155,0.1270557877716303,0.12086324942065407,0.18092257726220673,0.07462100581461259,0.3399818031406485,0.11401227425719362,0.6273276310347616,0.7487257853855639
-0.9901364739605427,0.17307611771345122,0.050719904479773925,0.019036270709877345,0.8955753473866382,0.25833345720607487,0.8676722560030808,0.9576286586480655,-0.237598471049268,0.08374412238159334,-0.3065249631744007,0.7529014373223161,-0.4628175773763685,0.4941498211232199,0.35405574157572844,0.11503946364105469,0.2616193911254858,0.8729544122182656,0.2151755944180166,0.5849590058705633,0.5565084592396055,0.67535246882788,0.7083542873449301,0.3847364451854084,0.9871420942108903,0.12086324942065407,0.8263095257663406,0.4910097928853677,0.3399818031406485,0.11401227425719362,0.6273276310347616,0.9732340972259359
-0.1631922281407192,0.4337595433150844,-0.562520284241572,0.14801473375534113,0.4029614992926968,0.23443500850387666,0.7125847108789497,0.3907036233977851,-0.9848787982358851,0.8645090485484085,0.18170649487855922,0.9502882262574495,0.49055813166608253,0.6428884305614548,-0.686067428500013,0.4380001086568643,0.8007720565946918,0.5771945314863454,0.8220945808911512,0.24211674059234345,0.8635992312893129,0.22499232077258424,0.8446739762838069,0.499645837770311,0.42252863214055114,0.1856774726042225,0.2959954888122539,0.05627494990426066,0.7415120305866922,0.3413702196259198,0.7186212970966942,0.7431160713683723
-0.5927045635545628,0.477609740148481,-0.7771053986096779,0.9472897435863771,0.21035616030941434,0.6510659928734793,0.4639540063402812,0.8684685888897012,-0.8677468710442671,0.8256900133241835,0.6448802426839895,0.9735611659093637,-0.24759553206574758,0.4345190512056583,-0.6263434653247945,0.3420853696511489,0.6618475943131502,0.05877537370569878,0.7140778083037919,0.6140329287741324,0.38122692974742883,0.9240569681267788,0.4280166159379517,0.17580347853737,0.9346608070520591,0.16725533176403107,0.2575069300154348,0.9845436096178486,0.8983259706923505,0.5475949407390519,0.4374629086264542,0.8841379991212525
0.1781619768429994,0.7333002401827777,0.18955551598287967,0.4130184340685239,-0.6910912977572403,0.11736467497508796,0.3857733673230194,0.8349643749766631,-0.1607465385454109,0.3353349259153224,-0.55963424594314,0.807710048625361,0.1852723853558278,0.43586371256221496,0.8639719137483215,0.396830583898524,0.31108983568486426,0.25413601288508125,0.13169704354296818,0.7000984035400135,0.0245107655312769,0.004364196600043169,0.17205033077031967,0.4285440975802337,0.9621299412823914,0.2772485187853785,0.2470711911437831,0.3324582950144237,0.9377352630462991,0.028998777030698752,0.8397558344682047,0.569269451941656
0.07515254999557425,0.5961209793633865,-0.5741406231355098,0.6242844843542078,0.606320085068877,0.48787119907238063,0.6535884230125049,0.4597606996654625,0.9040367914453855,0.5287141765312577,-0.5454668164715002,0.8439798344783352,0.2818519502159401,0.2728783333407858,-0.48925671351702016,0.6875545365112512,0.15873161039923167,0.38449469601325,0.0002802606179863054,0.7337685883386804,0.927505662127417,0.5915230856339556,0.41549406336079764,0.3222502407878855,0.648511076745337,0.8695363371692475,0.7273499520873321,0.9576597861623177,0.4413007725034975,0.12452893277760202,0.9096649187909088,0.3547146598979952
-0.9901364739605427,0.17307611771345122,0.1132441202767418,0.019036270709877345,0.05374062854564671,0.25833345720607487,0.3287645011153891,0.9576286586480655,-0.237598471049268,0.08374412238159334,-0.3065249631744007,0.7515732725812015,-0.9667567711508926,0.4941498211232199,-0.26782493382718386,0.05048159230259768,0.2616193911254858,0.8816559473563939,0.27855685328470337,0.5849590058705633,0.5565084592396055,0.67535246882788,0.7083542873449301,0.3847364451854084,0.5845023435611592,0.12086324942065407,0.8263095257663406,0.4910097928853677,0.21698682361093308,0.11401227425719362,0.4444007748310779,0.9730772661794974
0.9696400730666405,0.6763968494802683,-0.7734368469765562,0.41077707187227597,0.041884980652858506,0.4684669812768463,0.32347426913082306,0.49625680760657176,0.1574779011162175,0.3266061158380875,0.28897820580196865,0.3012654189377363,-0.9628381688766947,0.779416629504947,-0.24145707461313592,0.048819369860732875,0.24659704881606678,0.18762915513260237,0.6913049364978958,0.5841075499705903,0.7962054093977847,0.05900784223002292,0.9176474146687084,0.1727583097499552,0.5858511271551691,0.06509146709502567,0.8145749716658548,0.346222648937513,0.17805718212532806,0.7378406267806299,0.4390933209198383,0.7036467518452918
0.45624937543370875,0.6115322527432608,-0.28782436282101875,0.723260732841191,-0.20612848785881172,0.7354636995446389,0.7498665790505601,0.8500504260918468,0.1643820119701104,0.12340276394727012,0.3367289303421469,0.8910831048478236,0.41726307998655177,0.9151159412891912,-0.31739162733038817,0.4573839112268562,0.9294674009062356,0.06999904256435413,0.7172771604533188,0.3182263704553365,0.27090283441371865,0.271342284091854,0.4519291303102043,0.21821986964531287,0.8816773498234233,0.9341819239733096,0.1193156176465845,0.8064090969484736,0.7442295415702799,0.7128004728606648,0.484002536889633,0.5824385717669424
-0.1631922281407192,0.4337595433150844,-0.562520284241572,0.14801473375534113,0.4029614992926968,0.23443500850387666,0.7125847108789497,0.3907036233977851,-0.9848787982358851,0.8645090485484085,0.2488381724796568,0.45140905259119896,0.3512141950895729,0.6428884305614548,-0.7121381138232269,0.4380001086568643,0.795346273035636,0.5771945314863454,0.8220945808911512,0.24211674059234345,0.4470586008576346,0.22499232077258424,0.8043937842653874,0.499645837770311,0.4206512937831395,0.1856774726042225,0.29423415795195274,0.05627494990426066,0.16671756130138604,0.3413702196259198,0.7186212970966942,0.7431160713683723
0.5983809835154554,0.03957625329552572,-0.913575591575545,0.6177393606282984,-0.9110062633962152,0.8265055391477286,-0.7049086020845052,0.04913217905392403,0.36807209217967324,0.29452029207196184,0.8863259564567818,0.9023410902564197,0.40485855429330886,0.7727230482255663,-0.3133794309628022,0.4375839624969521,0.24145562332345105,0.08592703078694652,0.5496073875167519,0.82936734464985,0.315293904691994,0.057008497258840024,0.44727286586270026,0.6660974305402212,0.12317516832832673,0.745532539963497,0.6074014230613295,0.24188455397531972,0.6775310815890956,0.7417924722221754,0.8704984084067009,0.708958421878292
-0.19937711300349714,0.008594686259512374,0.7224142062276419,0.4693019315717091,-0.4508509497940566,0.7355166418821208,0.5121306760740867,0.15973836565510258,0.8467719010098058,0.10851940254768122,-0.587930841806297,0.08621522139370763,0.89419611642675,0.5160467908005484,0.905937565411638,0.23924032686604246,0.25203287876583447,0.05655998285592123,0.08905576541110437,0.6175564831047321,0.18451279572528767,0.9280154297382511,0.07292008618866685,0.7215597135578735,0.04940277217744271,0.4237689997724525,0.20938851941483105,0.9606725796663361,0.8895799936439933,0.18904375341848367,0.6723533983028034,0.1076945833775893
0.9220002056633061,0.6641829697786829,-0.2939189377814186,0.5283010302201132,0.7467845117619376,0.84222014671648,-0.6973686262676244,0.7324615972252929,-0.9754019387043885,0.3072064946164127,0.11050928924557157,0.7230691729861785,0.4359390041759448,0.7839675534666243,0.8397477952502257,0.6517881670722651,0.7832054056922,0.9271144790256836,0.626136598362925,0.022704503838858803,0.03934782627471711,0.5385765724480549,0.12472306972187755,0.16726551526568864,0.06974011800787461,0.45055803386524307,0.5733685641420224,0.8269371630182812,0.004040994259538799,0.1931764339976511,0.37761001092398494,0.026678722747116634
0.3596153878499897,0.0034336922788446023,-0.5026023606740083,0.9544040073113512,-0.46781473252263606,0.6348747792722491,0.8015013903817754,0.96671491070613,0.24248098929897108,0.11598605884778279,0.6071276480162406,0.9295920049524696,-0.8232263901400256,0.7571573379867013,0.10129071764214986,0.9956932830127909,0.8937385870919077,0.7339861518692028,0.8154245752482692,0.7045717211748861,0.047912119577903534,0.0628298578144739,0.0462480297983296,0.44918976285468565,0.977066216292791,0.8471739340148113,0.6550686503117468,0.950334418160693,0.7187999238883347,0.9243333990357286,0.7271517879292615,0.07356273439008831
-0.5927045635545628,0.477609740148481,-0.7771053986096779,0.9396948312921962,-0.5233594415448792,0.6870128280763409,0.46734424793596174,0.963224631846377,0.340193971523035,0.3528907096743661,0.6448802426839895,0.8045534102014729,-0.24759553206574758,0.5896947822650561,-0.2846377170979437,0.9902047420459141,0.6618475943131502,0.05877537370569878,0.13629907554446907,0.6140329287741324,0.38554841642640103,0.8815987134789627,0.7881582509181013,0.17580347853737,0.9095914443793168,0.16725533176403107,0.2577636413175433,0.9823098403474575,0.8697484639005391,0.5475949407390519,0.4374629086264542,0.8807483524266361
0.9937475906822495,0.7562511542527852,-0.7734368469765562,0.41077707187227597,0.28259681991125274,0.4684669812768463,0.3455832083635955,0.4457187646610824,0.1601495821185529,0.30131652294867617,0.2756142650722422,0.29992078212797896,-0.9628381688766947,0.6312088698048433,-0.2697701027389554,0.048819369860732875,0.7145584851143021,0.18762915513260237,0.6796784340637699,0.5841075499705903,0.15600470141395606,0.9685860296196989,0.9747416497480945,0.1727583097499552,0.578484467421318,0.6292167992968166,0.6677131928406428,0.346222648937513,0.1827833995835203,0.8081782797592233,0.4390933209198383,0.6963987230159756
0.6070878397469726,0.8646901723983618,0.9777304420527579,0.6743693296347639,0.25024738281145487,0.7744486740938888,0.9020457281302339,0.9409804215701132,0.294740270823185,0.9954601868708348,0.36261510794710416,0.8997453320964401,0.4124945515747051,0.7041664000828907,0.6785846346417973,0.4425242603062246,0.00443040849117371,0.07522508121882596,0.5935651096614817,0.7471879031159141,0.9392983239671292,0.058004075865737435,0.14570209158595537,0.7163260658089797,0.13553317124005243,0.7029130069070911,0.2615323313745222,0.6250073137645626,0.6900809532525399,0.8381494352457903,0.8433863973614806,0.6962028796831397
0.9710369063437492,0.8940662004033323,0.6681581190248435,0.9801365789751528,0.7018677237678705,0.8570727186568735,0.9032133340994342,0.9593985672186857,0.15262090423850247,0.748988641418535,0.8209106848196417,0.8936092887396545,0.7740278883689483,0.7125216835582013,0.6099433558946276,0.6835435938405863,0.7556099939053345,0.2826028024738917,0.9304280396329931,0.7471879031159141,0.4703927770990627,0.3973938112090435,0.15089881843657157,0.4057261637258397,0.9707756129322187,0.727442690497293,0.2554493630015389,0.8040057739404921,0.3029863176253644,0.8387863461820411,0.8345006441901303,0.5078534160616265
0.9623256544220874,0.6730861759322555,-0.6745892464246457,0.4696983568365338,-0.862896700322825,0.25986628532052836,0.899977595276729,0.45049285459067456,0.4203276010280234,0.11125420552477355,0.3383129581481559,0.09543171407684287,-0.2878844413656937,0.4728925165509539,0.47330240698893505,0.5032733372183641,0.025197934015205314,0.20798780023591684,0.4839410306178461,0.5577100617470709,0.19047905616518818,0.5708487700843164,0.8086126323969357,0.7495441026280439,0.3056558860519525,0.05962560241278577,0.8046893891323985,0.5854037130716194,0.012538403953432087,0.27305083728537877,0.6302309479494095,0.4987243973885417
-0.19937711300349714,0.008594686259512374,0.7224142062276419,0.9758175173594203,0.5542513616060036,0.7372137459074734,0.5121306760740867,0.15973836565510258,0.8467719010098058,0.10851940254768122,-0.587930841806297,0.08621522139370763,0.9055069602518404,0.2860578765490799,0.9021679713170212,0.23924032686604246,0.25203287876583447,0.9960053936074533,0.08905576541110437,0.9626514458873501,0.18451279572528767,0.9246178440506775,0.15230093296867864,0.7215597135578735,0.04940277217744271,0.4239532355253755,0.20938851941483105,0.43501031414327035,0.8895799936439933,0.18904375341848367,0.7553584997529923,0.1076945833775893
0.9553581237733553,0.7324119964358171,-0.8357188357056227,0.41077707187227597,0.983948566416785,0.4684669812768463,0.906648470832203,0.4457187646610824,0.1601400790695246,0.808861865408561,0.2756142650722422,0.30126795961427816,-0.45739551694846775,0.7885663075429515,0.3521105725492816,0.04656781889747207,0.7202358258961478,0.17880659824831163,0.6796784340637699,0.5841075499705903,0.15600470141395606,0.9685860296196989,0.9924724752086282,0.1727583097499552,0.9574992537975044,0.09959099358339835,0.8179156742018318,0.346222648937513,0.3469175568162689,0.7299317198128912,0.42512090486851706,0.9467850467061691
0.5983809835154554,0.03957625329552572,-0.913575591575545,0.61859769863611,-0.9110062633962152,0.8265055391477286,-0.7049086020845052,0.09273181340684167,0.36807209217967324,0.29452029207196184,0.8863259564567818,0.8480203960745469,0.40485855429330886,0.7827949413942585,-0.3133794309628022,0.4375839624969521,0.24145562332345105,0.07428504250917423,0.5496073875167519,0.6347287623201027,0.315293904691994,0.27304027521112245,0.44727286586270026,0.6660974305402212,0.12347479079904335,0.745532539963497,0.6074014230613295,0.24188455397531972,0.6775310815890956,0.7417924722221754,0.8704984084067009,0.708958421878292
0.7882870847056307,0.4211216702622683,0.587027519645544,0.16534616624298337,0.606320085068877,0.14842396492612636,0.9624958757485436,0.38705043779463194,-0.2959914669252862,0.8508176419141823,-0.6297960374346215,0.8779239215384235,0.2525771900174454,0.12465427061139944,0.12147075170590449,0.796623357881469,0.15873161039923167,0.8131177780174774,0.8967984315732883,0.6499439040784916,0.8616935438321965,0.24752296891599307,0.9671993895364733,0.4893532227602825,0.6783192690262647,0.3248296558798556,0.4583162658054134,0.46906997893401364,0.762410072835414,0.12824717287030962,0.9288896029982889,0.9381548023302613
-0.3087278568142616,0.16246655939744842,-0.3054505006193947,0.9314831335851469,0.1734319108948332,0.8631015743487704,-0.7178146014486011,0.8290007306020463,-0.4721231626028981,0.3034204296880957,-0.49162295817783197,0.6587043505962296,0.4336696826114379,0.6285588812784741,0.32236956795125904,0.7822481614531237,0.4404207667825667,0.9036325969799459,0.8663299714608707,0.5935245372552566,0.010923443990565218,0.8368841420361632,0.4296981915599465,0.21316782077062116,0.9658412094688974,0.45907574363668907,0.03347777899768034,0.053037316797724166,0.09016712615472727,0.8230436656731368,0.9324801349063702,0.01000322990496727
0.9553581237733553,0.1348742480749034,-0.8357188357056227,0.41077707187227597,0.983948566416785,0.4684669812768463,0.897454882980553,0.4457187646610824,-0.5218855664656288,0.808861865408561,0.2756142650722422,0.3024513056109097,-0.43306206555715104,0.7885663075429515,0.3521105725492816,0.15446990992624265,0.2751143666713288,0.17880659824831163,0.6657187238703385,0.5841075499705903,0.15600470141395606,0.9564103870981353,0.4436736170183592,0.1727583097499552,0.9857940611956038,0.6292167992968166,0.8199520114505652,0.346222648937513,0.3469175568162689,0.8081782797592233,0.6220201771235038,0.6988982385282477
0.9696400730666405,0.6763968494802683,-0.5576066524925392,0.751433235345775,0.041884980652858506,0.4684669812768463,0.8185982868547665,0.49625680760657176,0.451011427714952,0.32547695196863125,0.2904957041585044,0.3012654189377363,-0.9511867413801369,0.779416629504947,-0.24145707461313592,0.5273350323446663,0.24659704881606678,0.18298045375840036,0.6913049364978958,0.5841075499705903,0.7962054093977847,0.05900784223002292,0.9176474146687084,0.1727583097499552,0.5858511271551691,0.06509146709502567,0.8145749716658548,0.5678098174495827,0.17805718212532806,0.7378406267806299,0.4390933209198383,0.7036467518452918
0.9553581237733553,0.7324119964358171,-0.8357188357056227,0.41077707187227597,0.983948566416785,0.4684669812768463,0.8844366317579389,0.4457187646610824,0.1601495821185529,0.808861865408561,0.2756142650722422,0.30259354147499873,-0.4339517937351509,0.7885663075429515,0.3521105725492816,0.11337724169665153,0.7145584851143021,0.42825842117663687,0.6796784340637699,0.5844145962436489,0.9921132614810866,0.9685860296196989,0.9924724752086282,0.1727583097499552,0.9857940611956038,0.6292167992968166,0.8179156742018318,0.346222648937513,0.3469175568162689,0.8066547207942886,0.6220201771235038,0.9488964626755276
0.9220002056633061,0.5789008827852703,0.5843064219842227,0.5283010302201132,0.8473542413739159,0.84222014671648,-0.7659383878055785,0.7324615972252929,-0.5635279618446659,0.3072064946164127,0.20577827375561292,0.8148062546283208,0.5164773130870248,0.7803764178499384,0.8397477952502257,0.983829149408711,0.7832054056922,0.9271144790256836,0.626136598362925,0.64879520538945,0.03934782627471711,0.06935349528549506,0.4476326918228526,0.4829939712151009,0.06974011800787461,0.45055803386524307,0.5765685257615628,0.8268416122030736,0.7385662938353993,0.1931764339976511,0.9341956462180157,0.026678722747116634
0.0741189515859223,0.7326745163641792,-0.5741406231355098,0.6242844843542078,0.606320085068877,0.48787119907238063,0.6535884230125049,0.47852511127767927,0.9040367914453855,0.5287141765312577,-0.5454668164715002,0.8439798344783352,0.2818519502159401,0.4218191125880784,-0.48925671351702016,0.7232164436321316,0.2918807071950689,0.38449469601325,0.022261107499131745,0.7337685883386804,0.927505662127417,0.5915230856339556,0.41549406336079764,0.3222502407878855,0.648511076745337,0.8695363371692475,0.7273499520873321,0.9576597861623177,0.4363098624916705,0.12452893277760202,0.9096649187909088,0.3547146598979952
