0.528083410423535,0.954746349421138,-0.34660351469748196,0.04765403015638958,0.3845655706265181,0.05013804909997255,0.13035844811747133,0.8597363526759456,-0.20594352000115568,0.6011588397499769,-0.6571396772158988,0.15773570625048083,0.21211014374080772,0.8644831653341858,0.9996759319942803,0.031138730964896166,0.9209823275856519,0.5111182541062665,0.3493556684867074,0.3974146652165286,0.577889456457702,0.3476968859110544,0.1455089742241399,0.8655634034033419,0.7064894398362059,0.6098549399645308,0.722559030666315,0.9860259041500742,0.17509290094513885,0.8241687672106883,0.8223043071102077,0.343347824779511
-0.46590841784083814,0.9807349615115626,0.7218768537859304,0.5320990815477477,-0.5137921919175017,0.09512079828888842,-0.14693603089996699,0.33511420901448796,-0.5727598312397753,0.9255718444806788,0.2325079505621901,0.11737743854794769,-0.07104644942500049,0.3268086637247355,0.5847172460389416,0.5737329947999181,0.017151638749234643,0.531199624319076,0.4803405675327401,0.26087744467638896,0.4364268312973588,0.2606647472736118,0.13252566301882984,0.29694181655378005,0.9937659709668587,0.06076051180085551,0.5715920803425513,0.8191906573637822,0.8647532133186486,0.4608499820806202,0.7118095485360382,0.4747305513567829
-0.8847115391911033,0.8932670664673267,-0.5295564916655755,0.6749605961302543,-0.2000679263714782,0.3962544267659829,0.65319907385522,0.25239848460867176,-0.0959972246423837,0.44640793954188374,0.5367916612574517,0.9168248403705441,-0.2187355507946509,0.04509271218427369,-0.8600168406908708,0.6568831202800619,0.7117867252745468,0.024714443113510343,0.9743265839815078,0.547305606923994,0.18514806323844757,0.02023233230239907,0.3828657605792469,0.1669092311357523,0.9159020963348787,0.14518005318874694,0.6930807480121253,0.44088604747033644,0.9258275040286125,0.4828807266438718,0.6484255841649464,0.9890848278918981
-0.06989132322623215,0.9604528121045227,-0.35293326873126274,0.41466947669790843,-0.20197763504750754,0.4648308162337812,0.23331112591755176,0.6667439800624313,-0.38030604635714105,0.3952618307579674,0.306946620545117,0.7639558825076743,-0.4214992477651931,0.02634514640421881,0.9652262263960334,0.5946352142565731,0.5213666639317508,0.3752408500288723,0.7565387010204889,0.3834830360083721,0.9765556028156136,0.3611523039912562,0.9414735593909115,0.03496449344987573,0.3827724285007511,0.4512198309423492,0.4997313632842041,0.16057983161308342,0.7211370523857397,0.15091926956079005,0.1423012956491866,0.9010413760472622
-0.4844636851613662,0.3901323969962721,-0.8855513065662011,0.5793549764580962,0.23366435651091844,0.06356903468617148,-0.7146909402278747,0.7445271491902096,-0.30723011449717497,0.6560311688290522,0.7516785556568528,0.342701344697795,-0.6379404986008266,0.9907442040569079,-0.32452840620284573,0.05052783954711337,0.15034102315242936,0.8717492924480151,0.25868349676724056,0.28952367697544645,0.5939621176477001,0.23143537049668272,0.32149694071914836,0.6295147818979729,0.07858763696974647,0.20387072771561277,0.6017081625468582,0.03619480431838806,0.34262692400922823,0.4758733748861388,0.4540146171200331,0.4376453936643191
0.1352968707134543,0.21129546392700993,0.6414499707221775,0.8025781263793843,-0.4690373741677428,0.6011893544930709,-0.5929940416482147,0.9493800324475781,-0.727185258403755,0.19697842070876936,-0.06210256622960397,0.28062963922500644,-0.12204379822020672,0.09260139649560345,0.4094775001029405,0.1575088886142818,0.09550208363164658,0.6612665902204629,0.8267841750613144,0.6657919688574186,0.7293198374151496,0.26027322626314464,0.3637462154245795,0.5999156365072394,0.3065058035392413,0.8525953403287236,0.7722013924917421,0.08455047671564953,0.6462924762821077,0.29528680984225897,0.38511483889039105,0.8106715934848863
-0.8847115391911033,0.8932670664673267,-0.5295564916655755,0.6749605961302543,-0.2000679263714782,0.3962544267659829,0.65319907385522,0.25239848460867176,-0.031163441061466134,0.44640793954188374,0.5367916612574517,0.9168248403705441,-0.2187355507946509,0.06850164155093924,-0.8938556038822795,0.6568831202800619,0.7117867252745468,0.026221231473319895,0.9743265839815078,0.5660849395586313,0.1917470597252567,0.6332495304730386,0.3828657605792469,0.1669092311357523,0.9159020963348787,0.8899029189933454,0.6930807480121253,0.44088604747033644,0.9258275040286125,0.4828807266438718,0.6484255841649464,0.9890848278918981
-0.466682347664223,0.2650945291169733,0.830777993276612,0.5470223993105408,-0.5725301737244675,0.7295233734199151,-0.31585086791758044,0.07917707524907425,-0.7037943397147914,0.5386148763532943,-0.6451415046918183,0.8267112207341804,-0.2945107944878482,0.4151039114293052,-0.591966106644594,0.9961733274133764,0.3017318546572365,0.6783340279832641,0.5267058027698959,0.4849945538794497,0.4435710611807707,0.07088981618160034,0.45911558383343076,0.23637708341624597,0.14017540247961813,0.2051625175284646,0.9184188259198871,0.7509871997769709,0.23488048972079112,0.5514673200265121,0.09760310138233119,0.05246389224295017
-0.7052602365805694,0.6116337230777886,-0.643788513987805,0.9149334534101772,0.4812460903960931,0.018877484941984768,-0.17425915748759202,0.8982401952763229,-0.050750389570100696,0.3680155863163248,-0.8911209760679726,0.6805689488792037,0.08767091300223351,0.6307394918433995,0.8535154577401773,0.7252762838649948,0.12762281476415144,0.07386695721567091,0.06490298774399936,0.5580880540277772,0.5248912373970953,0.31269973885580826,0.12772020214810778,0.7958131918485626,0.7956654348138806,0.18572889970652384,0.15428761032843596,0.5237460231622072,0.11357231929480616,0.8641652792107458,0.7542765718125092,0.10737383468429348
0.05514018846247892,0.9592598245260378,-0.7644179248787153,0.5269469930428541,0.054734414504187034,0.40752284958007845,0.08257685999273656,0.9635486865616829,-0.5404420602949744,0.7772111527291929,0.2109221175781495,0.8010515728749065,-0.9256573481952419,0.03668923350988451,-0.8959902319504705,0.8161391760573329,0.21409327448908844,0.4499145619842765,0.7782753243652847,0.5459309427701484,0.18384034905174268,0.5637528991417774,0.33019943060767154,0.005187516204891274,0.8996722254571431,0.4464470077991922,0.5939519093346067,0.027926688924992726,0.5192103270513898,0.2790203836570859,0.577832523895604,0.6485363269455445
-0.46590841784083814,0.9807349615115626,0.7218768537859304,0.5320990815477477,-0.5137921919175017,0.09512079828888842,0.35861770061989257,0.33511420901448796,0.5869400223379461,0.9255718444806788,0.2325079505621901,0.1351918201387945,-0.07104644942500049,0.3268086637247355,0.5847172460389416,0.8327976320482732,0.03218151987903861,0.531199624319076,0.4803405675327401,0.26087744467638896,0.4364268312973588,0.2606647472736118,0.13252566301882984,0.2496027791682306,0.9937659709668587,0.052415087758717505,0.5715920803425513,0.8191906573637822,0.8647532133186486,0.4608499820806202,0.7118095485360382,0.8608363207420828
-0.4844636851613662,0.38974711250077965,-0.8855513065662011,0.795767589828475,0.23366435651091844,0.06356903468617148,-0.7339972028040151,0.7475920047178639,-0.30723011449717497,0.6560311688290522,0.8096016639818423,0.342701344697795,-0.6379404986008266,0.41499567256095976,-0.32452840620284573,0.05052783954711337,0.15034102315242936,0.8717492924480151,0.25868349676724056,0.28952367697544645,0.5939621176477001,0.23143537049668272,0.32149694071914836,0.6360943769887967,0.07858763696974647,0.17718036635886786,0.6021207822760484,0.03619480431838806,0.49971065902759904,0.4758733748861388,0.4540146171200331,0.4376453936643191
-0.9075566904625652,0.8932670664673267,-0.5295564916655755,0.6749605961302543,-0.33461932921782744,0.3962544267659829,0.692589876831107,0.9279800704079351,-0.0959972246423837,0.4458622875306275,0.5367916612574517,0.9168248403705441,-0.2187355507946509,0.04509271218427369,0.8077418527630307,0.6582600913239786,0.7117867252745468,0.8746320430315669,0.9743265839815078,0.6712867745459667,0.4223449111846829,0.02023233230239907,0.3828657605792469,0.9284285600265076,0.9159020963348787,0.14518005318874694,0.693430166751662,0.44088604747033644,0.9258275040286125,0.4828807266438718,0.6484255841649464,0.9890848278918981
-0.5367010814963322,0.17271180370296083,0.3632036412391315,0.14895878951795838,-0.5513640694745707,0.6030871487087295,0.10644777547307283,0.6359287554244117,0.24692633286582283,0.19312981444608457,0.7766752856303464,0.5919223555962168,0.39054162982413865,0.1660636835879209,-0.9284000841433253,0.7671816386120459,0.18807976281421657,0.05490486021901475,0.7773248961497485,0.5622677528502757,0.00777032141414391,0.557547012677294,0.5088275684273834,0.7725270851219271,0.7895491522376243,0.15061314774823664,0.6251501961977859,0.6645726532153662,0.9676048827885775,0.3112235437971914,0.5771722219923556,0.047683681477162954
-0.06989132322623215,0.9604528121045227,-0.35293326873126274,0.41466947669790843,0.22874189944208156,0.4648308162337812,0.23331112591755176,0.6667439800624313,-0.38030604635714105,0.3952618307579674,0.306946620545117,0.7639558825076743,-0.4214992477651931,0.02634514640421881,0.9652262263960334,0.5946352142565731,0.5213666639317508,0.3752408500288723,0.7565387010204889,0.3834830360083721,0.9328983363049471,0.3611523039912562,0.9414735593909115,0.02847861698315618,0.3827724285007511,0.4512198309423492,0.4997313632842041,0.16057983161308342,0.6437785304840828,0.15091926956079005,0.1423012956491866,0.9010413760472622
0.15321847368582175,0.10250502484137285,0.8955495900092366,0.26174966510122577,-0.5565232265442035,0.5432927114968918,-0.5040300846876438,0.818502604123168,0.13864714993611282,0.4530742496572665,0.3762515704856881,0.016535267302327128,-0.42303164647375224,0.8378045883347691,0.09477991972720812,0.0838231136479593,0.8114668979939729,0.6582757748704064,0.8626359193123053,0.980068039142047,0.10092844060003936,0.3345547317581239,0.4610297298050566,0.3373943929353517,0.6915573862151637,0.3758646603609461,0.9210510364101194,0.04696402954826362,0.7340892878080543,0.8660210781370701,0.7973196279672339,0.6033811125206248
-0.0009373608515399479,0.15270791580996335,0.6414499707221775,0.8268693798631795,-0.5771964978497671,0.599565274767776,-0.5929940416482147,0.0775098099778887,-0.7357524324418836,0.19697842070876936,-0.05978774993757413,0.3200467532725553,-0.12204379822020672,0.12221597407838147,-0.5907781045273296,0.16059158532147189,0.09550208363164658,0.5389194192983293,0.8267841750613144,0.6613198065740635,0.22042260826809168,0.26027322626314464,0.3637462154245795,0.6178541459530373,0.3065058035392413,0.2012561299638288,0.772192616479777,0.08455047671564953,0.6462924762821077,0.29528680984225897,0.09694146224489274,0.8106715934848863
-0.05978909830279894,0.2682098218868574,0.7289516641938053,0.9349722707076404,0.5003009046173839,0.5915595746357456,0.34178948182257235,0.1313452381541115,0.24937403137166347,0.06380384704958453,0.4280312072134931,0.4299165885946752,0.7109341296635956,0.11647225734585276,0.6014642496326741,0.025852586640301656,0.31743433861015447,0.13328725718557344,0.6359701779523007,0.5062207823955434,0.8500016456817445,0.16549365320291265,0.09798248493249062,0.4330231678699159,0.7800992459903128,0.7104856301416912,0.5386128130089936,0.05470767080270511,0.1778515691005227,0.9526503916400949,0.09620991364381279,0.7089756284009805
-0.466682347664223,0.2650945291169733,0.830777993276612,0.5359255995672454,-0.4605754183723806,0.7295233734199151,-0.31585086791758044,0.7878583015203172,-0.7037943397147914,0.5386148763532943,-0.6451415046918183,0.8267112207341804,-0.2945107944878482,0.4151039114293052,0.40815266880397305,0.9961733274133764,0.3017318546572365,0.6783340279832641,0.5267058027698959,0.4849945538794497,0.4435710611807707,0.07088981618160034,0.45911558383343076,0.21843865489525408,0.14017540247961813,0.3322970584357617,0.9184188259198871,0.7509871997769709,0.23488048972079112,0.5514673200265121,0.2648772298588014,0.05246389224295017
-0.08398830354467733,0.9604528121045227,-0.35293326873126274,0.4200798797580697,-0.20197763504750754,0.4648308162337812,0.23331112591755176,0.6667439800624313,-0.38030604635714105,0.3952618307579674,0.306946620545117,0.5253290638410918,-0.4214992477651931,0.02634514640421881,0.20618566283568962,0.5946352142565731,0.5213666639317508,0.3752408500288723,0.7565387010204889,0.3846782558437638,0.9765556028156136,0.3611523039912562,0.9414735593909115,0.03496449344987573,0.3827724285007511,0.4512198309423492,0.5037860146173482,0.16057983161308342,0.33429381096048527,0.15091926956079005,0.1423012956491866,0.9010413760472622
-0.7175949668373386,0.8587165969806139,0.3607436899816585,0.9149334534101772,-0.6123835582215671,0.6109076356272695,-0.17425915748759202,0.6371518115588615,-0.04941864509686322,0.3680155863163248,-0.17759902113717577,0.6824008643040611,0.7602977215268115,0.6307394918433995,0.8535154577401773,0.7252762838649948,0.12762281476415144,0.05444389370632096,0.06490298774399936,0.5580880540277772,0.00892992368874368,0.31269973885580826,0.12804350689566812,0.7728226863300834,0.8906849022927186,0.18522589521667193,0.15428761032843596,0.9984168234812713,0.353889719020266,0.8611985248313037,0.7548971581601991,0.04690999689132967
-0.7054493445633545,0.6116337230777886,-0.643788513987805,0.9149334534101772,0.4788843333073738,0.04245358091640067,-0.19311594820723088,0.8982401952763229,-0.050750389570100696,0.9471660072298318,-0.8911209760679726,0.6805689488792037,0.08523124893353046,0.6307394918433995,0.8535154577401773,0.7252762838649948,0.09721721062910682,0.07386695721567091,0.06490298774399936,0.5580880540277772,0.5248912373970953,0.31269973885580826,0.13884692651127695,0.7958131918485626,0.7956654348138806,0.3023312701668808,0.15428761032843596,0.5237460231622072,0.11786788183404953,0.8641652792107458,0.7542765718125092,0.10570633717801262
-0.4844636851613662,0.38974711250077965,-0.6096432645577583,0.795767589828475,0.23366435651091844,0.06356903468617148,-0.8954660609659058,0.7475920047178639,-0.14199092802344548,0.6560311688290522,0.8096016639818423,0.342701344697795,-0.6379404986008266,0.3901069875107797,-0.32452840620284573,0.05052783954711337,0.15034102315242936,0.8717492924480151,0.25868349676724056,0.28952367697544645,0.5939621176477001,0.23143537049668272,0.30041356041863854,0.6360943769887967,0.07858763696974647,0.17718036635886786,0.6021207822760484,0.03619480431838806,0.49971065902759904,0.4758733748861388,0.4540146171200331,0.46805383950776797
-0.7052602365805694,0.6116337230777886,-0.6708112875066498,0.9149334534101772,0.4812460903960931,0.018877484941984768,-0.168332636305257,0.8982401952763229,-0.050750389570100696,0.37482689396293406,-0.8696812423756309,0.6805689488792037,0.16255578167610768,0.6307394918433995,0.8535154577401773,0.7252762838649948,0.12762281476415144,0.07386695721567091,0.06490298774399936,0.5580880540277772,0.5372885154282898,0.31269973885580826,0.12772020214810778,0.7958131918485626,0.7956654348138806,0.18572889970652384,0.15041554126630724,0.5237460231622072,0.11357231929480616,0.8641652792107458,0.7535393220438215,0.10737383468429348
0.24165133527318422,0.4288890546751146,-0.28272789892320715,0.20618042541995374,0.6266425027146401,0.8206914574880236,0.3071086346123595,0.16022955651881965,0.029321155486713407,0.3420259965232424,0.36693129026296034,0.055531178043719376,0.08137569685795065,0.0422621283691349,0.720322074572582,0.20845816546090076,0.3816059859191179,0.28503616571107043,0.748667393825925,0.45965682899339455,0.6858614854745947,0.6597632732385537,0.1329781447122128,0.7678378139439905,0.9783133682141938,0.9693881604049188,0.613326820546709,0.5411765164251493,0.006863818155990478,0.0894767896232152,0.2866176500003628,0.3028605620290723
-0.7052602365805694,0.17241268264251178,-0.643788513987805,0.9330766613557204,0.4812460903960931,0.018877484941984768,-0.17425915748759202,0.8982401952763229,-0.050750389570100696,0.3680155863163248,-0.8911209760679726,0.6805689488792037,0.08767091300223351,0.17347863198220337,0.8535154577401773,0.7252762838649948,0.12762281476415144,0.07462259256162312,0.06490298774399936,0.5580880540277772,0.5294593720084235,0.31269973885580826,0.12772020214810778,0.7958131918485626,0.7953010115118547,0.15250682885348676,0.15428761032843596,0.5237460231622072,0.11357231929480616,0.8733706207407888,0.7542765718125092,0.04702242954479311
-0.7052602365805694,0.8587165969806139,0.5181387050930166,0.2641050723248298,0.4269373083269386,0.6109076356272695,-0.5039520768894321,0.9170199138581963,-0.050750389570100696,0.3680155863163248,-0.17759902113717577,0.004701677616559152,0.06481761821303142,0.6307394918433995,0.8531303181636584,0.7252762838649948,0.12762281476415144,0.09914874698316664,0.06490298774399936,0.5580880540277772,0.5248912373970953,0.31269973885580826,0.12804350689566812,0.7958131918485626,0.7956654348138806,0.18572889970652384,0.15428761032843596,0.04503893659675989,0.353889719020266,0.8641652792107458,0.7746646987879584,0.10737383468429348
0.825759820563867,0.09388140396984723,0.16065769425422885,0.2790101206240228,0.11422105082968195,0.13773953461952865,0.47978544246049326,0.9658303895214857,-0.41822200761996364,0.7407826779918223,-0.7268727152856578,0.949905517446098,0.9970579094815848,0.8773474534109513,-0.9394254494773273,0.6220936136870886,0.5356305019429871,0.6080205164769739,0.5401040320367713,0.8831391757824815,0.3792467857029129,0.6941567972138138,0.5447509112636868,0.7935726976134316,0.38944567182647666,0.05500946560386816,0.8455302941315819,0.7213523725848892,0.9762351599691408,0.6703475684872637,0.9469201483272313,0.9592969282764884
-0.35000656792081103,0.8458765267255479,0.12086617679802392,0.22843733666397273,-0.32012720816123985,0.5049498971660463,-0.6057907461892775,0.7712632382492571,0.26773086438064975,0.26842015320582213,0.9903210104522417,0.27411416983142123,-0.2621235994495641,0.5103371922526183,0.5684911669360901,0.7787196569530139,0.7012516340230046,0.5357101021104864,0.35972391459364333,0.23481690044087433,0.30050720462792124,0.5478856501142781,0.03994920351524578,0.7656109252061714,0.8076669673150039,0.26700429934352543,0.45665050349081016,0.03497407656332202,0.17491162928796844,0.4077896350219919,0.36283128463986514,0.5800944488739789
-0.48868907071057655,0.37662834907555165,0.006412493888601101,0.4049489808578155,-0.45095930820661057,0.15038951433535586,0.10490608980451316,0.16898043339718682,-0.9927014642346652,0.7523295246698449,0.5080737451348105,0.36117320083178717,0.09120918298453635,0.159288781236831,0.8019478200181904,0.6922965850499084,0.6702376837187322,0.05003178904649341,0.7617523490235757,0.1690660533744851,0.5231757576953882,0.5502273004595917,0.06668499533875516,0.2952758249089018,0.7949226967741936,0.1929769823001476,0.3117309674411299,0.4655540885878678,0.07205402999519439,0.6525757385032559,0.8043322439759465,0.8476235722752982
-0.35000656792081103,0.8458765267255479,0.16788020339863666,0.2278560608172097,0.11502464761749666,0.5049498971660463,-0.2967565092906349,0.7712632382492571,0.26773086438064975,0.2852258070255448,0.9903210104522417,0.27411416983142123,-0.257011769308919,0.48411537980027763,0.6833860643465615,0.7787196569530139,0.7012516340230046,0.5357101021104864,0.5271423748687847,0.13886402148778493,0.3734979407284633,0.5703043978196177,0.060561988096211716,0.7669392217457528,0.7388528214649435,0.26700429934352543,0.45665050349081016,0.9636111228804016,0.23057285001873667,0.29034555181759225,0.36283128463986514,0.7832977487005613
-0.7175949668373386,0.858754837202394,0.3607436899816585,0.9149334534101772,-0.6123835582215671,0.6109076356272695,-0.3831397517034232,0.6371518115588615,-0.04941864509686322,0.3680155863163248,-0.17759902113717577,0.6824008643040611,0.7061886919995006,0.22218958384797197,0.8535154577401773,0.6736810011045408,0.12762281476415144,0.05444389370632096,0.06490298774399936,0.5580880540277772,0.00892992368874368,0.31269973885580826,0.12804350689566812,0.7728226863300834,0.8499561853424995,0.18522589521667193,0.15428761032843596,0.9984168234812713,0.353889719020266,0.8611985248313037,0.7548971581601991,0.04690999689132967
-0.08398830354467733,0.27698489114879293,-0.35293326873126274,0.4200798797580697,-0.44876943628262356,0.4648308162337812,0.23504683703361373,0.6667439800624313,-0.38030604635714105,0.3952618307579674,0.29593458916103554,0.5253290638410918,-0.4214992477651931,0.02634514640421881,0.20618566283568962,0.5946352142565731,0.5213666639317508,0.3752408500288723,0.5184930011558376,0.3846782558437638,0.9851881641650007,0.3611523039912562,0.4607839308581035,0.03496449344987573,0.38453797372643084,0.44913306339587317,0.5037860146173482,0.16057983161308342,0.2377373925575143,0.15091926956079005,0.1423012956491866,0.9010413760472622
-0.06989132322623215,0.4581885776028774,-0.6087260962382708,0.4336251804607954,-0.20197763504750754,0.9475867923511716,0.23331112591755176,0.6667439800624313,-0.38030604635714105,0.3570599756823417,0.6007661017402586,0.7639558825076743,-0.4214992477651931,0.04973196524880889,0.4213507511028057,0.5946352142565731,0.5202026324398029,0.2792806925510194,0.7565387010204889,0.6398712529136535,0.9765556028156136,0.3611523039912562,0.9471123709457218,0.043293849627803034,0.3827724285007511,0.4499496402175246,0.44642299912969624,0.15984186315500745,0.7211370523857397,0.15091926956079005,0.1423012956491866,0.913247233064018
0.6618471849378093,0.3698885003232569,-0.9931016769059995,0.21335296639555806,0.23390720749969462,0.502901798731875,-0.5651080214999977,0.7543712582315689,-0.9723949289961127,0.15476073973698834,0.03681379237213145,0.60455919776875,0.8346291257329526,0.3840212158058136,0.8008978144971076,0.4369115541996922,0.3021022354393923,0.9474984779067438,0.500123206131301,0.7073399087433643,0.2923696097584687,0.9051306868599269,0.4766327239135907,0.05455632963255659,0.06729744433002349,0.35272100215468305,0.6334096133659046,0.10322837655012262,0.8499740081957707,0.6572867149599717,0.9487083338957786,0.6567072577242967
-0.7052602365805694,0.6116337230777886,-0.6708112875066498,0.9149334534101772,0.4812460903960931,0.018877484941984768,-0.167742533559069,0.8982401952763229,-0.050750389570100696,0.37482689396293406,-0.8696812423756309,0.6805689488792037,0.16255578167610768,0.26336080722889693,0.24509733669021133,0.7252762838649948,0.12762281476415144,0.07386695721567091,0.06490298774399936,0.5580880540277772,0.42684952689302025,0.31269973885580826,0.12772020214810778,0.7958131918485626,0.7956654348138806,0.18572889970652384,0.15041554126630724,0.2517821418212478,0.11357231929480616,0.8641652792107458,0.7535393220438215,0.10737383468429348
-0.7052602365805694,0.18960727196082744,-0.5258715641913323,0.9330766613557204,0.4812460903960931,0.035865553687405655,-0.17425915748759202,0.8982401952763229,-0.050750389570100696,0.4469885589906262,-0.8911209760679726,0.6805689488792037,0.08767091300223351,0.17347863198220337,0.8535154577401773,0.7252762838649948,0.12762281476415144,0.07462259256162312,0.05573523476074732,0.5580880540277772,0.5294593720084235,0.31269973885580826,0.12772020214810778,0.7958131918485626,0.7953010115118547,0.15250682885348676,0.1521263744929452,0.5237460231622072,0.11357231929480616,0.8733706207407888,0.7542765718125092,0.9668354846696137
0.1352968707134543,0.21129546392700993,0.6414499707221775,0.8025781263793843,-0.4690373741677428,0.6011893544930709,-0.6108822711093744,0.9405137145527764,-0.6281073566982422,0.19697842070876936,-0.04674966201163644,0.28062963922500644,-0.055656887807298716,0.09260139649560345,0.4094775001029405,0.1575088886142818,0.09550208363164658,0.6612665902204629,0.8070630050140988,0.6657919688574186,0.7293198374151496,0.26027322626314464,0.3637462154245795,0.5999156365072394,0.3065058035392413,0.8511843434536456,0.7700794353886431,0.08455047671564953,0.6510092577183855,0.29528680984225897,0.14313635741243774,0.711385840073779
-0.35000656792081103,0.8458765267255479,0.12086617679802392,0.2407255898119091,-0.32012720816123985,0.5049498971660463,-0.2835533086541973,0.8716991776053816,0.26773086438064975,0.24389812673527178,0.9903210104522417,0.9294525114555858,-0.21977915225420988,0.520811391409455,0.6833860643465615,0.7787196569530139,0.7012516340230046,0.5390434735449257,0.9822611625126013,0.2533660281424121,0.5084590213132751,0.5419457880663076,0.9527262444050317,0.7651318939347241,0.8798090306652098,0.29160966617327955,0.4884954146925742,0.9636111228804016,0.17725354081602318,0.40647247000555403,0.34184489682636143,0.5800944488739789
-0.5367010814963322,0.6119335067251636,-0.3389575666017223,0.12933267139163868,-0.5513640694745707,0.6013704548780722,0.10644777547307283,0.6359287554244117,0.21833588880975077,0.19312981444608457,0.7857791252537911,0.596242494319463,0.39054162982413865,0.024588571126241132,-0.9284000841433253,0.7671816386120459,0.18807976281421657,0.054149224873062625,0.7788627199660546,0.38759837648946405,0.010252772181204461,0.36092127859878886,0.5088275684273834,0.7868387642107629,0.3745800963033167,0.18383521860127372,0.6251501961977859,0.6645726532153662,0.9676048827885775,0.1414384689613953,0.14984150115989334,0.10803508702460365
-0.4670630139032041,0.38974711250077965,-0.6096432645577583,0.795767589828475,0.23366435651091844,0.052405293267438646,-0.6207752833035145,0.7475920047178639,0.14063177824776038,0.6604545128523268,0.8096016639818423,0.3603263944659102,-0.6379404986008266,0.3901069875107797,-0.32452840620284573,0.04759829231082885,0.15034102315242936,0.8717492924480151,0.25868349676724056,0.28952367697544645,0.5939621176477001,0.23143537049668272,0.9258323492398073,0.6360943769887967,0.07858763696974647,0.17718036635886786,0.6021207822760484,0.0454933351057587,0.49971065902759904,0.4758733748861388,0.4617657886573914,0.46804826387890885
-0.8847115391911033,0.8759233844367426,-0.647473441462048,0.6749605961302543,-0.2000679263714782,0.3805062134421081,0.65319907385522,0.25239848460867176,-0.0959972246423837,0.36743496686758237,0.5367916612574517,0.9168248403705441,-0.2187355507946509,0.04509271218427369,-0.8600168406908708,0.6568831202800619,0.7117867252745468,0.024714443113510343,0.976467607608689,0.547305606923994,0.18514806323844757,0.02023233230239907,0.3828657605792469,0.1669092311357523,0.9159020963348787,0.14518005318874694,0.6952496423185281,0.44088604747033644,0.9258275040286125,0.4828807266438718,0.6484255841649464,0.06049168426983448
0.8270142477715039,0.09388140396984723,0.16065769425422885,0.2790101206240228,0.11422105082968195,0.13773953461952865,0.34063450711485327,0.7382013141429862,-0.41822200761996364,0.7540188397464537,-0.7268727152856578,0.6134130510374746,0.9922165827355304,0.8617937736720148,-0.9394254494773273,0.6220936136870886,0.5356305019429871,0.6080205164769739,0.49403270407645083,0.8831391757824815,0.3792467857029129,0.6941567972138138,0.47222021389612623,0.07006211725746053,0.38944567182647666,0.048877436808263675,0.8498434024450143,0.1461019222707266,0.8505138862073562,0.25920716227501117,0.9469201483272313,0.9947549036058154
0.6712145605645251,0.3696805067258264,-0.9931016769059995,0.21320301426185229,0.23390720749969462,0.5783147135348756,-0.5917786107735303,0.7543712582315689,-0.9420670077832476,0.15476073973698834,0.03681379237213145,0.5968630642687457,0.8346291257329526,0.3840212158058136,0.6255224663850669,0.4722813671640038,0.13308125847913077,0.9526691450427601,0.49574027787798736,0.7073399087433643,0.2923696097584687,0.8846434731392365,0.4766327239135907,0.04684996873059122,0.06729744433002349,0.35272100215468305,0.4195960517558527,0.11124402992275173,0.8489195680622397,0.552135210017106,0.947898826874922,0.6509229387360641
-0.4844636851613662,0.38974711250077965,-0.6096432645577583,0.795767589828475,0.23366435651091844,0.06356903468617148,-0.8954660609659058,0.7475920047178639,-0.14199092802344548,0.6560311688290522,0.8096016639818423,0.6413007025131203,-0.6379404986008266,0.3901069875107797,-0.32452840620284573,0.05052783954711337,0.15034102315242936,0.8717492924480151,0.25868349676724056,0.2810121153833013,0.5939621176477001,0.23143537049668272,0.30041356041863854,0.6360943769887967,0.3183197905124904,0.17718036635886786,0.6021126968713288,0.03619480431838806,0.96171671407861,0.4758733748861388,0.5773869652950534,0.46805383950776797
-0.28791328479526085,0.35120804333592914,0.852415980677306,0.4407184137224706,-0.6178605288095462,0.7586038061388231,-0.8714858278231024,0.3040907533911583,0.7535110710346948,0.5471919054084444,-0.7836034708627393,0.6399993860175134,0.282300888446335,0.4087865226624406,-0.8804760158483231,0.771568594313637,0.10759221518474432,0.7065832929038423,0.17602363188348008,0.001680304217585249,0.29720261541392545,0.1956223114835866,0.6430449411106205,0.7737076724259917,0.32862702969386526,0.20448566308337765,0.49703460702124347,0.6736326652774739,0.7077368466685598,0.8758705583895212,0.063072316592855,0.3986155975465954
0.9581279075079527,0.8316961832870191,0.12016645252460456,0.2407255898119091,-0.32012720816123985,0.5049498971660463,-0.1462429001981334,0.7936061414975021,0.26773086438064975,0.24774941629507238,0.9903210104522417,0.4366038040765054,-0.20622734928618236,0.520811391409455,0.6833860643465615,0.7787196569530139,0.7012516340230046,0.5357101021104864,0.6158646675240851,0.21567244897498383,0.5084590213132751,0.5419457880663076,0.9527262444050317,0.6701315989093626,0.8763611861716141,0.29160966617327955,0.6478464380052289,0.9636111228804016,0.17725354081602318,0.4086816389907448,0.7161100688284038,0.5813403014168583
-0.4670630139032041,0.38974711250077965,-0.6096432645577583,0.795767589828475,0.23366435651091844,0.041734429412316226,-0.6207752833035145,0.7697223214214647,0.14217579453882626,0.6604545128523268,0.8111569515694242,0.3603263944659102,-0.6573446534225267,0.5107095334667708,-0.32452840620284573,0.02331364262745189,0.15034102315242936,0.8717492924480151,0.2584654914598926,0.28952367697544645,0.5939621176477001,0.23143537049668272,0.9258323492398073,0.7633855624033721,0.8077489246653865,0.17718036635886786,0.6021207822760484,0.0454933351057587,0.49971065902759904,0.4758733748861388,0.4617657886573914,0.4704083688947487
-0.7052602365805694,0.128995085451025,-0.643788513987805,0.25972457520686143,-0.5692157020537149,0.018877484941984768,-0.17425915748759202,0.8996546441377488,-0.050750389570100696,0.3680155863163248,-0.8911209760679726,0.04139265442929041,0.04986035225471419,0.6307394918433995,0.8535154577401773,0.6975245479836064,0.12762281476415144,0.07386695721567091,0.06490298774399936,0.5580880540277772,0.14707663598776075,0.31269973885580826,0.12772020214810778,0.7958131918485626,0.7956654348138806,0.18572889970652384,0.15428761032843596,0.5283629081646112,0.11357231929480616,0.8641652792107458,0.7542765718125092,0.10737383468429348
0.1311813273720784,0.33958392418434113,0.830777993276612,0.5470223993105408,-0.5703858114256244,0.7295233734199151,-0.3029292297027453,0.40359266773963787,-0.7039920536252708,0.5386148763532943,0.41799076058483275,0.8267112207341804,-0.6663776780765108,0.4075273502218614,-0.4849376711178855,0.9974159092902272,0.3017318546572365,0.6535799794358932,0.8050015520474085,0.4849945538794497,0.1690527909932154,0.08432166794199214,0.46896013927298996,0.5992626662391425,0.31647894022024714,0.2051625175284646,0.9184188259198871,0.7718487176484106,0.6672924118738399,0.5514673200265121,0.8023341114349248,0.9871316084326236
-0.35000656792081103,0.8458765267255479,0.12086617679802392,0.22843733666397273,-0.32012720816123985,0.5165037457783679,-0.2835533086541973,0.7491329215456562,0.2661868480895839,0.27472653642903144,0.9881942038794165,0.27411416983142123,-0.24271944269796247,0.3897346462966272,0.6833860643465615,0.7787196569530139,0.7012516340230046,0.5357101021104864,0.35994191990099184,0.23481690044087433,0.30050720462792124,0.5478856501142781,0.03994920351524578,0.6378407085201062,0.07899963862894116,0.26700429934352543,0.45665050349081016,0.9636111228804016,0.17491162928796844,0.4077896350219919,0.36283128463986514,0.577734343858139
-0.35000656792081103,0.8415311938839617,0.12745828486913174,0.2407255898119091,-0.32012720816123985,0.5049498971660463,-0.2835533086541973,0.754768191668168,0.26773086438064975,0.24389812673527178,0.8141720517160297,0.9379090296985323,-0.2327644127071615,0.520811391409455,0.6833860643465615,0.09932870292052315,0.16902902291813054,0.5390434735449257,0.2241654797921101,0.2533660281424121,0.5084590213132751,0.5419457880663076,0.2803012841379368,0.7651318939347241,0.8937058376065332,0.18029799954147468,0.4884954146925742,0.9636111228804016,0.17725354081602318,0.40647247000555403,0.34184489682636143,0.5800944488739789
-0.26448199410238354,0.38961444568085146,0.9822918336617157,0.25320232216231464,-0.5674731737449461,0.5570164015158852,-0.36379866147095097,0.11232217577722836,0.18939225938199344,0.33504545938548363,0.4948451188284799,0.7443956406731813,0.18101019149637954,0.13054804387341146,0.9454922332050939,0.08553790244160314,0.7807595497008849,0.4949999102421239,0.8581812531124842,0.30779163012345556,0.16864840509999046,0.8315228608054294,0.5610226035949296,0.18397792924428324,0.9522172636037312,0.3782366540559317,0.3235182867051917,0.3373194329245559,0.7162310324963593,0.26099351787620323,0.8543691221547137,0.5039869754154779
-0.35000656792081103,0.596594190293976,-0.6635690172079731,0.2407255898119091,-0.32012720816123985,0.02955383895816327,-0.2835533086541973,0.8716991776053816,0.26773086438064975,0.24389812673527178,0.908139367583088,0.9294525114555858,-0.21977915225420988,0.520811391409455,0.6833860643465615,0.7755630194058689,0.1299637632863433,0.5390434735449257,0.9502410693473609,0.2533660281424121,0.5121460002201544,0.321333879249032,0.9527262444050317,0.7651318939347241,0.8798090306652098,0.28461779442031654,0.4884954146925742,0.9636111228804016,0.17725354081602318,0.40647247000555403,0.34184489682636143,0.5800944488739789
-0.28725129913033143,0.6326249537090186,0.852415980677306,0.4407184137224706,-0.6178605288095462,0.7768369501795889,0.08771992241930687,0.3040907533911583,-0.06096402156274772,0.548072068826255,-0.21197457306699455,0.6410770394321397,0.26702898713064593,0.17208379484887676,-0.16544894445853742,0.771568594313637,0.700822711171292,0.6977234508582639,0.8325179744541878,0.001680304217585249,0.29720261541392545,0.6348592425627098,0.6954638458880689,0.7737076724259917,0.3115662158179412,0.20448566308337765,0.19170092587676654,0.6586012354909946,0.6867983912896132,0.8671263023088025,0.7170659964228322,0.3986155975465954
0.1352968707134543,0.19332151101492784,0.6414499707221775,0.8025781263793843,-0.46524174249768024,0.5871111886668575,-0.6206950236885818,0.7856768077114133,-0.7357524324418836,0.14535059002755596,0.2331770891571446,0.3200467532725553,-0.12204379822020672,0.33381562755565375,0.40933960556185994,0.16059158532147189,0.09550208363164658,0.5389194192983293,0.8267841750613144,0.6613198065740635,0.43479927709818567,0.26027322626314464,0.3637462154245795,0.5999156365072394,0.9924085140211905,0.3283906708705424,0.772192616479777,0.8105979658187412,0.8772786852896571,0.2900613673904283,0.22026763920230336,0.8643381993454956
-0.5367010814963322,0.6043961804431741,-0.9343425059090873,0.12933267139163868,-0.5513640694745707,0.6030871487087295,0.10644777547307283,0.6374583638757841,0.23471184799377728,0.19312981444608457,0.7766752856303464,0.5919223555962168,-0.43554373947694575,0.6233257997505818,-0.9284000841433253,0.7671816386120459,0.15586303614685135,0.054149224873062625,0.5566834402892891,0.5622677528502757,0.010252772181204461,0.557547012677294,0.5088275684273834,0.7798905298990249,0.7935414602857596,0.18383521860127372,0.6251501961977859,0.6818730454523939,0.9676048827885775,0.3019827950782239,0.08954626204862814,0.10803508702460365
-0.46590841784083814,0.9807349615115626,-0.9142190798743254,0.2141779887066231,-0.5137921919175017,0.09512079828888842,0.14115878544595328,0.33511420901448796,0.46471330476363554,0.9273376997089805,0.03855228651900501,0.1351918201387945,-0.07104644942500049,0.3268086637247355,0.5847172460389416,0.8411317547402929,0.03218151987903861,0.531199624319076,0.4803405675327401,0.26087744467638896,0.29697730000149664,0.2606647472736118,0.13252566301882984,0.2496027791682306,0.9937659709668587,0.052415087758717505,0.5715920803425513,0.8244398731860965,0.845134037423322,0.4608499820806202,0.7118095485360382,0.8608363207420828
-0.34969564429095273,0.5881834083216264,0.118417529848092,0.2228631544216747,-0.5744714819926906,0.5201043764816125,-0.3202752137378113,0.7791010885356248,0.26766377056104285,0.27472653642903144,0.7889012412421109,0.27411416983142123,-0.3141516384217031,0.032301439669482374,0.7405416224588709,0.7783015552469992,0.16904456036370802,0.04465975716285503,0.38539115797444123,0.23481690044087433,0.26861859266556776,0.5596715408450565,0.03994920351524578,0.7651318939347241,0.8079371876216107,0.26234770435256016,0.45665050349081016,0.47208070980276207,0.17491162928796844,0.1422551267374142,0.36283128463986514,0.5802112573713385
0.1377498977422178,0.6116337230777886,-0.6124259689955268,0.9149334534101772,0.4812460903960931,0.01853744485768305,-0.17425915748759202,0.8982401952763229,-0.050750389570100696,0.35070326256232864,-0.8911209760679726,0.6805689488792037,0.08767091300223351,0.6307394918433995,0.8535154577401773,0.7252762838649948,0.913895941728882,0.07386695721567091,0.06490298774399936,0.555121813715389,0.5248912373970953,0.31269973885580826,0.02471913701591036,0.7958131918485626,0.7956654348138806,0.17592027145588077,0.15428761032843596,0.5237460231622072,0.11357231929480616,0.8641652792107458,0.7542765718125092,0.10737383468429348
-0.42485332803046283,0.8458765267255479,0.9079492408449038,0.5696167130394678,-0.32012720816123985,0.5049498971660463,0.6200566804550384,0.7712632382492571,0.26773086438064975,0.26135073317015495,0.9903210104522417,0.27411416983142123,-0.24999981277568029,0.5103371922526183,0.6833860643465615,0.7787196569530139,0.7012516340230046,0.5357101021104864,0.35972391459364333,0.4528235400716826,0.30050720462792124,0.5478856501142781,0.03994920351524578,0.7651318939347241,0.8076669673150039,0.26700429934352543,0.45665050349081016,0.9636111228804016,0.8293520745418892,0.4077896350219919,0.3792929507770331,0.7751077662679805
-0.7175949668373386,0.8587165969806139,0.3607436899816585,0.9149334534101772,-0.6123835582215671,0.6109076356272695,-0.17425915748759202,0.6371518115588615,-0.04941864509686322,0.3680155863163248,-0.7610185565501504,0.1311057431666683,0.3622878420795379,0.6347516001676937,0.8535154577401773,0.7252762838649948,0.12762281476415144,0.05444389370632096,0.06490298774399936,0.5168019758375767,0.00892992368874368,0.31269973885580826,0.11145510543719583,0.7728226863300834,0.5415461442078469,0.18522589521667193,0.15428761032843596,0.965067689737392,0.353889719020266,0.810350244665318,0.15547055021584227,0.04690999689132967
-0.08349489516452922,0.3624595218848538,-0.8708296547132258,0.41466947669790843,-0.20197763504750754,0.4648308162337812,0.12034491805295702,0.6618712379296303,-0.38030604635714105,0.3952618307579674,0.306946620545117,0.7575043798277503,-0.4214992477651931,0.02634514640421881,0.20899249680721438,0.5946352142565731,0.5213666639317508,0.2792806925510194,0.7565387010204889,0.3834830360083721,0.9765556028156136,0.3611523039912562,0.9363289609327577,0.03496449344987573,0.3827724285007511,0.4499496402175246,0.44642299912969624,0.16616497662523394,0.1306976332534548,0.15091926956079005,0.1423012956491866,0.9082319258750848
-0.7175949668373386,0.8587165969806139,0.3607436899816585,0.9149334534101772,-0.4593846363569787,0.6109076356272695,-0.17425915748759202,0.6371518115588615,-0.04941864509686322,0.3680155863163248,-0.7656935051062954,0.1311057431666683,0.3622878420795379,0.6307394918433995,0.8535154577401773,0.7252762838649948,0.12762281476415144,0.5452925153103195,0.06490298774399936,0.5158574770156076,0.00892992368874368,0.31269973885580826,0.12804350689566812,0.7728226863300834,0.5415461442078469,0.18522589521667193,0.15428761032843596,0.965067689737392,0.650256556327917,0.810350244665318,0.15547055021584227,0.04690999689132967
0.4971807030733166,0.4557661256439839,-0.6953957217567692,0.30724108163033514,0.05899367252385129,0.653063130173958,0.8522176519803297,0.4830449084096374,0.36880777260927616,0.26794054421680924,0.32744335840234295,0.45138863283671005,0.059979541198551534,0.9119761765381613,0.5569964257547044,0.06985348983796202,0.7768281937777506,0.9294418357209094,0.7387285400257388,0.8204113228928765,0.872025165493569,0.6007406552790048,0.8591919044516467,0.10505755386798221,0.08445041934421688,0.1141648183234838,0.18420287209583078,0.9133382247971606,0.0006769373913585452,0.06662618603480008,0.938204505855301,0.9179323890656426
0.1352968707134543,0.22934927573990793,0.6414499707221775,0.8005767333520475,-0.20831772853335034,0.6011893544930709,0.595088745155639,0.9493800324475781,-0.039160014202008264,0.3712827784252504,-0.06210256622960397,0.3163621473009987,-0.12204379822020672,0.09260139649560345,0.8691733924668066,0.1575088886142818,0.0933312193196027,0.6658731876302707,0.9788669767481128,0.6657919688574186,0.7293198374151496,0.6276656294870824,0.3637419466293724,0.5903613197348427,0.9075304879479027,0.8525953403287236,0.9246820261676976,0.9851239203960283,0.9249428581593049,0.32274806826578517,0.395226535808215,0.8077484631147774
-0.7054493445633545,0.6116337230777886,-0.643788513987805,0.9149334534101772,0.4788843333073738,0.04165415105051257,-0.19311594820723088,0.8982401952763229,-0.050750389570100696,0.9471660072298318,-0.8911209760679726,0.6805689488792037,0.08523124893353046,0.6307394918433995,0.8535154577401773,0.7252762838649948,0.09721721062910682,0.07386695721567091,0.06490298774399936,0.33967641688418104,0.5248912373970953,0.31269973885580826,0.13884692651127695,0.7958131918485626,0.8029596686189283,0.3023312701668808,0.15428761032843596,0.5237460231622072,0.11786788183404953,0.8641652792107458,0.7848286482364221,0.10570633717801262
-0.4670630139032041,0.3578541786492632,-0.6107168172955131,0.7961067812742078,0.22824066414249122,0.34788766071840405,-0.6207752833035145,0.7697223214214647,0.14217579453882626,0.6806704017261731,0.8111569515694242,0.772119483057221,-0.6420653066287894,0.5107095334667708,-0.32452840620284573,0.02331364262745189,0.15034102315242936,0.8705306245462522,0.2584654914598926,0.29426346000841,0.5939621176477001,0.23143537049668272,0.9258323492398073,0.7633855624033721,0.8077489246653865,0.2116385400248736,0.6021207822760484,0.033705044820685426,0.49971065902759904,0.6910458905003156,0.4617657886573914,0.4704083688947487
-0.6266254834170246,0.6119335067251636,0.871777786284637,0.12933267139163868,-0.6296061969208879,0.6030871487087295,0.10644777547307283,0.6362931287101694,0.24692633286582283,0.19312981444608457,0.7766752856303464,0.5919223555962168,0.4486544824650916,0.6233257997505818,-0.4925585542077658,0.7671816386120459,0.7641050800339411,0.05992053629200264,0.7773248961497485,0.5622677528502757,0.010252772181204461,0.557547012677294,0.8164100915496694,0.8145727859574332,0.7899135755396501,0.35186542222532535,0.7519274825335945,0.6645726532153662,0.9676048827885775,0.41545740031081263,0.5771722219923556,0.6134429906998792
-0.34967818726398675,0.5881834083216264,0.118417529848092,0.2228631544216747,-0.5744714819926906,0.5044847093905241,-0.32683100601354564,0.7791010885356248,0.21745280168146508,0.27472653642903144,0.7889012412421109,0.27411416983142123,-0.3141516384217031,0.032301439669482374,0.5707500683223371,0.7783015552469992,0.16904456036370802,0.04465975716285503,0.38539115797444123,0.23481690044087433,0.26861859266556776,0.5596715408450565,0.03994920351524578,0.7651318939347241,0.8079475220108189,0.26234770435256016,0.45665050349081016,0.07245603894902827,0.17491162928796844,0.1422551267374142,0.36283128463986514,0.5802112573713385
-0.35000656792081103,0.6855433416899893,-0.6635690172079731,0.2465950739395762,0.5637490892644501,0.02955383895816327,-0.2835533086541973,0.8716991776053816,0.26773086438064975,0.24389812673527178,0.908139367583088,0.9294525114555858,-0.23017158898078566,0.520811391409455,0.6833860643465615,0.7783578771801486,0.7274160068331241,0.5390434735449257,0.9502410693473609,0.2533660281424121,0.5121460002201544,0.4029842083248726,0.9527262444050317,0.7651318939347241,0.8798090306652098,0.28461779442031654,0.4884954146925742,0.954476667009224,0.17725354081602318,0.40647247000555403,0.7882929194490021,0.5800944488739789
-0.4775887343909656,0.6041835280793502,0.2069844347608174,0.4049489808578155,-0.45095930820661057,0.15038951433535586,0.5553698390039488,0.16898043339718682,-0.9927014642346652,0.7591408476445688,0.7160024373232848,0.36117320083178717,0.09117476997112728,0.159288781236831,0.8019478200181904,0.6814104515259081,0.7037908124394134,0.05003178904649341,0.7617523490235757,0.1690660533744851,0.5355730357265827,0.99072844667152,0.7733882471908652,0.8035746368043982,0.7949226967741936,0.19134786057599099,0.3089712048317456,0.4655540885878678,0.17884064737646047,0.6525757385032559,0.8035949942072589,0.8476235722752982
-0.7052602365805694,0.18960727196082744,-0.5258715641913323,0.9330766613557204,0.4812460903960931,0.035865553687405655,0.16538725871126053,0.8982401952763229,-0.050750389570100696,0.4469885589906262,-0.8911209760679726,0.6805689488792037,0.08767091300223351,0.17347863198220337,0.8535154577401773,0.7252762838649948,0.12762281476415144,0.07462259256162312,0.05573523476074732,0.5580880540277772,0.531284746721155,0.31269973885580826,0.12772020214810778,0.7958131918485626,0.7953010115118547,0.15250682885348676,0.1521263744929452,0.5224019784936754,0.11357231929480616,0.8733706207407888,0.7542765718125092,0.9668354846696137
-0.35000656792081103,0.8458765267255479,0.12086617679802392,0.21839647635383727,-0.32012720816123985,0.5764748177338983,-0.2835533086541973,0.7712632382492571,0.26773086438064975,0.27472653642903144,0.9903210104522417,0.6067170395216871,-0.2621235994495641,0.5103371922526183,0.6833860643465615,0.7787196569530139,0.7012516340230046,0.5357101021104864,0.35972391459364333,0.2262832727309747,0.30050720462792124,0.5232442859624044,0.067355707365744,0.7651318939347241,0.8076669673150039,0.2633983130132565,0.45665050349081016,0.9636111228804016,0.8591320340003721,0.5409281058980348,0.36283128463986514,0.5800944488739789
-0.7175949668373386,0.8561534633440827,0.3607436899816585,0.9149334534101772,-0.6123835582215671,0.6109076356272695,-0.17425915748759202,0.6371518115588615,-0.04941864509686322,0.3680155863163248,-0.7610185565501504,0.1289542836709487,0.3622878420795379,0.6347516001676937,0.8535154577401773,0.7252762838649948,0.12762281476415144,0.05444389370632096,0.9660392440587096,0.5168019758375767,0.00892992368874368,0.6344316002950356,0.11145510543719583,0.7728226863300834,0.5415461442078469,0.18522589521667193,0.15428761032843596,0.965067689737392,0.353889719020266,0.810350244665318,0.7117452749522826,0.020666332237005258
0.1377498977422178,0.6116337230777886,-0.6124259689955268,0.9149334534101772,0.4812460903960931,0.01853744485768305,-0.17425915748759202,0.8982401952763229,-0.050750389570100696,0.3078548718884347,0.2753588272042232,0.6807609645038405,0.08767091300223351,0.6307394918433995,0.8535154577401773,0.7252762838649948,0.913895941728882,0.07386695721567091,0.7568136766239623,0.555121813715389,0.5248912373970953,0.31339970155295827,0.09300908733780411,0.7958131918485626,0.7956654348138806,0.17592027145588077,0.15428761032843596,0.5237460231622072,0.3107075351792521,0.8641652792107458,0.7542765718125092,0.08805825462026967
-0.7175949668373386,0.858754837202394,0.3607436899816585,0.9149334534101772,-0.6103148305299646,0.6109076356272695,-0.3831397517034232,0.6371518115588615,-0.04867857642253713,0.3680155863163248,-0.17759902113717577,0.6824008643040611,0.7061886919995006,0.22218958384797197,0.8535154577401773,0.6736810011045408,0.6894480179605924,0.05444389370632096,0.8190173194800733,0.5578771861110482,0.1731443921156094,0.3185179468142799,0.12804350689566812,0.7728226863300834,0.8483151881876544,0.18522589521667193,0.22940300908380723,0.9984168234812713,0.35176197951066845,0.8611985248313037,0.7548971581601991,0.07069866046663403
0.47704510809892103,0.4557661256439839,-0.6953957217567692,0.3042722608199504,0.05899367252385129,0.653063130173958,0.8522176519803297,0.4830449084096374,0.26269784806390367,0.26794054421680924,0.32744335840234295,0.45138863283671005,0.059979541198551534,0.8870846912856313,0.5569964257547044,0.06985348983796202,0.773427112728895,0.9294418357209094,0.7387285400257388,0.8204113228928765,0.8289364994136514,0.6006359985635674,0.039880266719941715,0.10505755386798221,0.08445041934421688,0.1141648183234838,0.18420287209583078,0.9084114075507553,0.0006769373913585452,0.06662618603480008,0.938204505855301,0.9179323890656426
0.1382499780912343,0.6116337230777886,-0.6124259689955268,0.9919561042268776,0.4812460903960931,0.01454889627937922,-0.17425915748759202,0.8982401952763229,-0.050750389570100696,0.35070326256232864,-0.8911209760679726,0.6805689488792037,0.08767091300223351,0.6307394918433995,0.8535154577401773,0.7252762838649948,0.913895941728882,0.9478687138451671,0.48184255948175825,0.555121813715389,0.8859281934894399,0.3234047572077038,0.00546904523544528,0.7958131918485626,0.7956654348138806,0.17592027145588077,0.1604348117052343,0.5237460231622072,0.11357231929480616,0.8641652792107458,0.7542765718125092,0.10737383468429348
0.9546360838805492,0.9365091574426614,-0.6953957217567692,0.30724108163033514,0.05899367252385129,0.831073887391378,0.8522176519803297,0.4286233824594886,0.9881418543426093,0.26794054421680924,0.32744335840234295,0.46539860463620897,0.05993037187891099,0.9119761765381613,0.5569964257547044,0.06985348983796202,0.7768281937777506,0.9037594642858429,0.7387285400257388,0.8204113228928765,0.8641016696303061,0.6007406552790048,0.8591919044516467,0.10505755386798221,0.08445041934421688,0.1141648183234838,0.18420287209583078,0.865316575196182,0.0006769373913585452,0.06662618603480008,0.938204505855301,0.9179017382669858
-0.34909016221453393,0.5923304764485375,0.12086617679802392,0.2179645114079753,-0.3198034703943742,0.5201043764816125,-0.3202752137378113,0.7712632382492571,0.2267537176248311,0.27472653642903144,0.9812365627506484,0.2494172502913004,-0.3141516384217031,0.5017110764614914,0.6833860643465615,0.7787196569530139,0.7141239138512722,0.5309850687391087,0.38904197684711816,0.24374328260949163,0.30050720462792124,0.5596715408450565,0.03994920351524578,0.7651318939347241,0.8079371876216107,0.9065961889391845,0.4712952230488816,0.47208070980276207,0.6786603376988445,0.4046472272096412,0.36283128463986514,0.5802112573713385
0.9546360838805492,0.3897116912207717,-0.6953957217567692,0.30724108163033514,0.05899367252385129,0.6314525076602129,0.8332759882137181,0.4286233824594886,-0.16219033349454698,0.26794054421680924,0.32744335840234295,0.45138863283671005,0.08497625556461652,0.9953314561911673,0.5586954404238446,0.06985348983796202,0.7773774822284223,0.8770660594853277,0.7374328523011899,0.8204113228928765,0.9162150437027853,0.8434815608445265,0.8591919044516467,0.10474911254087726,0.08445041934421688,0.1141648183234838,0.18420680245699486,0.03316440890432998,0.0006769373913585452,0.06662618603480008,0.5861301621538745,0.9210220494196415
-0.14182077432561013,0.6529040400726756,0.852415980677306,0.4554392289057426,0.7446881589787488,0.7586038061388231,0.08097614650502427,0.30868602173944315,0.7256388523763915,0.19981452178114567,-0.05011326805886501,0.6822164793412516,0.26702898713064593,0.3625910812089119,-0.17975893691473355,0.9114390712960807,0.8439919308826194,0.7085528569972477,0.9556371939224644,0.01624143900028574,0.2926884908743923,0.6383283408004468,0.6369856015968988,0.9242601562605673,0.6152047850693829,0.29351324849322763,0.7132403979159804,0.7950068469151926,0.6862019559572907,0.8868381860534462,0.7310499571965053,0.4103548388176127
-0.7170704847132721,0.8479150150664055,-0.643788513987805,0.9149334534101772,0.4788843333073738,0.04165415105051257,-0.19311594820723088,0.8982401952763229,-0.050750389570100696,0.9471660072298318,-0.8911209760679726,0.6805689488792037,0.08523124893353046,0.6307394918433995,0.8535154577401773,0.7252762838649948,0.08926568577740734,0.06253406097984157,0.05943036303684382,0.33967641688418104,0.5248912373970953,0.31269973885580826,0.12175220259429576,0.7958131918485626,0.8029596686189283,0.3023312701668808,0.15428761032843596,0.5237460231622072,0.11775802799534804,0.8641652792107458,0.7848286482364221,0.10570633717801262
-0.7336800814250521,0.2650945291169733,0.8297544556457321,0.5359255995672454,-0.46847324259135203,0.7295233734199151,-0.31585086791758044,0.7878583015203172,-0.7037943397147914,0.46693222603351614,0.11481791952497694,0.8895763255529314,0.7168340359960973,0.4151039114293052,0.40815266880397305,0.9961733274133764,0.3031459956342943,0.5346605813933291,0.5267058027698959,0.4849945538794497,0.4459579248390338,0.07088981618160034,0.4745146897591549,0.21843865489525408,0.14017540247961813,0.33856042337403147,0.9576385107209711,0.7509871997769709,0.23488048972079112,0.5513286480130988,0.9288833369048084,0.04679570580414785
-0.35000656792081103,0.6136381766246035,0.12745828486913174,0.23370962773630138,-0.32012720816123985,0.5049498971660463,-0.2835533086541973,0.754768191668168,0.26773086438064975,0.24389812673527178,0.8141720517160297,0.9121816852238136,-0.31580904926347797,0.5402748813798091,0.6833860643465615,0.09932870292052315,0.16902902291813054,0.003155613226481946,0.2241654797921101,0.2533660281424121,0.3008391334874267,0.5419457880663076,0.27621252850124345,0.7651318939347241,0.8071418974115226,0.18029799954147468,0.45586295570456076,0.4908221407859932,0.15856296887491914,0.40647247000555403,0.34184489682636143,0.5792771171986727
-0.3525374919675325,0.8423550424022567,-0.6635690172079731,0.3532056943993575,0.5637490892644501,0.02955383895816327,-0.17149914560532503,0.8716991776053816,0.26773086438064975,0.26022894747035824,0.908139367583088,0.9294525114555858,-0.23017158898078566,0.520811391409455,0.6833860643465615,0.7783578771801486,0.7423815744997657,0.5390434735449257,0.9502410693473609,0.48371929644994366,0.5121460002201544,0.4029842083248726,0.9671781187034932,0.7651318939347241,0.8798090306652098,0.9449083185124546,0.4884954146925742,0.9488818631130806,0.17725354081602318,0.40687963718221726,0.7882929194490021,0.5800944488739789
0.6712145605645251,0.5260440260685795,-0.9692379271336471,0.21320301426185229,0.23390720749969462,0.5783147135348756,0.5961270493852726,0.6616897830688646,-0.8856117823154683,0.15476073973698834,0.04800756669953332,0.602975671920375,-0.4274002862734141,0.3840212158058136,0.6255224663850669,0.4722813671640038,0.13308125847913077,0.9526691450427601,0.4987880167583327,0.8403203034877615,0.2923696097584687,0.4870354020101637,0.4852208193799007,0.05967248997550284,0.3422216152691374,0.35272100215468305,0.4195960517558527,0.11690477003189087,0.8489195680622397,0.552135210017106,0.9267668635640361,0.6509229387360641
-0.7175949668373386,0.8526155146538807,0.3607436899816585,0.5215298299915117,-0.6123835582215671,0.6109076356272695,-0.17425915748759202,0.6371518115588615,-0.6847836989185883,0.3680155863163248,-0.7610185565501504,0.1289542836709487,0.3622878420795379,0.4057577591747612,0.8535154577401773,0.7252762838649948,0.12762281476415144,0.05444389370632096,0.9973528117781943,0.5168019758375767,0.00892992368874368,0.6356485451799392,0.11145510543719583,0.778633395444082,0.13347896316805552,0.18522589521667193,0.15428761032843596,0.7409338407820517,0.23441368377847094,0.810350244665318,0.7117452749522826,0.020666332237005258
0.3704209685430674,0.9667067683441095,0.9641742966161893,0.4790959718418438,-0.05128500298680011,0.9769071235861055,0.9223344054500614,0.5803325106693051,0.2675201907713637,0.9311511414881339,-0.9022716580259709,0.8428237792069335,0.3938125618569202,0.9070976888553152,0.9626215612218832,0.912914606727942,0.10228756007948636,0.3828849043056814,0.6367316175303875,0.5398015693486496,0.9586642449155542,0.20787141555739522,0.4568378913055442,0.46726035015793443,0.5464116464658663,0.30092408337225146,0.4997350967452397,0.0009859128508372395,0.9020992111409478,0.5261825416628004,0.3445755056619477,0.7748674033262946
-0.7175949668373386,0.6517496721204,0.3607436899816585,0.42989431555718954,-0.6123835582215671,0.6109076356272695,-0.3831397517034232,0.6371518115588615,-0.1218465878388244,0.3147464208232302,-0.17759902113717577,0.6632091926510101,0.7061886919995006,0.22218958384797197,0.8297211115574121,0.6736810011045408,0.12762281476415144,0.05444389370632096,0.06490298774399936,0.5755572732151066,0.00892992368874368,0.31269973885580826,0.12804350689566812,0.7728226863300834,0.8499561853424995,0.18522589521667193,0.15428761032843596,0.9980763480926882,0.3469819257759038,0.8611985248313037,0.757178984528798,0.04690999689132967
-0.7175949668373386,0.858754837202394,0.3607436899816585,0.9149334534101772,0.48845365509998895,0.6109076356272695,-0.3831397517034232,0.6398750798969369,-0.04867857642253713,0.9343205945079498,-0.17759902113717577,0.6824008643040611,0.7061886919995006,0.22005956274276908,0.8535154577401773,0.6736810011045408,0.6894480179605924,0.05464645732815291,0.8190173194800733,0.5578771861110482,0.1731443921156094,0.3185179468142799,0.12804350689566812,0.7728226863300834,0.8483151881876544,0.18685040960388072,0.22940300908380723,0.9984168234812713,0.35176197951066845,0.8642071671256767,0.7548971581601991,0.07122475553761037
-0.3449893968739204,0.8458765267255479,0.12086617679802392,0.2407255898119091,-0.4888644964709341,0.032489403747712586,-0.674493052029415,0.8716991776053816,0.26345401037112093,0.24389812673527178,0.9903210104522417,0.9294525114555858,-0.21977915225420988,0.17729958324504447,0.6833860643465615,0.7787731338540005,0.14004226159897304,0.5390434735449257,0.9809841535899201,0.2533660281424121,0.5084590213132751,0.5616734907702785,0.4801769852730582,0.7651318939347241,0.8798090306652098,0.29160966617327955,0.4884954146925742,0.7511598460528912,0.17725354081602318,0.40647247000555403,0.34184489682636143,0.5800944488739789
0.1377498977422178,0.6116337230777886,-0.6124259689955268,0.9149334534101772,0.4812460903960931,0.018182170411971448,-0.17425915748759202,0.8982401952763229,-0.050750389570100696,0.3078548718884347,0.2753588272042232,0.7661903379037378,0.08767091300223351,0.6307394918433995,0.8535154577401773,0.7252762838649948,0.913895941728882,0.2846986846120344,0.7568136766239623,0.555121813715389,0.525213041260933,0.31396178233871674,0.9518675078461003,0.7958131918485626,0.7956654348138806,0.17592027145588077,0.15428761032843596,0.519120393905929,0.3107075351792521,0.8641652792107458,0.7542765718125092,0.08805825462026967
0.9546360838805492,0.3897116912207717,-0.6953957217567692,0.30724108163033514,0.05899367252385129,0.8330512962513508,0.8332759882137181,0.4286233824594886,-0.16219033349454698,0.26794054421680924,0.32744335840234295,0.45138863283671005,0.08492708624497597,0.0788643961597768,0.5586954404238446,0.06985348983796202,0.7773774822284223,0.9037594642858429,0.7406137452591923,0.4927897920657047,0.8637884891163403,0.8434815608445265,0.8559863238879295,0.10474911254087726,0.08445041934421688,0.1141648183234838,0.18420680245699486,0.03316440890432998,0.0006769373913585452,0.06662618603480008,0.5861301621538745,0.9209913986209848
0.7722223538047879,0.8459551812525195,-0.6327433278447714,0.1596196760067501,0.5599694276052076,0.18650204884721783,-0.2351699341105355,0.40485341273990316,-0.12790628665078932,0.5169549392871963,-0.847253462117898,0.03810774824899216,-0.6996412648609445,0.2706672804064864,-0.4141518661318132,0.7401089064768251,0.6940618322540922,0.5349746969952134,0.8656623420776068,0.35065176912033014,0.8900416237621592,0.6325642773080644,0.846726312562582,0.8139055306323555,0.3112812102013043,0.32985531712566624,0.6041877240027278,0.9640637796031609,0.07273004438267977,0.6435064250511937,0.46914585682071175,0.6177022848367586
0.9581279075079527,0.8316961832870191,0.12016645252460456,0.23633033217946642,-0.3158259950904654,0.5140145649704015,-0.13412921918582954,0.7936061414975021,0.26773086438064975,0.25088682107110943,0.9903210104522417,0.9163055626933319,-0.20622734928618236,0.520811391409455,0.6833860643465615,0.7787196569530139,0.7012516340230046,0.5357101021104864,0.6158646675240851,0.21567244897498383,0.5084590213132751,0.5382439888317498,0.9527262444050317,0.6701315989093626,0.8763611861716141,0.24524160655070276,0.649524513165934,0.9636111228804016,0.12238927035750685,0.4767720677818059,0.7161100688284038,0.5824121619224237
0.7751088103971338,0.2700808101025438,0.7357854154562419,0.9305158479108404,0.4529171141222649,0.5857522410812257,0.3135648364632173,0.5610548326859166,-0.07780376933239347,0.6962596326990831,-0.8114973045193115,0.41012683082013546,0.7069409454409097,0.4212596535029616,0.577129359657063,0.8445913864918744,0.7724500302043694,0.7272525679850225,0.3527754991859857,0.5023278415273661,0.880432139814784,0.31234777071411757,0.12291400433643629,0.019633333304487577,0.43745698868991123,0.5065138705936538,0.152141717993393,0.3869394123566776,0.07220726828909402,0.9681808584508976,0.38201085660865397,0.8175394379566805
-0.7175949668373386,0.8587165969806139,0.3607436899816585,0.9149334534101772,-0.6123835582215671,0.6389952462806492,-0.17425915748759202,0.6371518115588615,-0.04941864509686322,0.3680155863163248,-0.17759902113717577,0.6824008643040611,0.7602977215268115,0.6307394918433995,0.8688186653282783,0.7252762838649948,0.12762281476415144,0.05444389370632096,0.06490298774399936,0.5580880540277772,0.00892992368874368,0.31269973885580826,0.12804350689566812,0.7728226863300834,0.8897989749133505,0.18522589521667193,0.15428761032843596,0.9984168234812713,0.17553743449756387,0.8611985248313037,0.7842752505479043,0.04690999689132967
-0.7052602365805694,0.6119729949514834,-0.643788513987805,0.9215388240033158,0.49515399517280834,0.018877484941984768,-0.32725157971971136,0.8982401952763229,-0.050750389570100696,0.37154668539057684,-0.8911209760679726,0.2715695295083933,0.08767091300223351,0.6307394918433995,0.5735919801601976,0.7252762838649948,0.13725001915603835,0.06879235835606559,0.06490298774399936,0.5580880540277772,0.26279890180665233,0.31269973885580826,0.03782842469381014,0.7958131918485626,0.7956654348138806,0.18572889970652384,0.15428761032843596,0.5237460231622072,0.11357231929480616,0.8641652792107458,0.7542765718125092,0.10737383468429348
0.528083410423535,0.954746349421138,-0.34660351469748196,0.04765403015638958,0.3845655706265181,0.026999464291305064,0.13035844811747133,0.8597363526759456,-0.20594352000115568,0.6011588397499769,-0.6571396772158988,0.15773570625048083,0.21211014374080772,0.8644831653341858,0.9996759319942803,0.031138730964896166,0.9209823275856519,0.5111182541062665,0.3493556684867074,0.3974146652165286,0.577889456457702,0.3476968859110544,0.1455089742241399,0.8655634034033419,0.707375356804625,0.6098549399645308,0.722559030666315,0.9860259041500742,0.3534451855485104,0.8241687672106883,0.8223043071102077,0.343347824779511
-0.35000656792081103,0.6096219628338171,0.12745828486913174,0.23370962773630138,-0.3157701351150989,0.5049498971660463,-0.27980449525488893,0.754768191668168,0.26773086438064975,0.44667301469697,0.8141720517160297,0.9123463094240284,-0.31580904926347797,0.5402748813798091,0.6833860643465615,0.09932870292052315,0.16902902291813054,0.024804389756679646,0.2241654797921101,0.2533660281424121,0.3008391334874267,0.5419457880663076,0.4322900779181944,0.7651318939347241,0.8071418974115226,0.18029799954147468,0.4355468898687074,0.4908221407859932,0.15856296887491914,0.40647247000555403,0.6548517005732061,0.533464711438085
-0.6266254834170246,0.6119335067251636,0.871777786284637,0.12933267139163868,-0.6296061969208879,0.6030871487087295,0.10644777547307283,0.9026372134401484,0.24692633286582283,0.19312981444608457,0.7766752856303464,0.6842262813281457,0.4486544824650916,0.6233257997505818,-0.4925585542077658,0.7671816386120459,0.7641050800339411,0.05956816603890901,0.7773248961497485,0.5622677528502757,0.5468880452683264,0.557547012677294,0.8164100915496694,0.8145727859574332,0.7899135755396501,0.3482366812312644,0.7519274825335945,0.7368686345465801,0.9676048827885775,0.41545740031081263,0.5771722219923556,0.6134429906998792
-0.08444149178187649,0.33958392418434113,0.8329496081900909,0.5470223993105408,-0.4360168801741736,0.6062712371646805,0.9525286244200335,0.4306175611834479,-0.7519939779182022,0.5386148763532943,0.42655310067818264,0.8267112207341804,-0.30110942556108466,0.4134693771403814,-0.5082014866955826,0.9974159092902272,0.3017318546572365,0.6532943239033676,0.8640445777964896,0.4849945538794497,0.46556656517145917,0.06882402910768257,0.46896013927298996,0.7917370007770155,0.14314285750248795,0.2051625175284646,0.9184188259198871,0.8582659920834069,0.23488048972079112,0.2804421616138888,0.7983959648743817,0.8106187444532402
-0.35000656792081103,0.8399607821705375,0.12086617679802392,0.22310071438360987,-0.32012720816123985,0.5838284493113421,-0.9665814380895112,0.7712632382492571,0.2512663422487501,0.27472653642903144,0.9903210104522417,0.5920163309190966,-0.2743256119830443,0.5103371922526183,0.6526152161054979,0.06524422553490616,0.7012516340230046,0.5357101021104864,0.35972391459364333,0.2262832727309747,0.30050720462792124,0.5232442859624044,0.067355707365744,0.7651318939347241,0.8063031204632575,0.2633983130132565,0.45665050349081016,0.9409769880493695,0.9057655628890147,0.5409281058980348,0.2579742733203546,0.5800944488739789
0.47704510809892103,0.4557661256439839,-0.6953957217567692,0.3057061015284997,0.05899367252385129,0.6559050260102353,0.8522176519803297,0.4830449084096374,0.26269784806390367,0.26794054421680924,0.32744335840234295,0.45138863283671005,0.059979541198551534,0.8949071163956417,0.5569964257547044,0.06985348983796202,0.7421524047134762,0.9294418357209094,0.7387285400257388,0.8204113228928765,0.8437134389536709,0.5600263665995312,0.039880266719941715,0.10505755386798221,0.08445041934421688,0.1141648183234838,0.18420287209583078,0.8918523558200315,0.0006769373913585452,0.06662618603480008,0.938204505855301,0.9477728387600528
-0.7170704847132721,0.8479150150664055,-0.643788513987805,0.9149334534101772,-0.6198797136573916,0.04165415105051257,-0.19311594820723088,0.8990837722453915,-0.050750389570100696,0.3802579355810787,-0.8911209760679726,0.6805689488792037,-0.023935595362845785,0.6328695797772074,0.8535154577401773,0.7252762838649948,0.08926568577740734,0.06233149735800963,0.05943036303684382,0.33967641688418104,0.5248912373970953,0.31269973885580826,0.12175220259429576,0.7958131918485626,0.8029596686189283,0.3023312701668808,0.15428761032843596,0.5237460231622072,0.11775802799534804,0.8611566369163729,0.7848286482364221,0.10518024210703936
0.9546360838805492,0.9365091574426614,-0.6953957217567692,0.30724108163033514,0.05899367252385129,0.8325100840664992,0.6505054459729355,0.4286233824594886,-0.0437569096488965,0.26794054421680924,0.32744335840234295,0.46539860463620897,0.05993037187891099,0.885769755396948,-0.8613792674883329,0.06985348983796202,0.7768281937777506,0.9037594642858429,0.7387285400257388,0.8204113228928765,0.8641016696303061,0.6007406552790048,0.8591919044516467,0.10505755386798221,0.08445041934421688,0.1141648183234838,0.18420287209583078,0.865316575196182,0.0006769373913585452,0.06662618603480008,0.6495567416886275,0.9179017382669858
-0.34967818726398675,0.5878441364479317,0.118417529848092,0.21568995613113162,-0.5883773070633287,0.5044847093905241,-0.1738385837814263,0.7791010885356248,0.21745280168146508,0.27119543735477974,0.7889012412421109,0.683113597467987,-0.3141516384217031,0.032301439669482374,0.8506734962781677,0.7783015552469992,0.16904456036370802,0.049734356022515386,0.38539115797444123,0.23481690044087433,0.5307109284358631,0.5596715408450565,0.1298411297960958,0.7651318939347241,0.8079475220108189,0.26234770435256016,0.45665050349081016,0.07245603894902827,0.1887977791696922,0.1422551267374142,0.36283128463986514,0.5802112573713385
-0.8847115391911033,0.888717566693288,-0.6432610207629991,0.6749605961302543,-0.2000679263714782,0.3962544267659829,0.65319907385522,0.25239848460867176,-0.0959972246423837,0.44640793954188374,0.8015647089259239,0.9168248403705441,-0.2187355507946509,0.04389335653132313,-0.8600168406908708,0.6568831202800619,0.09158836548751143,0.024714443113510343,0.058601303429460905,0.547305606923994,0.1874576294501813,0.02641348159212939,0.4319175104411765,0.40423458727503564,0.9159020963348787,0.14518005318874694,0.16789419916725,0.44088604747033644,0.10353728901114656,0.4828807266438718,0.6484255841649464,0.10173271050139598
0.6856273229169769,0.8441146370573069,0.8998120571913149,0.29356172692622545,0.13479778546023408,0.8484669865530898,0.8609291440314317,0.2431928823667207,0.5954271491023764,0.3280017292111619,0.9897479629436416,0.357256251071821,0.5392303448989973,0.998423844293095,0.8309599922893531,0.9310836139782448,0.1224000253879598,0.5812752497336681,0.9450601319013943,0.8200645350066793,0.8413154354149874,0.8494315682546281,0.5675851622895383,0.5073601643476323,0.8908015065099669,0.8290202107398766,0.4466171300853431,0.3348738806258674,0.5820979521442606,0.9208622571392711,0.9508367201014926,0.9878146890955992
-0.46022283358210947,0.8400394366975091,-0.6327433278447714,0.16432391403652205,0.6040455470896495,0.19385545419700792,-0.9242086813246202,0.3302153247987169,-0.1762521644282711,0.3583058055841343,-0.847253462117898,0.02012006313728118,-0.711843289726041,0.2706672804064864,-0.4449096214933961,0.021833716435595674,0.7765477457090104,0.5349746969952134,0.8656623420776068,0.35065176912033014,0.4221430616680495,0.6176102595493564,0.8493609988083817,0.8139055306323555,0.30991815736725276,0.06565083916962844,0.6041877240027278,0.9408351309002616,0.11840583320751819,0.6367490896319153,0.46914585682071175,0.6177022848367586
0.2935677197259464,0.8518193012701646,0.9802547943078426,0.3172990965838558,0.53348994795903,0.8576401732980452,0.9111013829520311,0.745245538855729,0.45290874333940534,0.963587326887851,0.9927982690454773,0.7858719847042345,0.5685663522446442,0.9989457892241567,0.24399770068498092,0.9978202750955432,0.7782169940126893,0.9677707219755723,0.43232283959931983,0.5381204297443402,0.6516803568313516,0.6006123002361211,0.860311554034672,0.5951229813438106,0.7004835784754357,0.919361694015317,0.443328260064215,0.24760902588894762,0.5947994957509422,0.9272763495153006,0.7734676206468433,0.9139641015827338
-0.7175949668373386,0.8587165969806139,0.3607436899816585,0.9149334534101772,-0.6123835582215671,0.6109076356272695,-0.17425915748759202,0.6371518115588615,-0.04941864509686322,0.3680155863163248,-0.7610185565501504,0.1311057431666683,0.3622878420795379,0.6347516001676937,0.8535154577401773,0.7252762838649948,0.12762281476415144,0.5160377641985006,0.06490298774399936,0.5168019758375767,0.00892992368874368,0.31294393297591516,0.11145510543719583,0.7728226863300834,0.5383324617614271,0.21564818659983226,0.15428761032843596,0.965067689737392,0.8556368207930733,0.810350244665318,0.3655969566999116,0.04690999689132967
-0.4505972327134443,0.8587165969806139,0.36176598180051256,0.9149334534101772,-0.4593846363569787,0.6205642928197158,-0.17425915748759202,0.6461672482387335,-0.04941864509686322,0.3680155863163248,-0.877227487494094,0.12588239983770189,0.3622878420795379,0.6307394918433995,0.8535154577401773,0.7247910435624287,0.3044532787743546,0.6889659619002275,0.08672020751466503,0.5158574770156076,0.011035591734439631,0.31269973885580826,0.11174277608267941,0.7728226863300834,0.5415461442078469,0.16678417984803443,0.10985799315915962,0.965067689737392,0.650256556327917,0.810350244665318,0.9161394705493207,0.0389966154543563
-0.35000656792081103,0.6218666242007463,0.9734756054685545,0.3160145807505613,-0.32012720816123985,0.5049498971660463,-0.2835533086541973,0.754768191668168,0.26773086438064975,0.24389812673527178,0.8141720517160297,0.9439273340401175,-0.30819657681506674,0.5278932824608797,0.6833860643465615,0.9875074905887374,0.16902902291813054,0.03300893077015754,0.2241654797921101,0.4915702564550164,0.3008391334874267,0.5419457880663076,0.27621252850124345,0.7650730979853834,0.8071418974115226,0.18029799954147468,0.45586295570456076,0.4908221407859932,0.15856296887491914,0.40647247000555403,0.34184489682636143,0.5792771171986727
0.9581279075079527,0.8316961832870191,0.12016645252460456,0.23633033217946642,-0.3158259950904654,0.5140145649704015,-0.1341254199261811,0.7986321485610521,-0.04774631454280562,0.25088682107110943,0.9903210104522417,0.13812522973945435,-0.20622734928618236,0.520811391409455,0.6833860643465615,0.7787196569530139,0.7012516340230046,0.0799759075621968,0.6566817707571411,0.21567244897498383,0.017916766122519967,0.5469493167026938,0.9527262444050317,0.5989921120858862,0.5057750661588556,0.24511796694325289,0.14836473193518196,0.9636111228804016,0.12238927035750685,0.4767720677818059,0.7161100688284038,0.04618846695087869
-0.7164326796705733,0.8561534633440827,0.3607436899816585,0.9149334534101772,-0.48795552724367003,0.6109076356272695,-0.17425915748759202,0.6371518115588615,0.23241596170777665,0.3680155863163248,0.995322272178517,0.1289542836709487,0.3622878420795379,0.6347516001676937,0.8535154577401773,0.7786220885675372,0.14043393881741534,0.05444389370632096,0.9815381561020011,0.5168019758375767,0.01831954496155258,0.6292949494603818,0.4586084087487333,0.7728226863300834,0.5415461442078469,0.2954333090488622,0.4968351539305935,0.965067689737392,0.353889719020266,0.810350244665318,0.7117452749522826,0.016790823174820946
-0.7175949668373386,0.8587165969806139,0.3607436899816585,0.9149334534101772,-0.6507629640535046,0.6389952462806492,-0.17425915748759202,0.6371518115588615,-0.04941864509686322,0.5219927070281196,-0.17759902113717577,0.6824008643040611,0.7602977215268115,0.6307394918433995,0.8688186653282783,0.7401137682629797,0.12512648734080928,0.6253034196098541,0.06490298774399936,0.5580880540277772,0.9369627190206358,0.31269973885580826,0.12804350689566812,0.7731684092708668,0.8897989749133505,0.3219970766767949,0.15428761032843596,0.9984168234812713,0.17553743449756387,0.8611985248313037,0.7842752505479043,0.04690999689132967
-0.3525374919675325,0.7886393790414397,-0.6635690172079731,0.3532056943993575,0.5637490892644501,0.02955383895816327,-0.17149914560532503,0.8716991776053816,0.26773086438064975,0.26022894747035824,0.908139367583088,0.9294525114555858,0.16901699075381724,0.5200424224609388,0.6833860643465615,0.7783578771801486,0.7793321561773662,0.5390434735449257,0.9502410693473609,0.48371929644994366,0.511820725236082,0.4029842083248726,0.9671781187034932,0.7853962806721815,0.8798090306652098,0.9449083185124546,0.4884954146925742,0.9488818631130806,0.17725354081602318,0.865355181043205,0.7882929194490021,0.5800944488739789
-0.06712479574259148,0.3624595218848538,-0.8708296547132258,0.3285147828126874,-0.20197763504750754,0.052208961272737636,-0.5944018901893007,0.6774844393530359,-0.38030604635714105,0.2736631502962081,0.306946620545117,0.7648799945681308,0.0269090932665928,0.06486948455449904,0.20899249680721438,0.6765927968625289,0.1583316432596017,0.2792806925510194,0.755889153023205,0.38355904481509284,0.5585765340106235,0.3611523039912562,0.9377003034399866,0.03496449344987573,0.37704019293119545,0.48457346427216097,0.44642299912969624,0.03281689554893005,0.3226401244789564,0.8752594717414346,0.1423012956491866,0.7894841977845625
-0.34909016221453393,0.5881834083216264,0.12086617679802392,0.2228631544216747,-0.3198034703943742,0.5201043764816125,-0.32496877205472763,0.7712632382492571,0.26773086438064975,0.27472653642903144,0.9812365627506484,0.27411416983142123,-0.3141516384217031,0.5017110764614914,0.6833860643465615,0.7787196569530139,0.7012516340230046,0.5357101021104864,0.38539115797444123,0.23481690044087433,0.30050720462792124,0.4025792703583623,0.03994920351524578,0.7651318939347241,0.853284263324893,0.2630566568930186,0.44231052344591615,0.47208070980276207,0.17491162928796844,0.4046472272096412,0.36283128463986514,0.5802112573713385
0.13753452225662002,0.6116337230777886,-0.6124259689955268,0.21132946117683127,0.4812460903960931,0.01853744485768305,-0.17425915748759202,0.8982401952763229,-0.050750389570100696,0.3089142114461734,0.2753588272042232,0.6807609645038405,0.09636068885743475,0.6058204426973994,0.8535154577401773,0.7252762838649948,0.12966308512066632,0.07386695721567091,0.7568136766239623,0.552821107603197,0.5248912373970953,0.31339970155295827,0.09300908733780411,0.7958131918485626,0.7956654348138806,0.17592027145588077,0.15428761032843596,0.5237460231622072,0.31220955481602464,0.8641652792107458,0.7953149418929799,0.08805825462026967
-0.7336800814250521,0.2650945291169733,0.8297544556457321,0.5359255995672454,-0.46847324259135203,0.7284637375291666,-0.31585086791758044,0.778842864839417,-0.7037943397147914,0.46693222603351614,0.11271134930974336,0.8341242282039623,0.7168340359960973,0.4151039114293052,0.40815266880397305,0.993393471779017,0.1551179689264171,0.5346605813933291,0.5050133566204248,0.4849945538794497,0.4459579248390338,0.07088981618160034,0.4745146897591549,0.21843865489525408,0.14017540247961813,0.3507387741873272,0.9576385107209711,0.7509871997769709,0.23488048972079112,0.5513286480130988,0.18787117542148202,0.04679570580414785
-0.3501696063114609,0.8458765267255479,0.12086617679802392,0.9423642900285181,-0.32012720816123985,0.05860480649381461,-0.674493052029415,0.8716991776053816,0.26345401037112093,0.242838787177533,0.9903210104522417,0.9294525114555858,-0.22846892810940617,0.19933566336737513,0.6833860643465615,0.7787731338540005,0.9234445086087595,0.5390434735449257,0.9809841535899201,0.2556667349117142,0.5084590213132751,0.5616734907702785,0.9542937812865266,0.7651318939347241,0.8798090306652098,0.29160966617327955,0.4884954146925742,0.9636111228804016,0.17575152118312737,0.40647247000555403,0.3008056027539602,0.5800944488739789
-0.35000656792081103,0.6855433416899893,-0.5420079871358456,0.2464302239701294,0.5637490892644501,0.02955383895816327,-0.612420492234447,0.8716991776053816,0.2637491004454594,0.24389812673527178,0.908139367583088,0.9294525114555858,-0.23017158898078566,0.21166233475700358,0.6833860643465615,0.7783578771801486,0.14248038948494224,0.5390434735449257,0.9502410693473609,0.2533660281424121,0.5121460002201544,0.4029842083248726,0.9479090547997128,0.6019087301560979,0.8798090306652098,0.28461779442031654,0.4884954146925742,0.954476667009224,0.17725354081602318,0.40647247000555403,0.8103140549070965,0.5800944488739789
0.47704510809892103,0.4557661256439839,0.06738187778150018,0.3057061015284997,0.05899367252385129,0.6559050260102353,0.8522176519803297,0.4830449084096374,0.26269784806390367,0.26794054421680924,0.9869964035099522,0.45138863283671005,0.059979541198551534,0.8949071163956417,0.6844588831641361,0.06985348983796202,0.7421524047134762,0.9294418357209094,0.7387285400257388,0.8204113228928765,0.8437134389536709,0.5600263665995312,0.039880266719941715,0.10505755386798221,0.08445041934421688,0.1141648183234838,0.18420287209583078,0.8918523558200315,0.021215132137424986,0.07943675260027883,0.938204505855301,0.9477728387600528
-0.7175949668373386,0.6517496721204,0.3607436899816585,0.4316676076908428,-0.6123835582215671,0.6109076356272695,-0.3831397517034232,0.42896601182694916,-0.1218465878388244,0.3147464208232302,-0.17759902113717577,0.6632091926510101,0.053224941151470695,0.22218958384797197,0.8297211115574121,0.06331733127613498,0.12762281476415144,0.05444389370632096,0.06490298774399936,0.5755572732151066,0.00892992368874368,0.31269973885580826,0.12804350689566812,0.7728226863300834,0.09234809216723333,0.18522589521667193,0.15428761032843596,0.9849535281475852,0.3469819257759038,0.8611985248313037,0.544385996438598,0.05016425350502894
-0.35000656792081103,0.8458765267255479,0.12086617679802392,0.6531964200934188,-0.3491336335153065,0.5777597894091312,-0.26653362523336355,0.7712632382492571,0.26773086438064975,0.27472653642903144,0.9903210104522417,0.6067170395216871,-0.2621235994495641,0.5103371922526183,0.6833860643465615,0.7787196569530139,0.7012516340230046,0.07202415875198373,0.45141898956165966,0.2262832727309747,0.2942447831268309,0.5230000918431539,0.067355707365744,0.7714864724962305,0.8108806447374446,0.6262255376866254,0.4283536624447078,0.9636111228804016,0.3573784529152386,0.5409281058980348,0.15270488109023084,0.5800944488739789
-0.8978919610179168,0.8759325622201519,-0.647473441462048,0.6749605961302543,-0.2000679263714782,0.3805062134421081,0.65319907385522,0.6416256540356118,-0.0959972246423837,0.36541328561603237,0.5367916612574517,0.9804672178997362,-0.2187355507946509,0.04509271218427369,-0.9843711989087058,0.6568831202800619,0.736541154894656,0.025580499556809744,0.9814175315104727,0.23145070380398178,0.18514806323844757,0.012054637032639398,0.9902465652491115,0.1669092311357523,0.9133826719064647,0.4512263873859397,0.6994445284693123,0.44088604747033644,0.27653589613315926,0.4067015752240562,0.6484255841649464,0.06758918488272803
0.6712145605645251,0.9665700509119088,-0.9692379271336471,0.21320301426185229,0.23390720749969462,0.9967469322809498,0.5961270493852726,0.6616897830688646,0.26901455367462573,0.17455094725792175,0.04800756669953332,0.602975671920375,-0.428188676920328,0.3840212158058136,0.6255224663850669,0.45962629057424276,0.13308125847913077,0.9526691450427601,0.6419323317719267,0.8403203034877615,0.30622898104180674,0.4870354020101637,0.4852208193799007,0.05967248997550284,0.3335571591214511,0.35272100215468305,0.42122223437043294,0.11690477003189087,0.8489195680622397,0.552135210017106,0.9267668635640361,0.6509229387360641
-0.5521392462603099,0.6096219628338171,0.12745828486913174,0.23370962773630138,-0.3157701351150989,0.019354311993564244,-0.27980449525488893,0.754768191668168,-0.04657131342870699,0.44474527995624763,0.8141720517160297,0.9123463094240284,-0.31580904926347797,0.5402748813798091,0.6833860643465615,0.09932870292052315,0.12874226109537068,0.024804389756679646,0.2241654797921101,0.2533660281424121,0.28747094831296943,0.5419457880663076,0.4329495147044622,0.7651318939347241,0.8071418974115226,0.18029799954147468,0.4355468898687074,0.4908221407859932,0.15856296887491914,0.40647247000555403,0.37178943029686423,0.533464711438085
-0.7175949668373386,0.5861724825669676,0.3607436899816585,0.9149334534101772,-0.582733493643198,0.6109076356272695,-0.17425915748759202,0.6371518115588615,-0.04941864509686322,0.3696079820594157,-0.7656935051062954,0.1311057431666683,0.3622878420795379,0.6307394918433995,0.5883335687245449,0.7252762838649948,0.12762281476415144,0.5452925153103195,0.06490298774399936,0.23510190581628632,0.00892992368874368,0.31269973885580826,0.03553734578037583,0.7728226863300834,0.5415461442078469,0.18522589521667193,0.0677841848250329,0.965067689737392,0.17978107073023342,0.11944534460889444,0.15547055021584227,0.04690999689132967
-0.08444149178187649,0.33958392418434113,0.8209751169109921,0.5360001015684288,-0.43459742307431776,0.7295233734199151,-0.15865197054245872,0.4306175611834479,-0.375292818548598,0.3689296348681493,-0.991817083011991,0.0999031558136626,-0.2942312107203348,0.4075273502218614,-0.5082014866955826,0.9974159092902272,0.2943273319085384,0.6734770293788518,0.8640445777964896,0.4849945538794497,0.46556656517145917,0.06882402910768257,0.47192337313908783,0.466267446451395,0.14314285750248795,0.1854370530040767,0.9184188259198871,0.7502869004599946,0.23488048972079112,0.5514673200265121,0.8023341114349248,0.07386194857576656
-0.7052602365805694,0.12483784738531184,-0.685350460991763,0.27956414180617295,0.4812460903960931,0.035865553687405655,-0.43314158421938964,0.8944470714058794,-0.050750389570100696,0.24523845900382135,-0.8911209760679726,0.6805689488792037,0.08767091300223351,0.17347863198220337,0.8535154577401773,0.7252762838649948,0.12762281476415144,0.07462259256162312,0.05573523476074732,0.5580880540277772,0.5369803701253586,0.31269973885580826,0.12772020214810778,0.7958131918485626,0.7985224394678506,0.15250682885348676,0.1521263744929452,0.5224019784936754,0.11357231929480616,0.8883001970795003,0.7542765718125092,0.9668354846696137
-0.7082235841869687,0.8526155146538807,0.3607436899816585,0.5215298299915117,-0.6123835582215671,0.6109076356272695,0.07058632817264282,0.6371518115588615,-0.09684960016808447,0.3680155863163248,-0.7610185565501504,0.1289542836709487,0.3622878420795379,0.4057577591747612,0.8535154577401773,0.7253043250479557,0.12762281476415144,0.05444389370632096,0.9973528117781943,0.5594587184078371,0.00892992368874368,0.6356485451799392,0.11246662774116775,0.778633395444082,0.13347896316805552,0.18521331142690703,0.15428761032843596,0.7409338407820517,0.23441368377847094,0.810350244665318,0.7117452749522826,0.020666332237005258
-0.7052602365805694,0.6116337230777886,-0.6708112875066498,0.9149334534101772,0.4812460903960931,0.018877484941984768,-0.168332636305257,0.8982401952763229,-0.050750389570100696,0.37482689396293406,-0.8696812423756309,0.6805689488792037,-0.2366327980584115,0.6315084607919157,0.8535154577401773,0.7252762838649948,0.12762281476415144,0.07386695721567091,0.06490298774399936,0.5580880540277772,0.5376137904123621,0.31269973885580826,0.12772020214810778,0.7968574807288921,0.7956654348138806,0.18572889970652384,0.15041554126630724,0.5237460231622072,0.11357231929480616,0.4056848873334342,0.7535393220438215,0.10737383468429348
-0.7241205179159041,0.9901627427433941,0.3607436899816585,0.9149334534101772,-0.4593846363569787,0.6109076356272695,-0.17425915748759202,0.6371518115588615,-0.04941864509686322,0.3680155863163248,-0.7656935051062954,0.1311057431666683,0.3622878420795379,0.6307394918433995,0.8535154577401773,0.7252762838649948,0.12762281476415144,0.5452925153103195,0.48008461971038074,0.5158574770156076,0.031690672620079186,0.31269973885580826,0.12823932500600393,0.7728226863300834,0.5421371245239486,0.18522589521667193,0.15428761032843596,0.965067689737392,0.650256556327917,0.810350244665318,0.15547055021584227,0.05404414344681857
