0.6910986560313588,0.603722440172606,0.7431174079728284,0.8142309409394398,0.28391089375374556,0.24100112460959655,-0.00242479066811363,0.975725975637857,-0.9790273305373776,0.6604810354899904,0.8080718043091883,0.7105494267455821,-0.04600474839946678,0.6396130680030623,0.005308010282280007,0.36154291774668645,0.9691025729501793,0.9079598759919372,0.2320493563495749,0.07908648784687078,0.7925564162459273,0.47001188483542244,0.5697695536260164,0.20533017571120027,0.9732765145921815,0.9180810409695283,0.662057311071046,0.9623310819354114,0.08795307493774296,0.6035275436464426,0.10715032956534853,0.8574639527645534
-0.162953958468244,0.2890202484431259,-0.8414783927609228,0.02357222839744988,-0.6638432512981345,0.08438091247058899,0.7069265310010784,0.8255316141717621,0.2846884264941223,0.6146504181283333,-0.2623733125208225,0.1199626267652174,0.8741040770553636,0.781320545100542,-0.6710879441775361,0.6339876436570819,0.25804178239451037,0.14252775360304304,0.34510351058430633,0.6816944870415754,0.6564378313983399,0.6669688568251495,0.8518983781644578,0.9431293697086357,0.5616955282440369,0.992728909242459,0.20932542170897028,0.906148693557815,0.3978519487036135,0.49939223153354106,0.6162188687517828,0.4834408524339755
-0.7211738039358886,0.9673180378037034,0.8589120041607392,0.7785816061937868,-0.6382334311306292,0.7286242067052622,-0.42679699814977234,0.40845980440997776,0.26175360232234546,0.19208632468731623,-0.2918405245323725,0.3964762017222163,0.38263711411835555,0.13102270770096225,-0.4342653480242875,0.7886303036623319,0.6542279211860418,0.9913036786458207,0.7425216873067023,0.46634843351291255,0.32654555220276593,0.7280546425861492,0.9750021480402552,0.41916336203266213,0.37629916103031147,0.4602060152419082,0.07134252565608235,0.8985998215146773,0.20304086405251343,0.5965829814027475,0.895063107091866,0.12335294145406606
-0.9901364739605427,0.17307611771345122,0.050719904479773925,0.4376427791156946,0.8939629708987653,0.2310471439292937,0.6730018018168897,0.9576286586480655,-0.23605086572698863,0.1111789639862143,-0.32256407941459697,0.7529014373223161,-0.4628175773763685,0.4941498211232199,-0.5198583954083924,0.4447285757634517,0.7996046804035281,0.8729544122182656,0.230538720312216,0.5083923690456227,0.5359184076484881,0.67535246882788,0.7083542873449301,0.684911047196895,0.984101652761698,0.12086324942065407,0.10562106768792079,0.5271709634025213,0.3399818031406485,0.11401227425719362,0.04911000886940797,0.46837423397546485
-0.8723465627474207,0.21432084527967943,-0.40429794798379026,0.1723253625371618,0.6592339502823743,0.06385855793250805,-0.2736222349357649,0.5515117533613624,-0.8040955356728312,0.08060795107565588,0.39348800686803176,0.9298022817205367,-0.6685929540248183,0.11065486815095416,0.39419779140162237,0.7113376748054017,0.7014024560380995,0.9948012488625556,0.903338151885633,0.3328838090176579,0.8632943014556952,0.6968100097510979,0.14324623591729646,0.6835903131664091,0.7189456502627131,0.8590426282463879,0.8202973917644206,0.07885103446111241,0.852310849000018,0.009397899668806886,0.6332481803642533,0.6072690430594992
-0.25450530050077136,0.18192208547980648,0.6041726399620713,0.3028365528351853,-0.05084850100694349,0.4227191424082749,0.9896026284789678,0.8572227529512586,-0.6884807046098083,0.6450151583889426,-0.4156256146521049,0.886581530754132,0.2192157056424089,0.054229313218362774,-0.596243534846469,0.21596248619249092,0.31455530633276474,0.7589694230245555,0.9690944211333942,0.8519520575633893,0.6306629710506707,0.8967517964288617,0.45449971368440667,0.7465225586275849,0.3151906403911271,0.5825154720783431,0.719438844452592,0.8574943241687508,0.05893153076956237,0.9422116861099901,0.6821873280847844,0.5875476955459343
0.8381573592450899,0.3889326924403711,-0.9055273324771727,0.04927304658114312,0.20918407253408655,0.3328403995163106,0.7542949151609919,0.8557453997759787,0.5344073846859532,0.12848400707964908,0.8077798612522049,0.9959587625142293,-0.5177722624640325,0.04362102730460887,-0.3150677464353544,0.4870518582554271,0.4366428071170606,0.8732744630849703,0.19262763033871177,0.5788890666413814,0.2733245390301797,0.5986366002721805,0.6567480674489762,0.7926503366437618,0.9373259978016094,0.7378366999623205,0.1678881536167301,0.252890329377846,0.4241226102891098,0.07002466828876552,0.9288697059818622,0.5715251983389896
0.9792893924996617,0.48292977151641003,-0.4860814809442968,0.10912676537495569,-0.07562977014570804,0.2253309497128243,0.3270837930614323,0.9798869417358864,-0.7309187066001819,0.8949214150950017,0.8620851222277106,0.38801283779483886,-0.9414418555966511,0.34844069244506237,-0.48573561547305055,0.7233661603815366,0.977013970002464,0.9615991660451418,0.21756484141209753,0.23983154212403485,0.41721765732788385,0.25768046243111464,0.6526960845303619,0.7462126925511037,0.5859016437605877,0.23689426252119716,0.4409095521210218,0.7692164231652413,0.7423928407615006,0.08057824499097233,0.08795774447484228,0.3959609752483867
0.46628244500681326,0.03556784190737172,-0.8153916151409375,0.8612479767983852,-0.7700094524238872,0.3626614027109145,-0.8493796284904,0.5302225093021083,-0.053843632855369306,0.6260878630946182,-0.2470538538297804,0.45466306770699105,0.2956049318549896,0.14743912813891336,0.4947774720446051,0.746196562207036,0.8158022308819733,0.46536656816740485,0.6728241342561313,0.28620690382637837,0.6889211638512627,0.8635357971170219,0.37985850896108353,0.4705964351109358,0.6500502355556487,0.9083516576281963,0.3933684906793721,0.12289254778577274,0.5250242852213473,0.7059003639643259,0.7051439078849219,0.8233171048826758
-0.8723465627474207,0.21432084527967943,-0.4062590381596538,0.1723253625371618,0.6592339502823743,0.06385855793250805,-0.2736222349357649,0.5515117533613624,-0.8040955356728312,0.08060795107565588,0.39348800686803176,0.9282600446391724,-0.6685929540248183,0.11065486815095416,0.14818329227387592,0.7113376748054017,0.031005394634649464,0.9948012488625556,0.903338151885633,0.005626826405812857,0.8656193621201365,0.13918734805855282,0.14324623591729646,0.6835903131664091,0.7189456502627131,0.8590426282463879,0.8202973917644206,0.07885103446111241,0.852310849000018,0.009397899668806886,0.6332481803642533,0.6072690430594992
0.9792893924996617,0.48292977151641003,-0.4860814809442968,0.75125399515785,-0.07562977014570804,0.2253309497128243,0.32926751963397943,0.9798869417358864,-0.7309187066001819,0.8949214150950017,0.8620851222277106,0.38481514629943725,-0.9448240906494378,0.34844069244506237,-0.48573561547305055,0.9118422823505198,0.977013970002464,0.9602346492385422,0.21756484141209753,0.23983154212403485,0.41721765732788385,0.25768046243111464,0.6526960845303619,0.7462126925511037,0.5859016437605877,0.23689426252119716,0.4350910139144869,0.7413955435191707,0.7423928407615006,0.08057824499097233,0.08795774447484228,0.3959609752483867
-0.3722498700714436,0.8796569994647027,0.7647438874839052,0.8500182332267072,0.8402585713457247,0.005226821648846995,0.73336579655166,0.8429058569854397,0.31499898546648586,0.16799218854128084,0.5711132560062953,0.8636492317221283,0.3907713472764559,0.050240212912865956,0.34503494814141966,0.3014622897751015,0.6613685311330928,0.7836524194790707,0.088730872895039,0.0742045732498342,0.6316173343554654,0.4533875182653989,0.7063701489555281,0.9188280201475463,0.013862339179294136,0.6555004955549377,0.5482254310681585,0.5559201098907252,0.20757898010621856,0.8198914486074665,0.4741668257242047,0.482214494207585
0.8136617556141084,0.25300581334822053,-0.9714652044968098,0.4399970120810829,0.7957320359049218,0.8568435093001423,0.7815425186712259,0.8590857032832754,0.03075497712745423,0.5348224681600467,0.9992965850079492,0.07843434935146987,0.3830083518443135,0.23810449571649706,0.1474429356679372,0.7960465538490848,0.021722003800897505,0.8875775892096229,0.742334592949248,0.9605050313864584,0.0073175499702796964,0.6388902491501522,0.36309302838229085,0.019190019314807905,0.3878987232532167,0.28654691268034305,0.8672863883232997,0.26817719020852215,0.24882496917892866,0.09979156460543223,0.1371634522634974,0.0828379774077379
-0.2514451435092506,0.8624058331462546,-0.5941100595008042,0.753162512797868,0.5109646889000212,0.8940780617743902,0.8911269759920109,0.1371871735628093,-0.9722054248189482,0.2934796663282845,0.241979851374302,0.46424656644586115,-0.5642755291571209,0.6689336684891233,0.36428506951590434,0.5925277863321882,0.18428151230430462,0.027623386873794398,0.026087481608112473,0.5676016575455314,0.043781646316969125,0.05733294959747315,0.02605339348078395,0.03323093284601697,0.11108849291705003,0.08311392940737783,0.5818309273870053,0.47683420409764565,0.22248182848315212,0.42682693509985836,0.41112682635742925,0.47142439733063546
-0.25450530050077136,0.18192208547980648,-0.5213738422949318,0.3028365528351853,-0.05084850100694349,0.4227191424082749,0.9896026284789678,0.8503520126473059,-0.5717045570315491,0.6450151583889426,-0.4156256146521049,0.886581530754132,-0.021835345305986284,0.054229313218362774,-0.596243534846469,0.21596248619249092,0.37869202979277516,0.7589694230245555,0.0672043065506151,0.8519520575633893,0.6308120280367004,0.8951453447735866,0.45449971368440667,0.7164734361596656,0.3374447758198158,0.5825154720783431,0.719438844452592,0.8566016981615026,0.05893153076956237,0.9422116861099901,0.2563668059247324,0.5304819311489146
0.9792893924996617,0.48292977151641003,-0.4860814809442968,0.10912676537495569,-0.07562977014570804,0.2253309497128243,0.3270837930614323,0.9931267119469837,-0.8818200185111774,0.8949214150950017,-0.8666826237640836,0.38801283779483886,-0.9414418555966511,0.34844069244506237,-0.48573561547305055,0.6116821013021798,0.4193195000950171,0.9508609494452144,0.06794047181230357,0.23983154212403485,0.033833436909083664,0.25768046243111464,0.6526960845303619,0.7462126925511037,0.5859016437605877,0.23689426252119716,0.4409095521210218,0.7692164231652413,0.11134095107905162,0.08057824499097233,0.08795774447484228,0.3954910075782484
0.8381573592450899,0.3889326924403711,-0.9055273324771727,0.006832571576955604,0.20197470484346763,0.3328403995163106,0.7542949151609919,0.43133789001386535,0.4340339219245414,0.009319673078405422,-0.5051953021329434,0.9956424876536554,-0.5423592529175727,0.04534802914130798,-0.3117732896796035,0.48982621743808463,0.4366428071170606,0.18100864805265177,0.19262763033871177,0.5712422906679446,0.2733245390301797,0.5986366002721805,0.3697214431637309,0.0660320558135844,0.9373259978016094,0.7378366999623205,0.16845423498474543,0.26797077197827046,0.4241226102891098,0.07002466828876552,0.9703472866614671,0.5715251983389896
0.8381573592450899,0.4385472639718946,0.2100409964143669,0.05599450600213546,0.20918407253408655,0.3328403995163106,0.7542949151609919,0.8557453997759787,0.5344073846859532,0.1769247093479187,0.8077798612522049,0.9959587625142293,-0.5177722624640325,0.027662385669034284,0.8476398792339263,0.4870518582554271,0.4366428071170606,0.8732744630849703,0.2087800845432345,0.6921756620061668,0.2733245390301797,0.5986366002721805,0.6567480674489762,0.7926503366437618,0.9373259978016094,0.7395950227440736,0.1678881536167301,0.25344562418488326,0.4182518441372918,0.07002466828876552,0.9288697059818622,0.5715251983389896
0.9710369063437492,0.5023478677746476,0.6864200680729582,0.5454560364428053,0.25024738281145487,0.4851320564073396,-0.40892469311527346,0.42850567521539623,0.3116974038243958,0.7052597815618633,-0.6035732561572567,0.05981869361022768,-0.4506749035080527,0.7121587456409915,0.6093309697226086,0.3235608926477174,0.00809925885130125,0.28138674823130516,0.175358336359291,0.08929492300653807,0.15567961381024614,0.07447904806702854,0.3772964922139477,0.7150584829383726,0.514166854964403,0.25481509537014096,0.5741003713164358,0.8001715489312561,0.1830827180844367,0.02637630438859584,0.06143201900491346,0.23868623775476305
0.3358999768272011,0.09916733946306111,0.39493892007983544,0.4807090370203529,-0.2770390658974551,0.159808107081454,-0.44787625530951725,0.44062999293342,0.48497576548847476,0.7028969715437432,-0.1042344838159579,0.06227491443827715,-0.43224423230356135,0.10538787517283889,0.879976364033705,0.3239686599686685,0.13189178067797142,0.7409602197994365,0.49636185882518935,0.5455327738984549,0.16712690164907906,0.7289311389831987,0.06922645652391235,0.5353732947265871,0.2499412191531344,0.17529819777535682,0.1467820096786448,0.5534032333353565,0.1870883359674974,0.07801076953863095,0.007538821583177396,0.8758967593539987
0.9792893924996617,0.48292977151641003,-0.4860814809442968,0.10912676537495569,-0.06235462011033438,0.2253309497128243,0.3270837930614323,0.9931267119469837,-0.8818200185111774,0.8949214150950017,-0.8666826237640836,0.38801283779483886,-0.9414418555966511,0.34844069244506237,-0.4789460332851405,0.6116821013021798,0.4193195000950171,0.9508609494452144,0.45569001414130206,0.6956510643565319,0.08366926413924819,0.7966935433725968,0.6526960845303619,0.7462126925511037,0.5859016437605877,0.23689426252119716,0.439035436571903,0.7692164231652413,0.11134095107905162,0.08057824499097233,0.08795774447484228,0.3954910075782484
0.8144851424244649,0.38740163038339936,-0.9690329724288983,0.4399970120810829,0.7957320359049218,0.7334437525323234,0.7815425186712259,0.02078082596986419,0.03075497712745423,0.19236991027189138,0.9992965850079492,0.9982586336903985,0.3830083518443135,0.2387069830610561,0.12731688105876415,0.7960465538490848,0.030507119866870824,0.8875775892096229,0.742334592949248,0.17515007678439587,0.003339853548187638,0.6388902491501522,0.36309302838229085,0.005982842547392453,0.3878987232532167,0.28654691268034305,0.8672863883232997,0.26817719020852215,0.2490122010828587,0.10511946764145289,0.08213385277245566,0.5872598727214157
-0.3722498700714436,0.8796569994647027,0.7647438874839052,0.858545240387331,0.8402585713457247,0.005181542689915997,0.7296123611871568,0.8429058569854397,-0.32513511311444354,0.16799218854128084,-0.6454852244507284,0.8636492317221283,-0.16165106977425503,0.050240212912865956,-0.696419011634636,0.30141302550828664,0.6668165846496916,0.7836524194790707,0.102323311029482,0.0742045732498342,0.4669821115738056,0.4533875182653989,0.5078791321953781,0.915833060872933,0.013862339179294136,0.6555004955549377,0.3619858967432822,0.5554245346625657,0.20757898010621856,0.8198914486074665,0.0509577153787521,0.482214494207585
-0.25450530050077136,0.19232778168342501,0.6041726399620713,0.3028365528351853,0.6578561509449508,0.4227191424082749,0.9779724087064212,0.8572227529512586,-0.6934294084902857,0.6504790340303532,-0.4156256146521049,0.886581530754132,-0.030003823455947848,0.054229313218362774,-0.37452387524376407,0.21596248619249092,0.31455530633276474,0.7589694230245555,0.23768727114839083,0.8519520575633893,0.6306629710506707,0.8967517964288617,0.45449971368440667,0.20040247097714786,0.3151906403911271,0.5825154720783431,0.7194092369300212,0.8643621923007135,0.13349831977681942,0.6312893934050288,0.852476652664762,0.5875476955459343
0.8373339724347334,0.25939676622819197,-0.9051609523694706,0.006832571576955604,0.20918407253408655,0.3328403995163106,0.7542949151609919,0.8557453997759787,0.4228388515063539,0.009319673078405422,-0.5051953021329434,0.025037938787229375,-0.5423592529175727,0.04534802914130798,-0.3117732896796035,0.4870518582554271,0.4366428071170606,0.8740765182751404,0.19262763033871177,0.5712422906679446,0.2852407184226087,0.5986366002721805,0.3697214431637309,0.8462908349066405,0.9373259978016094,0.7378366999623205,0.16845423498474543,0.26797077197827046,0.4241226102891098,0.07002466828876552,0.9288697059818622,0.06743662102257625
0.9703381445606782,0.7457778183577246,0.7942835733286195,0.006832571576955604,0.20197470484346763,0.3328403995163106,0.7542949151609919,0.43133789001386535,0.4340339219245414,0.009319673078405422,-0.5051953021329434,0.9956424876536554,0.21041216092139206,0.703654218448367,-0.2820709724316634,0.48982621743808463,0.4366428071170606,0.18100864805265177,0.19262763033871177,0.5712422906679446,0.4634944404971265,0.5986366002721805,0.3697214431637309,0.0660320558135844,0.9373259978016094,0.7378366999623205,0.16845423498474543,0.8239991802250379,0.4241226102891098,0.07002466828876552,0.9703472866614671,0.5715251983389896
0.4487639718585432,0.03556784190737172,-0.8153916151409375,0.17469813990165978,-0.7685638771628669,0.05338743244385402,-0.8493796284904,0.5302225093021083,-0.08117584762577995,0.6183041874596654,-0.31402636199989864,0.15548987059361807,0.18676559413441893,0.14743912813891336,0.37683321425206207,0.746196562207036,0.8158022308819733,0.2385716011344245,0.6728241342561313,0.2867523189215647,0.6889211638512627,0.6240961942613645,0.36972242643504805,0.4702074386016444,0.6500502355556487,0.590571230807914,0.3834140834509958,0.12090803042025167,0.516148154243022,0.7059003639643259,0.312569930844354,0.5956572781627625
-0.25865025280566667,0.3889326924403711,-0.9055273324771727,0.006832571576955604,0.20197470484346763,0.3328403995163106,0.7542949151609919,0.43133789001386535,0.4370342258424434,0.009319673078405422,-0.5051953021329434,0.35660756002065624,-0.5423592529175727,0.04534802914130798,-0.6898880934256606,0.48982621743808463,0.1496802481042177,0.18100864805265177,0.19262763033871177,0.5712422906679446,0.2733245390301797,0.1255466024248587,0.3697214431637309,0.0660320558135844,0.9373259978016094,0.7996948187389081,0.16845423498474543,0.26628279624645645,0.4241226102891098,0.07002466828876552,0.3737536011865856,0.5717726787033685
0.1881146375665117,0.08567430760818504,0.7754845794781098,0.4844741646979427,-0.8448915120194478,0.713155005044322,-0.2624370936382104,0.8092492231478108,0.5467729339056646,0.6116622651226289,-0.15663285479561587,0.047262284327097934,0.23783237572175353,0.1079639292307063,0.8344663558555379,0.21273993172234007,0.05260980150328898,0.2241852444194471,0.936452889587602,0.6537638952807221,0.2865742201742312,0.8582268238817018,0.8211850393453807,0.4816542961577428,0.32960542148832617,0.9444562561333094,0.13998372242383172,0.3088566147601183,0.6722553581734751,0.08446498080585518,0.007971670928116903,0.4138664547743733
0.24420864138267961,0.4218476628297973,-0.7267445727064307,0.5190913002830083,-0.7058709249850423,0.737362769211146,0.39215207854889084,0.050127941305843915,0.03188083337092218,0.19052805005561926,0.08866660382975078,0.5640796158857773,-0.5008877054936143,0.38481054309275864,-0.19155150075356936,0.08344259569763668,0.7687752884261785,0.12921388609676332,0.04135718490068954,0.18334393912181662,0.13078892253847196,0.9610376579188846,0.1270174552408212,0.47584163718895045,0.5575203428290033,0.2555714187648821,0.7787372013264166,0.7764263449160055,0.46642185464342517,0.18476978714754685,0.08242154939957172,0.3546883078388899
-0.25450530050077136,0.18192208547980648,0.5367877678902705,0.3028365528351853,-0.05084850100694349,0.4227191424082749,0.9779724087064212,0.8572227529512586,-0.6934294084902857,0.6450151583889426,-0.4156256146521049,0.886581530754132,-0.030003823455947848,0.054859782791058055,-0.596243534846469,0.21596248619249092,0.31455530633276474,0.7589694230245555,0.23449217459675661,0.8632008353259281,0.6306629710506707,0.8932776953192982,0.45449971368440667,0.20040247097714786,0.3151906403911271,0.5825154720783431,0.719438844452592,0.8574943241687508,0.05893153076956237,0.6312893934050288,0.6821873280847844,0.5877445225059352
-0.6733011063343728,0.11769688804215006,-0.9533105452723303,0.7057837116268251,0.7182252830440667,0.21966561357625647,-0.5529894107268787,0.012980087094521142,0.28971689369786824,0.30074607789067986,-0.726255391615926,0.6468735585798162,0.19946710350056374,0.4473885514326741,-0.6939734232063557,0.6386706625953511,0.5556893112719441,0.8894333117836182,0.15435887812784138,0.928834220072079,0.86317055762585,0.6898028785376858,0.996002337185831,0.580361488674206,0.344777444184001,0.2903833391686974,0.6076857004451232,0.5194882615908716,0.43643710145596826,0.9926348490441296,0.839482546456112,0.11483144599154826
0.9220002056633061,0.5789008827852703,0.5719398452655489,0.4367882893519457,0.7467845117619376,0.2894603604593222,-0.45977515650736955,0.4080503910032996,-0.30507713283781834,0.33381134851861793,-0.7779378324854542,0.7632906651995577,0.3601510197841137,0.7839675534666243,0.4061438976491505,0.8329682599056405,0.6543809347919007,0.9216035165486779,0.42943842869480586,0.6201641819338564,0.005434695396927758,0.7372306345111214,0.5174948164568857,0.41865758398872066,0.07218084690694665,0.4048145416155259,0.5733685641420224,0.8269371630182812,0.20304696885537044,0.010871248949435364,0.8780886703940671,0.02932546036686376
0.38742833633373924,0.001949951540264172,-0.9714652044968098,0.4399970120810829,-0.5379576059376778,0.8568435093001423,0.7815425186712259,0.8590857032832754,0.03075497712745423,0.11526645945128969,0.6376868845796358,0.07843434935146987,0.11961502367498489,0.23810449571649706,0.1474429356679372,0.7960465538490848,0.021722003800897505,0.7298199770158993,0.7651728227903449,0.9605050313864584,0.0073175499702796964,0.6388902491501522,0.36309302838229085,0.019190019314807905,0.3878987232532167,0.28654691268034305,0.8672863883232997,0.26817719020852215,0.21358539211866595,0.09979156460543223,0.1371634522634974,0.0828379774077379
0.7380922844748976,0.4593282235749695,0.7431174079728284,0.8142309409394398,0.28391089375374556,0.24100112460959655,-0.7053230250308358,0.975725975637857,-0.9790273305373776,0.6604810354899904,0.8266678767724562,0.7105494267455821,-0.9938329892827233,0.6039629907542179,0.005308010282280007,0.36154291774668645,0.9783016513163045,0.9079598759919372,0.2320493563495749,0.07908648784687078,0.7925564162459273,0.17207547173208168,0.5697695536260164,0.20533017571120027,0.8070926077361481,0.9186960348537868,0.6159286250783435,0.9623310819354114,0.08795307493774296,0.6035275436464426,0.10715032956534853,0.8574639527645534
0.8972700149223101,0.3889326924403711,0.4121455739803227,0.04927304658114312,0.20918407253408655,0.3328403995163106,0.47405481095897206,0.8403759761441202,0.5344073846859532,0.12848400707964908,-0.7663181759486266,0.9959587625142293,-0.5177722624640325,0.04362102730460887,-0.3150677464353544,0.4870518582554271,0.4366428071170606,0.8732744630849703,0.006916552645757829,0.5788890666413814,0.2733245390301797,0.6126230886529721,0.6567480674489762,0.776732499849377,0.9373259978016094,0.7270210467871765,0.1678881536167301,0.528629171991442,0.3741745194819197,0.07002466828876552,0.2656860538313741,0.8460323905541502
-0.8357324000272153,0.36471717158639616,-0.8584664487397118,0.1541817595745757,-0.9733271751415455,0.1939139957567035,-0.4152579773813872,0.5662650914292638,-0.4782244283624417,0.6110872813334559,0.9723447588373424,0.06088631315231266,-0.9728791282377256,0.7307890714577309,-0.3745071774520612,0.1100734167010401,0.14021270105729877,0.8678371552746644,0.2903446073545056,0.21331434932357807,0.6957370083291634,0.17452794361553103,0.618493140566346,0.22176351971629438,0.2500316052519911,0.23782521495660336,0.37979942613097306,0.487020630508762,0.3892236398215574,0.24530402517011862,0.4625059709818876,0.7062292492497384
0.25494562998239756,0.5667559211036205,-0.5617620317373169,0.014062732803753045,-0.2825119302690584,0.6425764893943282,0.48680671547771426,0.8420118984726754,-0.9264319299558148,0.5493487669396907,-0.7913862990671952,0.261531625326746,-0.6172821912295363,0.49603552874656853,-0.792556891478881,0.389891296222992,0.18747818945187378,0.6118102664003742,0.004814487122777322,0.605217358222501,0.7800897140583554,0.6021431598201918,0.8455449190079871,0.3190857496068953,0.17803350289248487,0.8371758576766124,0.12375076059007975,0.24941849679726324,0.37509856955444165,0.3297719786035103,0.013877723804130396,0.6927883032653437
-0.4103448213018912,0.9377031067346588,-0.19014372167280902,0.16720130672400368,-0.25913011729491475,0.10194039395871768,0.6933456884788787,0.4375349883356828,0.7531380559087337,0.3361130703947216,-0.8051040480203362,0.5171246086540541,0.049826176687039814,0.19348123593054545,0.8347594127641934,0.754321272753032,0.7955341026740296,0.09384248411603668,0.13962193523849087,0.980714130758315,0.430504657433303,0.19433988651267942,0.04926827888679719,0.8235506279445417,0.2895077466767101,0.6372838815052074,0.7882102446805068,0.7903828426885747,0.1715184465884157,0.6672398664046358,0.9906288059517131,0.8764270109289871
-0.7126917461166219,0.3886901811450714,-0.9055273324771727,0.04927304658114312,0.20918407253408655,0.33276363123682584,0.7542949151609919,0.7855573209457208,0.5344073846859532,0.12848400707964908,0.9428565044443755,0.6416283702761973,-0.5177722624640325,0.04362102730460887,-0.3150677464353544,0.4870518582554271,0.4366428071170606,0.3672577837351515,0.19262763033871177,0.5788890666413814,0.2733245390301797,0.5986366002721805,0.6567480674489762,0.5848382446890699,0.9373259978016094,0.7378366999623205,0.1678881536167301,0.252890329377846,0.4241226102891098,0.07002466828876552,0.9309664258837669,0.5715251983389896
-0.8313506568080717,0.05443928881227578,-0.5877044342067893,0.6652449313093947,-0.10693242106133449,0.5280075247962334,0.6845413291704137,0.3340822959785561,-0.7763096317117525,0.6232416992516825,-0.4364562891268514,0.2727606109888887,-0.4112375271632671,0.39784930991818823,0.09876500513854669,0.7654330643373082,0.4878354233952663,0.7638501756801264,0.6425535658745933,0.7701846646934933,0.44275999221780205,0.7652734073977171,0.9004108864511184,0.40279536921720077,0.029696859347128512,0.16220404217248044,0.8948283172421736,0.637586185265365,0.014956749132242542,0.6844015670121286,0.6940936330103847,0.600927297490554
-0.9736774728408752,0.17307611771345122,0.5941881683037709,0.4376427791156946,0.8939629708987653,0.2310471439292937,0.6730018018168897,0.9576286586480655,-0.23605086572698863,0.6291347777928313,-0.32256407941459697,0.7529014373223161,-0.4628175773763685,0.4941498211232199,-0.5198583954083924,0.4447285757634517,0.7996046804035281,0.8729544122182656,0.23160287383574665,0.857934799675843,0.6415838171184896,0.67535246882788,0.7083542873449301,0.684911047196895,0.984101652761698,0.5828155273707766,0.10562106768792079,0.5271709634025213,0.3399818031406485,0.6663536513512827,0.034055089333786426,0.592553872637677
0.7647992322455281,0.5667559211036205,-0.5617620317373169,0.2177255591019598,0.42335873148735653,0.8819975185706763,0.7967705160434754,0.8643334837689185,0.06165505311109054,0.5493487669396907,0.8959880817222865,0.261531625326746,-0.6412118030867938,0.47901331956435056,-0.7684714505854404,0.5572755793096228,0.18747818945187378,0.8945049095699984,0.007378171162501002,0.605217358222501,0.7800897140583554,0.6347241379441279,0.7581059458076446,0.361607819281206,0.38705529964936,0.2979398916524613,0.27201095792698127,0.24826370828381755,0.37509856955444165,0.32605412191538985,0.25992741186797996,0.6927883032653437
0.25494562998239756,0.5667559211036205,-0.5617620317373169,0.014062732803753045,-0.09426148935039523,0.6425764893943282,0.48680671547771426,0.8420118984726754,-0.9264319299558148,0.5565303085090908,-0.7913862990671952,0.27246416418484926,-0.4003430958042995,0.49603552874656853,-0.792556891478881,0.389891296222992,0.18545050510297206,0.6118102664003742,0.0009323869624097703,0.7614617305104192,0.7800897140583554,0.5966368310287335,0.8455449190079871,0.3190857496068953,0.17803350289248487,0.8371758576766124,0.12375076059007975,0.24941849679726324,0.37509856955444165,0.33117507189722545,0.013877723804130396,0.6927883032653437
0.1881146375665117,0.47769347251576844,0.7754845794781098,0.4773546494533427,-0.9556186146317456,0.7076244179992202,-0.26469165084067625,0.0359649545881483,0.5525908675990014,0.6193573397898905,0.17092238153769196,0.18493278956473225,0.49358644879992786,0.1079639292307063,0.7970511437146316,0.21739005210055629,0.8306306193834734,0.18066907715326927,0.5479183770102927,0.49525094128041314,0.2865742201742312,0.8582268238817018,0.42696040117067724,0.4816542961577428,0.19620614689662544,0.9444562561333094,0.13998372242383172,0.3088566147601183,0.6722553581734751,0.6946964090617522,0.007971670928116903,0.4138664547743733
-0.3722498700714436,0.8965804265920736,0.7647438874839052,0.858545240387331,0.8402585713457247,0.005181542689915997,0.7056531819221953,0.8429058569854397,-0.32513511311444354,0.16799218854128084,-0.6454852244507284,0.8636492317221283,-0.16165106977425503,0.050240212912865956,-0.696419011634636,0.3027927369577921,0.6668165846496916,0.7836524194790707,0.10906033976471585,0.0742045732498342,0.4669821115738056,0.4533875182653989,0.13798888158694647,0.915833060872933,0.013862339179294136,0.6555004955549377,0.38228933080770766,0.5554245346625657,0.20757898010621856,0.8198914486074665,0.051476823724740814,0.4611146971175677
-0.37230733110005937,0.8882981244556337,0.7647438874839052,0.22943457522852528,0.8370765754347882,0.005181542689915997,0.7296123611871568,0.8429058569854397,-0.32513511311444354,0.16799218854128084,-0.6454852244507284,0.8636492317221283,-0.1571690435951317,0.050240212912865956,-0.696419011634636,0.30141302550828664,0.6668165846496916,0.7836524194790707,0.102323311029482,0.0742045732498342,0.6177795055053643,0.4533875182653989,0.5078791321953781,0.915833060872933,0.013862339179294136,0.6555004955549377,0.3633526267135674,0.5554245346625657,0.20757898010621856,0.8198914486074665,0.0509577153787521,0.482214494207585
0.1881146375665117,0.08567430760818504,-0.9699196953863016,0.4844741646979427,-0.8448915120194478,0.713155005044322,-0.2624370936382104,0.8051583479946153,0.5467729339056646,0.6116622651226289,-0.23551444881634956,0.047262284327097934,0.23783237572175353,0.1079639292307063,0.7689022595544881,0.21273993172234007,0.05260980150328898,0.2241852444194471,0.936452889587602,0.6537638952807221,0.2865742201742312,0.854834831074668,0.8211850393453807,0.4784822206766536,0.32960542148832617,0.9444562561333094,0.13998372242383172,0.3088566147601183,0.23645517096750035,0.08446498080585518,0.007971670928116903,0.4138664547743733
-0.2514451435092506,0.8624058331462546,-0.5869175640138442,0.11071228571320711,-0.06514919141248882,0.8940780617743902,0.9058357743174327,0.1371871735628093,-0.9729878126213569,0.2934796663282845,0.241979851374302,0.39214992418921657,-0.5577588200470078,0.6689336684891233,-0.3752769888371469,0.7127638937734067,0.17961048591675233,0.027623386873794398,0.9151267922029218,0.2315742759206557,0.8232817137296637,0.6923433150366152,0.15077963574470465,0.030496372915108094,0.1115053578262358,0.08311392940737783,0.8203583979738988,0.4210732683223715,0.22311765239238862,0.07575095592039979,0.41107552018274734,0.47142439733063546
0.6537542558461052,0.6362404051350539,0.7431174079728284,0.8137046850398778,0.28391089375374556,0.24100112460959655,-0.00242479066811363,0.975725975637857,-0.9790273305373776,0.6604810354899904,-0.40128066192135337,0.7105494267455821,-0.9889603290083671,0.6205725881464244,0.005308010282280007,0.36154291774668645,0.9691025729501793,0.9736029140360032,0.2320493563495749,0.07908648784687078,0.7925564162459273,0.47001188483542244,0.5697695536260164,0.20533017571120027,0.9732765145921815,0.9203643197601667,0.662057311071046,0.9623310819354114,0.08511445814973059,0.6035275436464426,0.10715032956534853,0.8574639527645534
0.25494562998239756,0.9842079165178388,0.7840903898035698,0.014062732803753045,-0.28083187868563747,0.7111950556104326,0.48680671547771426,0.8419515076507521,0.8101348275076713,0.6191796551955113,-0.7913862990671952,0.5220705096249327,0.23538182571430644,0.47901331956435056,-0.8133112665062785,0.7724512938012131,0.18747818945187378,0.6118102664003742,0.004814487122777322,0.623571380217094,0.7800897140583554,0.6021431598201918,0.8455449190079871,0.7771665804979476,0.17803350289248487,0.8562007370646021,0.24755104768741015,0.792366377191191,0.37509856955444165,0.8120362286518287,0.2443967965486296,0.6927883032653437
0.8144851424244649,0.3804214254396607,-0.9690329724288983,0.4399970120810829,0.7957320359049218,0.7334437525323234,0.7815425186712259,0.02078082596986419,0.03075497712745423,0.19236991027189138,0.9708581626132141,0.9982586336903985,0.3830083518443135,0.2387069830610561,-0.6341330879877365,0.7960465538490848,0.030507119866870824,0.8875775892096229,0.742334592949248,0.17515007678439587,0.003339853548187638,0.6388902491501522,0.36309302838229085,0.005982842547392453,0.38446365397694865,0.28654691268034305,0.8672863883232997,0.26817719020852215,0.2490122010828587,0.10511946764145289,0.08213385277245566,0.5872598727214157
-0.3722498700714436,0.8715684111920462,0.7647438874839052,0.8500182332267072,0.8402585713457247,0.005181542689915997,0.73336579655166,0.8429058569854397,-0.32513511311444354,0.16799218854128084,0.5711132560062953,0.3888082584473956,-0.15898284338734414,0.050240212912865956,-0.696419011634636,0.30141302550828664,0.6613685311330928,0.7836524194790707,0.102323311029482,0.0742045732498342,0.6316173343554654,0.4533875182653989,0.5078791321953781,0.9188280201475463,0.013937401009889524,0.22391707313861994,0.38128841548157644,0.5462476209241494,0.20757898010621856,0.8198914486074665,0.4027114279208521,0.482214494207585
-0.9762051611877702,0.17307611771345122,0.5941881683037709,0.4376427791156946,0.8939629708987653,0.2310471439292937,0.6730018018168897,0.9576286586480655,0.37949852503355086,0.6291347777928313,-0.32256407941459697,0.7529014373223161,-0.4628175773763685,0.4941498211232199,-0.32582166336751206,0.4451433820632785,0.7996046804035281,0.8729295067781995,0.17988204121674126,0.857934799675843,0.6415838171184896,0.67535246882788,0.7083542873449301,0.8505400537491754,0.984101652761698,0.5828155273707766,0.10562106768792079,0.5271709634025213,0.340442999271959,0.6663536513512827,0.045713737482156847,0.592553872637677
0.7647992322455281,0.8648490111126534,-0.5617620317373169,0.2177255591019598,0.5427055840417117,0.8819975185706763,0.7967705160434754,0.8643218736085527,0.0667005340868996,0.8258277113797144,0.8959880817222865,0.261531625326746,-0.6412118030867938,0.94651348178811,-0.7684714505854404,0.5572755793096228,0.28612484620410955,0.8945049095699984,0.007378171162501002,0.697286480235831,0.7800897140583554,0.6349898666273696,0.7581059458076446,0.361607819281206,0.38705529964936,0.2979398916524613,0.27201095792698127,0.24826370828381755,0.37509856955444165,0.32605412191538985,0.25992741186797996,0.6927883032653437
-0.9736774728408752,0.17307611771345122,0.5941881683037709,0.4376427791156946,0.8939629708987653,0.2310471439292937,0.6730018018168897,0.9576286586480655,-0.23605086572698863,0.6291347777928313,-0.41330321690172567,0.7529014373223161,-0.4628175773763685,0.05025318520241048,-0.5198583954083924,0.21146739034424605,0.30034559006960676,0.8692338728539539,0.23160287383574665,0.857934799675843,0.6415838171184896,0.67535246882788,0.43304806670257,0.684911047196895,0.350454154252527,0.5825114270340476,0.10562106768792079,0.5228899012150574,0.3399818031406485,0.6663536513512827,0.019989297105364262,0.592553872637677
0.2596601824806876,0.9377031067346588,-0.19014372167280902,0.16720130672400368,0.2771515960273526,0.10194039395871768,0.6933456884788787,0.903755936334668,0.8367149839061025,0.3361130703947216,-0.7527574169611947,0.5171246086540541,0.049826176687039814,0.19348123593054545,0.8347594127641934,0.75888390403688,0.7955341026740296,0.09384248411603668,0.13836908229545336,0.980714130758315,0.430504657433303,0.19433988651267942,0.674115813123922,0.8235506279445417,0.3189319249456486,0.6372838815052074,0.7882102446805068,0.7903828426885747,0.1570326504182301,0.6672398664046358,0.9906288059517131,0.8764270109289871
-0.8011507973191327,0.9673180378037034,0.8913265884698052,0.7785816061937868,-0.05782170814052723,0.8815080659576772,-0.41372456648248956,0.40845980440997776,0.5225140835487047,0.022767402088003763,-0.2918405245323725,0.4670035719156241,0.3632230404345167,0.10727401876053677,0.8538778925750331,0.5401873412658583,0.6542279211860418,0.9913036786458207,0.6934512949624192,0.6655549065802796,0.3307897440891048,0.7261190526563379,0.9750021480402552,0.3760133849520356,0.37629916103031147,0.9460091508393615,0.07345255008130708,0.8985998215146773,0.20219063241767868,0.5787846548016147,0.8782345827516844,0.4703996328307652
0.8741834987307253,0.2580501025197419,-0.988000256501894,0.45513711471224927,0.20929185657123411,0.3328403995163106,0.7542949151609919,0.8557453997759787,-0.1987416385196022,0.06053734793727217,-0.5067814279778826,0.27391712541793495,0.2356079876405962,0.04534802914130798,-0.6073062931828742,0.48663705195560025,0.4366428071170606,0.9009150966116147,0.9336881054897237,0.6480716723318113,0.31997455515613876,0.8625147869838782,0.3697214431637309,0.6806618279883172,0.9373259978016094,0.7378366999623205,0.16844430272078126,0.2676216798115906,0.42366141415779934,0.06991554685557752,0.920481132366961,0.06743662102257625
0.02298279177594864,0.48292977151641003,-0.4636716300585491,0.10912676537495569,-0.07562977014570804,0.2830255703209261,0.3270837930614323,0.9798869417358864,-0.7309187066001819,0.8949214150950017,0.8620851222277106,0.4608310322592328,-0.9899785312299179,0.3443632266249226,-0.4773150767882518,0.7233661603815366,0.977013970002464,0.9615991660451418,0.21756484141209753,0.22930782611760597,0.41721765732788385,0.23205840786633103,0.6526960845303619,0.618506084774773,0.011063952180361158,0.2678451730214627,0.4408581123454539,0.4582292340268804,0.7423928407615006,0.3075480540521603,0.08801454567757974,0.38305815034942675
0.25556699308302977,0.3636185656743057,0.7685267043491174,0.04927304658114312,0.166310593544286,0.3328403995163106,0.3823582005168058,0.9170958902124845,0.5738323064445361,0.1302565780387363,0.8199849576254661,0.9961200666188806,0.3779977917322559,0.04299055773191359,-0.533243705828591,0.4870518582554271,0.4203531624146105,0.8732744630849703,0.195822726890346,0.5766289824493133,0.15330066015838956,0.6021096994972214,0.654959397503453,0.4737506576246703,0.5816108594021546,0.753771798933429,0.1678881536167301,0.2569345000756651,0.4241226102891098,0.07002466828876552,0.0411467136175902,0.39866188992015034
0.9760089074192257,0.3889326924403711,-0.9055273324771727,0.04927304658114312,-0.6611521664425408,0.2216950350473065,0.7451055129442934,0.8666943586644656,0.27364690345940756,0.12848400707964908,0.1580059092797056,0.9959587625142293,-0.5177722624640325,0.04362102730460887,-0.31848999722952903,0.4870518582554271,0.43254480519379934,0.8732744630849703,0.19262763033871177,0.5788890666413814,0.2733245390301797,0.5991881867752448,0.6709586904169773,0.8353526345666302,0.4021575300276361,0.7378366999623205,0.17038643631692996,0.252890329377846,0.4259783974701888,0.07002466828876552,0.10218563555980725,0.5715251983389896
0.8305553353219877,0.25939676622819197,-0.9051609523694706,0.006832571576955604,0.2083536941761252,0.3328403995163106,0.7542949151609919,0.8560503996804308,-0.19122029956293868,0.06053734793727217,-0.5051953021329434,0.025037938787229375,-0.5423592529175727,0.04534802914130798,-0.6073062931828742,0.48663705195560025,0.3787626818222494,0.8741014237152065,0.19262763033871177,0.5712422906679446,0.244447047537384,0.5986366002721805,0.3697214431637309,0.6806618279883172,0.35823202681949146,0.7378366999623205,0.1592165183561598,0.26797077197827046,0.42366141415779934,0.07002466828876552,0.920481132366961,0.06743662102257625
0.25556699308302977,0.1339273843020146,0.7432211847377688,0.04927304658114312,0.166310593544286,0.3328403995163106,0.3823582005168058,0.9170958902124845,0.5344073846859532,0.1302565780387363,0.8199849576254661,0.9970310459024792,0.39446622487738536,0.04299055773191359,-0.533243705828591,0.48047260219802435,0.4203531624146105,0.3837836660642891,0.195822726890346,0.5766289824493133,0.07874380117770557,0.6021096994972214,0.6882506578366648,0.4737506576246703,0.9516684432689814,0.7378366999623205,0.1678881536167301,0.252231974420145,0.4241226102891098,0.07002466828876552,0.8786750144778512,0.3028858630765684
0.6537542558461052,0.6362404051350539,0.7431174079728284,0.8137046850398778,-0.29205500442354554,0.23777841354961457,-0.43452846402264983,0.975725975637857,-0.9790273305373776,0.6604810354899904,-0.40128066192135337,0.06868548300667632,-0.9889603290083671,0.6205725881464244,0.005308010282280007,0.36154291774668645,0.9706367813753157,0.9736029140360032,0.2320493563495749,0.07908648784687078,0.7925564162459273,0.47001188483542244,0.5348812210858727,0.20533017571120027,0.9672576606752548,0.167264134359072,0.662057311071046,0.5546783227408352,0.08511445814973059,0.057617059858717345,0.10843564005055656,0.5194389208572759
-0.9915007667530074,0.7416973400516941,0.8822051460991125,0.5369287018783497,0.5228819572549059,0.47038461059720255,0.522302204881949,0.9684362580149342,0.927319201210884,0.7895369914396756,0.6130356602476711,0.8997453320964401,-0.4644030599594444,0.7121587456409915,-0.6247949649709587,0.5494464725602285,0.016341605703940068,0.8412737090562354,0.175358336359291,0.573547520635505,0.6346326665621761,0.07447904806702854,0.3851581770187385,0.7195887314220609,0.514166854964403,0.2689292891585854,0.12176395688437974,0.8040057739404921,0.26059838012668635,0.010042650744978204,0.07985300401930856,0.5567372652890992
0.1881146375665117,0.47769347251576844,0.7754845794781098,0.4844741646979427,-0.8448915120194478,0.7666687839895505,-0.2893142823074068,0.7947198562970643,0.547670615033107,0.6116622651226289,0.17092238153769196,0.2579243370297061,0.23783237572175353,0.23711259520399683,0.8344663558555379,0.21273993172234007,0.08119593229915995,0.22154317409777483,0.8335667522641682,0.3768024671453417,0.2865742201742312,0.9011567556691762,0.9164121262223232,0.8457989139608553,0.3273016157932553,0.9444562561333094,0.7804151567741358,0.3088566147601183,0.6722553581734751,0.28740611680496886,0.197556700371476,0.9392935410525662
0.3358999768272011,0.09916733946306111,0.3889780706498421,0.4807090370203529,-0.2770390658974551,0.159808107081454,-0.44787625530951725,0.42943512885356744,0.47272726689031674,0.7028969715437432,-0.1042344838159579,0.06227491443827715,-0.4360903368867424,0.10538787517283889,-0.47389478754114955,0.3239686599686685,0.13189178067797142,0.7409602197994365,0.49636185882518935,0.22572910322151096,0.16712690164907906,0.7289311389831987,0.06922645652391235,0.5353732947265871,0.2499412191531344,0.17529819777535682,0.1467820096786448,0.5534032333353565,0.18744745110898337,0.07801076953863095,0.007538821583177396,0.5388037440538117
-0.0653716288120969,0.13818039445642338,-0.9542442333164929,0.31840547657901475,-0.9942995362662026,0.7096835334801945,-0.8665194567638832,0.2970262421245685,-0.1579550901043183,0.3078076972283533,-0.5991876853860374,0.7849739900599794,0.1540940128649746,0.10805337506456468,0.9628496563996434,0.18076389865189468,0.7383512088532447,0.4171659618574124,0.45801341841770815,0.9562834152057548,0.07732847301889367,0.29845068338210634,0.18865267707558508,0.4622748659820025,0.020022915551979548,0.7915763196624624,0.28203313008010167,0.17085973540286892,0.08019334469024553,0.0971464633216243,0.08349621358270942,0.3146442979796935
0.25494562998239756,0.9842079165178388,-0.20390539292013693,0.002713388579007728,-0.28018607019948905,0.6425764893943282,0.48680671547771426,0.8419515076507521,0.8101348275076713,0.5493487669396907,-0.7256403471980015,0.6466089334811085,0.18224782776309667,0.47901331956435056,-0.6926718960054641,0.7724512938012131,0.18747818945187378,0.595398751316846,0.004814487122777322,0.6212749792930732,0.7800897140583554,0.7021071741900415,0.9929977243956745,0.7771665804979476,0.17803350289248487,0.8371758576766124,0.24755104768741015,0.792366377191191,0.3753697188391468,0.8096190623838537,0.2443967965486296,0.6927883032653437
-0.8313506568080717,0.060706248220081194,-0.5682008029008612,0.6430801697143717,-0.1060873134743502,0.5280075247962334,0.6845413291704137,0.8589750475097188,-0.3296596903440251,0.8845407675434166,-0.4403417670644387,0.2727606109888887,-0.9872723370179977,0.39784930991818823,0.09876500513854669,0.7654330643373082,0.4847977253638334,0.7790940262396919,0.6425535658745933,0.8158052159980654,0.44275999221780205,0.7652734073977171,0.9004108864511184,0.4071676657212028,0.5490419442185832,0.16218477195990488,0.8948283172421736,0.637586185265365,0.00423556234572442,0.7001523356217537,0.6940936330103847,0.600927297490554
0.9717224844233739,0.7355609176417298,0.7931191656935953,0.7519503005918856,0.25024738281145487,0.4851320564073396,0.5187662888722968,0.9684362580149342,0.927319201210884,0.8926949123303998,0.5918389301323609,0.8997453320964401,0.20969555399555567,0.7121587456409915,0.6093309697226086,0.5534766831064571,0.9730233618446424,0.8412737090562354,0.175358336359291,0.573547520635505,0.6346326665621761,0.07447904806702854,0.3851581770187385,0.7473402205154553,0.514166854964403,0.2656969619040225,0.5741003713164358,0.8040057739404921,0.27483275954115827,0.010042650744978204,0.4126510843498343,0.5567372652890992
-0.2514451435092506,0.8624058331462546,-0.5869175640138442,0.44304575681056957,-0.06514919141248882,0.8940780617743902,0.9058357743174327,0.40110699911474024,-0.9224029863673955,0.2934796663282845,0.241979851374302,0.39214992418921657,-0.5577588200470078,0.6689336684891233,-0.41206459345388363,0.7127638937734067,0.17961048591675233,0.027623386873794398,0.9151267922029218,0.2315742759206557,0.8232817137296637,0.7272288285017199,0.15077963574470465,0.02239032906778754,0.1115053578262358,0.08311392940737783,0.8203583979738988,0.4210732683223715,0.22311765239238862,0.07805914536986082,0.41107552018274734,0.4700840093511862
0.9220002056633061,0.5789008827852703,0.6082832323153935,0.4367882893519457,-0.8584592761365779,0.06201658814088773,-0.45977515650736955,0.4080503910032996,-0.30507713283781834,0.33381134851861793,-0.7779378324854542,0.7632906651995577,0.36137780761538596,0.7839675534666243,0.4060273801404046,0.7422358677279123,0.6543809347919007,0.26819957144314716,0.42943842869480586,0.26393752118906477,0.005434695396927758,0.7372306345111214,0.370167970076708,0.41865758398872066,0.07218084690694665,0.4048145416155259,0.5680899969619986,0.30622085972914825,0.20304696885537044,0.010871248949435364,0.8689805626263252,0.02932546036686376
0.6537542558461052,0.6362404051350539,0.7431174079728284,0.8137046850398778,0.4202772366975198,0.24100112460959655,-0.012841059465728277,0.975725975637857,-0.9394734523468891,0.6604810354899904,-0.40128066192135337,0.7105494267455821,-0.97180126841375,0.6205725881464244,0.005308010282280007,0.36154291774668645,0.9691025729501793,0.9736029140360032,0.2320493563495749,0.07908648784687078,0.7925564162459273,0.47072185939322136,0.5697695536260164,0.20533017571120027,0.9732765145921815,0.9203643197601667,0.662057311071046,0.9623310819354114,0.08511445814973059,0.6035275436464426,0.10687943663688484,0.8574639527645534
0.5107174563319004,0.17307611771345122,0.5941881683037709,0.4376427791156946,0.8939629708987653,0.2310471439292937,0.6730018018168897,0.9576286586480655,-0.07740352219299228,0.6291347777928313,-0.41330321690172567,0.7529014373223161,-0.4628175773763685,0.05025318520241048,-0.5198583954083924,0.16230469468087827,0.30034559006960676,0.8692338728539539,0.6611246494999758,0.857934799675843,0.6415838171184896,0.67535246882788,0.43304806670257,0.684911047196895,0.3701647111505706,0.5825114270340476,0.10065232339997537,0.5228899012150574,0.3399818031406485,0.6709850174941446,0.019989297105364262,0.5956633279755674
-0.8393220516496606,0.05443928881227578,-0.5877044342067893,0.4249425477964255,-0.10693242106133449,0.5280075247962334,0.6728307108860406,0.3340822959785561,-0.7763096317117525,0.6232416992516825,-0.4364562891268514,0.2727606109888887,-0.46445135849706637,0.39784930991818823,-0.31590708678922486,0.7654330643373082,0.4878354233952663,0.7638501756801264,0.13156565294369743,0.7701846646934933,0.44275999221780205,0.7652527657192311,0.9004108864511184,0.40279536921720077,0.029696859347128512,0.16220404217248044,0.8948283172421736,0.6366263360141909,0.0017189972659160668,0.6844015670121286,0.04684660724911455,0.5922951451981014
-0.25450530050077136,0.19232778168342501,0.6041726399620713,0.3210876185605204,-0.04752837121735054,0.29554117651347384,0.9779724087064212,0.8572227529512586,-0.731647988431018,0.6504790340303532,-0.4156256146521049,0.8898690353457488,-0.030003823455947848,0.054229313218362774,-0.37452387524376407,0.21596248619249092,0.31455530633276474,0.7589694230245555,0.23845719241039356,0.8368204127966308,0.6306629710506707,0.8967517964288617,0.45449971368440667,0.20040247097714786,0.005267072215353497,0.2685748163392054,0.7069665498533428,0.8643621923007135,0.13349831977681942,0.29768157118074867,0.8605257646089965,0.38033025240327467
0.9220002056633061,0.5789008827852703,0.5719398452655489,0.4367882893519457,0.7467845117619376,0.2894603604593222,-0.7061400219647205,0.7325784336305783,-0.30507713283781834,0.32302099948374907,-0.28552545464759066,0.8148062546283208,0.571933836632617,0.7839675534666243,0.39418163417829166,0.8329682599056405,0.7596695132213653,0.9281484680644284,0.07788803395739685,0.6201641819338564,0.03195611932354758,0.7409093377978605,0.9746686423999942,0.4329555590324049,0.12662192177652593,0.4048145416155259,0.5733685641420224,0.8269371630182812,0.5257296590337056,0.595826622375681,0.8437237949259139,0.03250215096067077
0.7647992322455281,0.9650437890357605,0.8444053756145854,0.18585996971104524,0.5427055840417117,0.8819975185706763,0.7967705160434754,0.8643218736085527,0.0667005340868996,0.8258277113797144,0.8959880817222865,0.261531625326746,-0.6412118030867938,0.94651348178811,-0.8940597978576563,0.5572755793096228,0.2923891056416035,0.9913247673895139,0.6977048549594067,0.697286480235831,0.7800897140583554,0.6349898666273696,0.9737947693313198,0.36301851325586915,0.38705529964936,0.28825483276132785,0.27201095792698127,0.24826370828381755,0.37509856955444165,0.339122353719166,0.8863702379567924,0.6927883032653437
0.9710369063437492,0.1594906664161873,0.5938822718180121,0.5369287018783497,0.2252257875165753,0.4851320564073396,0.5187662888722968,0.968492592956222,0.889252457809964,0.7895369914396756,0.9800509337451556,0.7540710468382527,0.25850171057919097,0.7250057638906002,0.6093309697226086,0.23106302624039482,0.012222007019756453,0.8412737090562354,0.175358336359291,0.573547520635505,0.6346326665621761,0.06815073725852683,0.3851581770187385,0.7199471502215578,0.5169843730928149,0.2867353478033802,0.5741003713164358,0.5319077641559535,0.27483275954115827,0.0502984242537757,0.0316380824733071,0.5567372652890992
0.23005650722380205,0.8796569994647027,0.7647438874839052,0.8666909363926161,0.8402585713457247,0.005181542689915997,0.7296123611871568,0.841913588756475,0.03418114924733165,0.5467243485347475,-0.6454852244507284,0.8636492317221283,-0.16165106977425503,0.34756059100123704,-0.7651549530044773,0.30141302550828664,0.7799104460500506,0.7836524194790707,0.102323311029482,0.0742045732498342,0.4669821115738056,0.907899033740045,0.5078791321953781,0.8367483178791886,0.5628329065962528,0.6555004955549377,0.16494464303011194,0.7755531755416895,0.20757898010621856,0.04480408811786246,0.008700440710902702,0.480973818749899
0.25556699308302977,0.3636185656743057,0.7685267043491174,0.04927304658114312,0.166310593544286,0.3328403995163106,0.3823582005168058,0.9170958902124845,0.5344073846859532,0.1302565780387363,0.8199849576254661,0.9959587625142293,0.407378848618915,0.04299055773191359,-0.5477824715550069,0.4870518582554271,0.19920610042224562,0.6064058522843336,0.195822726890346,0.5766289824493133,0.15330066015838956,0.6021096994972214,0.7071845885061335,0.4737506576246703,0.8430371458840791,0.7378366999623205,0.1678881536167301,0.2569345000756651,0.4241226102891098,0.07002466828876552,0.021844130451035004,0.5536588280301529
-0.17519582568875308,0.47769347251576844,-0.6451697628448169,0.4844741646979427,-0.8448915120194478,0.7076244179992202,-0.2893142823074068,0.7947802471189878,0.547670615033107,0.6116622651226289,0.17092238153769196,0.2579243370297061,0.23783237572175353,0.1079639292307063,0.8344663558555379,0.21273993172234007,0.02007185044733867,0.2241852444194471,0.9039563668357087,0.373486797403441,0.2865742201742312,0.9011567556691762,0.9164121262223232,0.4816542961577428,0.3273016157932553,0.9444562561333094,0.13998372242383172,0.3088566147601183,0.6722553581734751,0.07662612923437884,0.007339831295673456,0.9392935410525662
-0.6733011063343728,0.11769688804215006,-0.9533105452723303,0.7057837116268251,0.7182252830440667,0.21966561357625647,-0.5529894107268787,0.012980087094521142,0.28971689369786824,0.30074607789067986,-0.726255391615926,0.6468735585798162,0.19946710350056374,0.4473885514326741,-0.6939734232063557,0.549887972224174,0.5556893112719441,0.8894333117836182,0.15435887812784138,0.928834220072079,0.86317055762585,0.6898028785376858,0.996002337185831,0.580361488674206,0.344777444184001,0.2903833391686974,0.6130291597363213,0.5194882615908716,0.2698394272165024,0.9926348490441296,0.8604554442136438,0.11483144599154826
0.3382535103540818,0.7355609176417298,0.7931191656935953,0.5369287018783497,0.33521034103077574,0.4851320564073396,0.2528015853244526,0.9684362580149342,0.927319201210884,0.7895369914396756,0.5849242466268817,0.8997453320964401,0.3625803003125428,0.7121587456409915,0.596332262809365,0.5478087839319514,0.030477305843442277,0.8412737090562354,0.7396653961410522,0.573547520635505,0.6346326665621761,0.07447904806702854,0.3851581770187385,0.7397638366562717,0.22617245541577882,0.2656969619040225,0.1391552960269632,0.8040803593760937,0.27483275954115827,0.010042650744978204,0.4126510843498343,0.5567372652890992
-0.2514451435092506,0.46045252064492304,-0.5869175640138442,0.44304575681056957,-0.06514919141248882,0.8940780617743902,0.9058357743174327,0.40110699911474024,-0.9224029863673955,0.2934796663282845,0.241979851374302,0.25530384281466123,-0.5577588200470078,0.6713510224941773,-0.41206459345388363,0.7127638937734067,0.18049305301661864,0.027623386873794398,0.9151267922029218,0.2315742759206557,0.2851265175350872,0.7272288285017199,0.15077963574470465,0.02239032906778754,0.1115053578262358,0.08311392940737783,0.8203583979738988,0.4210732683223715,0.22311765239238862,0.07805914536986082,0.41107552018274734,0.4700840093511862
0.2352119963965211,0.6362404051350539,0.7431174079728284,0.8137046850398778,0.2846432799817469,0.24100112460959655,-0.00242479066811363,0.9731872319054188,-0.9790273305373776,0.6802271142203926,-0.40128066192135337,0.7105494267455821,-0.9889603290083671,0.6205725881464244,-0.008788543570306673,0.36154291774668645,0.9691025729501793,0.8728540031236846,0.2320493563495749,0.07908648784687078,0.14162219361870843,0.47001188483542244,0.5697695536260164,0.20533017571120027,0.8998073709172358,0.9203643197601667,0.662057311071046,0.9623310819354114,0.08511445814973059,0.6035275436464426,0.10715032956534853,0.5563099845385828
-0.9736774728408752,0.17307611771345122,0.5941881683037709,0.4376427791156946,0.8659473062776137,0.2310471439292937,0.6730018018168897,0.9576286586480655,-0.23605086572698863,0.6291347777928313,-0.41330321690172567,0.795742906352825,-0.4770382903639785,0.05025318520241048,-0.5198583954083924,0.21146739034424605,0.30034559006960676,0.8692338728539539,0.23160287383574665,0.07457635376983501,0.6415838171184896,0.6231489386437284,0.43304806670257,0.684911047196895,0.350454154252527,0.17254175617126297,0.10562106768792079,0.5228899012150574,0.09765904962443855,0.05900442213211965,0.019989297105364262,0.5161755510610921
-0.2514451435092506,0.8624058331462546,-0.5899482162987895,0.11071228571320711,-0.06514919141248882,0.8940780617743902,0.9058357743174327,0.1371871735628093,-0.728749107887467,0.2802980980630066,0.8433471245261841,0.39214992418921657,-0.5577588200470078,0.6689336684891233,-0.3752769888371469,0.723554538548192,0.9633567347875363,0.027623386873794398,0.9151267922029218,0.2315742759206557,0.8232817137296637,0.6923433150366152,0.6839292919531199,0.0669599940694155,0.1115053578262358,0.07571093511210829,0.6175323367363026,0.4210732683223715,0.22311765239238862,0.07575095592039979,0.41107552018274734,0.47142439733063546
0.17771356022254328,0.47769347251576844,-0.538968086040972,0.4844741646979427,0.22939319869314492,0.10984921491603539,-0.26469165084067625,0.8092492231478108,0.4376784808406828,0.6116622651226289,0.17092238153769196,0.2579243370297061,0.23783237572175353,0.1079639292307063,0.8497777155394957,0.21013488929349247,0.15017539007029854,0.2241852444194471,0.936452889587602,0.650068395633162,0.3207701237794023,0.8514200906608522,0.141591535750496,0.4816542961577428,0.32888072287526016,0.9444562561333094,0.15750606026522906,0.3088566147601183,0.6722553581734751,0.08446498080585518,0.007971670928116903,0.47431642987354344
-0.7126917461166219,0.8322382553925388,-0.8633484316154558,0.04927304658114312,0.20918407253408655,0.42550586441719906,0.7542949151609919,0.7855573209457208,0.5344073846859532,0.12848400707964908,0.9428565044443755,0.6416283702761973,0.20394832881993,0.5086286730046268,-0.3150677464353544,0.5483799400906999,0.4366428071170606,0.3672577837351515,0.19262763033871177,0.5788890666413814,0.6562096889893256,0.5986366002721805,0.6413845778622529,0.7191279182725558,0.9373259978016094,0.7378366999623205,0.1678881536167301,0.252890329377846,0.4241226102891098,0.07002466828876552,0.9309664258837669,0.5715251983389896
0.9897019576327764,0.3889326924403711,-0.9055273324771727,0.04927304658114312,-0.09819661854422021,0.2216950350473065,0.746480854254254,0.8666943586644656,-0.31390871924034847,0.16891894710178063,0.14809637140092374,0.9959587625142293,-0.5177722624640325,0.04362102730460887,-0.31848999722952903,0.4870518582554271,0.43254480519379934,0.8732744630849703,0.19262763033871177,0.5788890666413814,0.2733245390301797,0.5991881867752448,0.6634541519604198,0.7922051282803834,0.3343472111812147,0.7378366999623205,0.1678881536167301,0.252890329377846,0.4259783974701888,0.07002466828876552,0.10218563555980725,0.5715251983389896
0.34868707794387166,0.8616562451845646,0.8013099013223388,0.3980258154615678,-0.39505739580347976,0.48120696162378523,0.5547797269265214,0.404292723996851,0.2652278662052539,0.9887701722039542,-0.01613246054201145,0.9714665786916846,0.20572713823270053,0.9616452157323372,0.8799736354745326,0.5493586778750075,0.020398743655399842,0.9586320229142598,0.6990311129469771,0.8415777638793983,0.9596118169108999,0.7288893625601496,0.1320446749014672,0.1566717138790566,0.24894692913823388,0.7148753806040266,0.014965445316048848,0.8033360513705186,0.9430116832097065,0.9874068662322465,0.9212246041517798,0.557579950577641
0.7647992322455281,0.9650437890357605,0.8444053756145854,0.18585996971104524,0.5427055840417117,0.8819975185706763,0.7967705160434754,0.8643218736085527,0.5852955475306478,0.8258277113797144,0.8950778149385437,0.261531625326746,0.20391511379610167,0.94651348178811,-0.8940597978576563,0.5572755793096228,0.43914285452085633,0.9913247673895139,0.6977048549594067,0.697286480235831,0.7800897140583554,0.6569916466788752,0.9737947693313198,0.36301851325586915,0.9568734734234743,0.28825483276132785,0.27201095792698127,0.24794637627217742,0.4245843452377309,0.339122353719166,0.8863702379567924,0.6927883032653437
0.3382535103540818,0.7355609176417298,0.7931191656935953,0.5369287018783497,0.33521034103077574,0.4686618135884626,0.9210114299433083,0.9684362580149342,0.927319201210884,0.7895369914396756,0.5608688282528682,0.8997453320964401,0.3625803003125428,0.7121587456409915,0.596332262809365,0.5478087839319514,0.9275171141814731,0.8412737090562354,0.706733889044279,0.573547520635505,0.825996197816056,0.07447904806702854,0.3867757443333939,0.7397638366562717,0.22617245541577882,0.2656969619040225,0.6232186072760146,0.8040803593760937,0.27483275954115827,0.010042650744978204,0.4126510843498343,0.5567372652890992
-0.9505265840736443,0.25300581334822053,-0.9714652044968098,0.4345588937289044,0.8113809880050238,0.8488983179955847,0.7815425186712259,0.8590857032832754,0.031239644465643673,0.5348224681600467,0.8926951971250219,0.07843434935146987,0.3830083518443135,0.23810449571649706,-0.7685233122342596,0.44654464186758275,0.021722003800897505,0.8875775892096229,0.02869161848814672,0.9609592296689596,0.0073175499702796964,0.6388902491501522,0.37576595546235303,0.019190019314807905,0.3878987232532167,0.2701627553622096,0.8658037560393077,0.26817719020852215,0.24882496917892866,0.09979156460543223,0.1371634522634974,0.002421734767808381
0.290083295376772,0.8796569994647027,0.7647438874839052,0.8666909363926161,0.8402585713457247,0.22225243254739735,0.7466171591379579,0.8662807828931666,0.03418114924733165,0.5467243485347475,-0.6454720700494122,0.8636492317221283,-0.16165106977425503,0.34756059100123704,-0.7596548648730163,0.30141302550828664,0.7799104460500506,0.7836524194790707,0.09982349799703966,0.0742045732498342,0.4669821115738056,0.907899033740045,0.5123953672035259,0.8367483178791886,0.5628329065962528,0.6555004955549377,0.16494464303011194,0.7755531755416895,0.20757898010621856,0.04480408811786246,0.012801686873673938,0.5732220399668659
-0.2514451435092506,0.8624058331462546,-0.5869175640138442,0.11071228571320711,-0.06514919141248882,0.8940780617743902,0.9058357743174327,0.1371871735628093,-0.9729878126213569,0.3007979883261228,0.241979851374302,0.39214992418921657,-0.5577588200470078,0.6689336684891233,-0.3752769888371469,0.7127638937734067,0.17961048591675233,0.0707072348718592,0.9151267922029218,0.9319612818725675,0.8125580559778841,0.6923433150366152,0.16235641949634388,0.030496372915108094,0.1115053578262358,0.08311392940737783,0.8203583979738988,0.42066366344132455,0.22311765239238862,0.0720388234378736,0.8850905958862879,0.47142439733063546
-0.19937711300349714,0.6528203942029558,-0.3291839442037032,0.4322548668021602,0.5542513616060036,0.7904584117715181,0.4661311432539863,0.15973836565510258,0.8467719010098058,0.7628744365605893,-0.5964023002795671,0.08621522139370763,0.9256323269151211,0.5160467908005484,0.9021679713170212,0.23924032686604246,0.25203287876583447,0.9247219732893643,0.08885657649062298,0.9900558383167184,0.33621893979010187,0.7399965377623708,0.07292008618866685,0.7215597135578735,0.04940277217744271,0.40503523987826057,0.20938851941483105,0.9606725796663361,0.8859914378201391,0.18904375341848367,0.7967992366979648,0.749437465302638
0.9710369063437492,0.8285839353507861,0.8758185828206672,0.5369287018783497,0.5228819572549059,0.47237485211845853,0.522302204881949,0.9684362580149342,0.9661836480489441,0.7913035336028694,0.8990830530977906,0.8997453320964401,0.20969555399555567,0.9440689779621967,0.6093309697226086,0.6382291629314057,0.019800230225493293,0.8412737090562354,0.175358336359291,0.6983561190660139,0.7793076489897199,0.09067078165911274,0.3858202436813129,0.7193207760062345,0.514166854964403,0.2656969619040225,0.12528560636478311,0.520751009530596,0.44143043378119473,0.009377907720778456,0.07826716855960014,0.693816503327356
0.2645737241320478,0.5667559211036205,-0.5634709479851443,0.2177255591019598,0.41711901440249477,0.8807760650237398,0.5078561448132941,0.8588427452460123,-0.9264319299558148,0.5493487669396907,-0.7913862990671952,0.08210472760853522,-0.6172821912295363,0.47901331956435056,-0.792556891478881,0.389891296222992,0.18747818945187378,0.5808343680714958,0.004814487122777322,0.1866922463336882,0.0016203290421911154,0.6075346361307326,0.8423440874888244,0.01929743502227968,0.17803350289248487,0.8327989204378752,0.28096577984291504,0.24941849679726324,0.37509856955444165,0.3336556069956249,0.2622160842336101,0.6927883032653437
-0.0653716288120969,0.1648459321903578,0.3310686431588381,0.31840547657901475,-0.9755368602012101,0.8159927707960559,-0.4827061250630149,0.2970262421245685,-0.1579550901043183,0.3078076972283533,-0.5991876853860374,0.7849739900599794,0.2140104460294651,0.08612075168356081,0.9628496563996434,0.5641068347581747,0.7383512088532447,0.40543850627065786,0.45617865786835654,0.9206727865923952,0.09637188220915,0.2686546715165994,0.19159903823716024,0.4622748659820025,0.020022915551979548,0.7915763196624624,0.4562208150417122,0.17085973540286892,0.08153496727696359,0.0971464633216243,0.40884643681461863,0.3160864661956096
0.25494562998239756,0.5667559211036205,-0.20916558174863575,0.014062732803753045,-0.09513680711738823,0.6425764893943282,0.48680671547771426,0.8417265572452515,-0.9415617389628077,0.5565303085090908,-0.8748490785367629,0.2718305279890065,-0.6177132238475489,0.49603552874656853,-0.7922533836423663,0.7707438493781902,0.18545050510297206,0.6118102664003742,0.004766477843339457,0.7614617305104192,0.7800897140583554,0.5967696008841602,0.8455449190079871,0.3212328689999616,0.17803350289248487,0.8371758576766124,0.24947126268356973,0.7981107037420594,0.37509856955444165,0.3214746706827528,0.012022926674931461,0.6927883032653437
0.25494562998239756,0.5667559211036205,-0.5617620317373169,0.014062732803753045,-0.09426148935039523,0.6425764893943282,0.48680671547771426,0.8420117191799448,-0.9264319299558148,0.5565303085090908,-0.7913862990671952,0.27246416418484926,-0.4003430958042995,0.37607638796327136,-0.792556891478881,0.29429040362961795,0.18545050510297206,0.6118102664003742,0.0009323869624097703,0.7614617305104192,0.7757472939668009,0.5966368310287335,0.5097500991026949,0.3190857496068953,0.17803350289248487,0.8371758576766124,0.12375076059007975,0.24941849679726324,0.37509856955444165,0.33117507189722545,0.013877723804130396,0.47616674353813554
-0.3722498700714436,0.1583806613577629,0.7647438874839052,0.8737337759749731,0.8402585713457247,0.005181542689915997,0.73336579655166,0.8429058569854397,-0.32513511311444354,0.16799218854128084,0.5711132560062953,0.3888082584473956,-0.15898284338734414,0.050240212912865956,-0.696419011634636,0.30407442509382937,0.005009482991241099,0.7836524194790707,0.102323311029482,0.0742045732498342,0.6316173343554654,0.05909988264465757,0.5078791321953781,0.9188280201475463,0.013937401009889524,0.22391707313861994,0.38128841548157644,0.5462476209241494,0.20757898010621856,0.11963879099071756,0.40574011929063925,0.482214494207585
0.8972700149223101,0.3889326924403711,0.4140873593234554,0.04927304658114312,0.20918407253408655,0.33094980782421823,0.8407750789516142,0.8345476458330179,0.5477817778080416,0.12848400707964908,0.8077798612522049,0.9466873913045979,-0.5177722624640325,0.016853063461157197,-0.3150677464353544,0.4870518582554271,0.4340131474222202,0.24513207763136363,0.19262763033871177,0.5788890666413814,0.2733245390301797,0.8122193203247429,0.8443906604402038,0.7926503366437618,0.3185740732630371,0.7390367530498219,0.16775011057354872,0.3129038661811069,0.4241226102891098,0.06982257386407115,0.006965608418183333,0.5851085995554941
-0.6963900392095762,0.31120221128423997,-0.9686666150477892,0.42906064138092836,0.8297617717148738,0.5127184032942094,0.9030994804768133,0.9770682469255108,0.07573565009447358,0.015566347835245298,0.9337029979061587,0.9276160811194291,0.21080681375875163,0.2387069830610561,0.14800408450602476,0.4889572669413572,0.012251821403329897,0.43103050163908296,0.20255516310613925,0.5940370393709227,0.6353058647478205,0.6369546592203411,0.38582229533746126,0.024337513606516037,0.39360025350400585,0.26101182192392625,0.7797171571418575,0.26817719020852215,0.2487519365239216,0.08725461785916055,0.07101041850400566,0.0828379774077379
-0.7126917461166219,0.8322382553925388,-0.8633484316154558,0.04927304658114312,0.20918407253408655,0.42550586441719906,0.7542949151609919,0.7855573209457208,0.01581236133269165,0.12848400707964908,0.9437667712227784,0.6416283702761973,-0.6411778813751361,0.5086286730046268,-0.3150677464353544,0.5483799400906999,0.4366428071170606,0.3672577837351515,0.19262763033871177,0.5788890666413814,0.6562096889893256,0.5986366002721805,0.6413845778622529,0.7191279182725558,0.3656537407533185,0.7378366999623205,0.1678881536167301,0.25320766138948614,0.37463683460582053,0.07002466828876552,0.9309664258837669,0.5715251983389896
0.1881146375665117,0.45561813247767036,0.38092008560524837,0.4844741646979427,-0.8448915120194478,0.21103071400002343,-0.2893142823074068,0.7947198562970643,0.5457855723413156,0.6116622651226289,-0.10692183185317,0.2579243370297061,0.23783237572175353,0.23711259520399683,0.8344663558555379,0.21273993172234007,0.08119593229915995,0.16370390061223908,0.8335667522641682,0.3768024671453417,0.2865742201742312,0.9011567556691762,0.060978844900048956,0.8457989139608553,0.25678396794815694,0.9482634569405776,0.7804151567741358,0.3088566147601183,0.645784570444794,0.28740611680496886,0.197556700371476,0.9392935410525662
0.6910986560313588,0.6010489524893317,0.9583785663367193,0.8142309409394398,0.21522392627680625,0.24100112460959655,-0.00242479066811363,0.975725975637857,-0.9789799521372397,0.6604810354899904,0.8080718043091883,0.8658732969914357,-0.04600474839946678,0.6396130680030623,0.005308010282280007,0.36154291774668645,0.9691025729501793,0.9079598759919372,0.2320493563495749,0.07908648784687078,0.7925564162459273,0.47001188483542244,0.6991124711212862,0.20533017571120027,0.9732765145921815,0.9180810409695283,0.662057311071046,0.9623310819354114,0.08795307493774296,0.6035275436464426,0.4699515861007701,0.8574639527645534
0.8746893796163038,0.3889326924403711,0.4391491886257521,0.04877834847521584,0.20918407253408655,0.3328403995163106,0.7551278316617246,0.834160730545614,0.5477817778080416,0.14542809171891563,0.7940707508138052,0.39156686500413324,-0.5224977375725569,0.016853063461157197,-0.3150677464353544,0.4870518582554271,0.21382113677889417,0.8732744630849703,0.21023178402568268,0.5788890666413814,0.2733245390301797,0.8122193203247429,0.8466274960998995,0.7926503366437618,0.9373259978016094,0.7390367530498219,0.16791318486897142,0.7879786691915547,0.4241226102891098,0.06982257386407115,0.9668567918781085,0.8735960454666396
0.7543615973917374,0.21420493026214033,0.050719904479773925,0.4376427791156946,0.8939629708987653,0.23897071513747836,0.6730018018168897,0.9555819595554703,-0.25125000115390383,0.1111789639862143,0.3529192530602318,0.08442608004613295,-0.4628175773763685,0.4941498211232199,-0.5198583954083924,0.7936840317315459,0.7996046804035281,0.8701031298389641,0.230538720312216,0.5107091423505493,0.5359184076484881,0.6373814918779622,0.7016774928716729,0.684911047196895,0.984101652761698,0.1372474079012007,0.10562106768792079,0.5373105131220894,0.3399818031406485,0.11464932744167193,0.07028461155448912,0.60945439038234
0.2774159131784135,0.5857650762789283,-0.5832200520665496,0.01455747541916512,-0.25174377505114764,0.6425764893943282,0.48597379868848756,0.8417311780834116,-0.4668481746814473,0.5493487669396907,-0.7766216858629797,0.9964087269899098,-0.6125567161210118,0.5298482699979857,0.5168950411747156,0.389891296222992,0.439127877103243,0.8629413461205986,0.0006440312447972135,0.7484001001250188,0.7795028174043355,0.7325798756412316,0.8455449190079871,0.3190857496068953,0.17803350289248487,0.8371758576766124,0.20269634727646255,0.2503857907188606,0.5345262687082813,0.6982393853042888,0.013877723804130396,0.6927883032653437
-0.4372299851695208,0.9377031067346588,-0.14886637556837956,0.16720130672400368,-0.25913011729491475,0.10194039395871768,0.5778915217035453,0.7971525324542609,0.7531380559087337,0.32808090857538696,-0.6054903823346134,0.5171246086540541,0.05265497976275424,0.19348123593054545,0.8347594127641934,0.754321272753032,0.7997219281834664,0.21505468970365635,0.8276688092457645,0.5665111713112402,0.430504657433303,0.19433988651267942,0.04926827888679719,0.8235506279445417,0.32734548527976753,0.6372838815052074,0.7833706978299765,0.7903828426885747,0.10792631741621922,0.253763141363806,0.9968964554629203,0.8775323499268171
0.4590241150508647,0.03556784190737172,-0.8345970388916178,0.19349182198356946,0.7948688276634692,0.0570876926081586,0.7975958093937451,0.974523924549532,-0.09214134461655679,0.620556603742151,-0.3307367281690308,0.15548987059361807,-0.16550068363375464,0.18650907500403893,0.32889876774291493,0.7409292901467486,0.6681429459929887,0.22027081914004226,0.6728241342561313,0.28902542575606205,0.6889211638512627,0.6177888653248692,0.36972242643504805,0.4702074386016444,0.644832231612089,0.6585672492723447,0.41620602830877373,0.5438846541532383,0.516148154243022,0.819920514754871,0.3070245793656329,0.5956572781627625
